co_regiao_pais,regiao_pais,co_uf,sg_uf,co_macrorregiao_saude,macrorregiao_de_saude,co_regiao_saude,regiao_de_saude,co_municipio,no_municipio,populacao_ibge_2022,nome_da_regiao,sigla_da_regiao,identificacao_da_faixa_populacional,ano_de_referencia,nome_do_orgao_responsavel_pela_gestao,sigla_do_orgao_responsavel_pela_gestao,abrangencia,natureza_juridica_do_orgao_municipal_responsavel,tipo_de_servico,taxa_de_empregados_por_habitante_urbano,despesa_por_empregado,incidencia_de_despesas_com_rsu_na_prefeitura,incidencia_de_despesas_com_empresas_contratadas,auto_suficiencia_financeira,despesas_per_capita_com_rsu,incidencia_de_empregados_proprios,incidencia_de_empreg_de_empr_contrat_no_total_de_empreg_no_manejo,incidencia_de_empreg_admin_no_total_de_empreg_no_manejo,receita_arrecadada_per_capita_com_servicos_de_manejo,tx_cobertura_da_coleta_rdo_em_relacao_a_pop_total,tx_cobertura_da_coleta_rdo_em_relacao_a_pop_urbana,tx_cobertura_de_coleta_direta_rdo_relativo_a_pop_urbana,taxa_de_terceirizacao_da_coleta,produtividades_media_de_coletadores_e_motorista,taxa_de_motoristas_e_coletadores_por_habitante_urbano,massa_rdo_rpu_coletada_per_capita_em_relacao_a_pop_urbana,massa_rdo_coletada_per_capita_em_relacao_a_pop_total_atendida,custo_unitario_da_coleta,incidencia_do_custo_da_coleta_no_custo_total_do_manejo,incidencia_de_emprega_da_coleta_no_total_de_empregados_no_manejo,relacao_quantidade_rcd_coletada_pela_pref_p_quant_total_rdo_rpu,relacao_quantidades_coletadas_de_rpu_por_rdo,massa_rdo_rpu_coletada_per_capita_em_relacao_a_populacao_total_atendida,massa_de_rcd_per_capita_ano_em_relacao_a_pop_urbana,taxa_de_cobertura_da_col_seletiva_porta_a_porta_em_relacao_a_pop_urbana,taxa_de_recuperacao_de_reciclaveis_em_relacao_a_quantidade_de_rdo_e_rpu,massa_recuperada_per_capita,relacao_entre_quantidades_da_coleta_seletiva_e_rdo,incid_de_papel_papelao_sobre_total_mat_recuperado,incid_de_plasticos_sobre_total_material_recuperado,incid_de_metais_sobre_total_material_recuperado,incid_de_vidros_sobre_total_de_material_recuperado,incidencia_de_outros_sobre_total_material_recuperado,massa_per_capita_recolhida_via_coleta_seletiva,massa_de_rss_coletada_per_capita,taxa_de_rss_sobre_rdo_rpu,taxa_de_terceirizacao_de_varredores,taxa_de_terceirizacao_de_varricao,custo_unitario_da_varricao,produtividade_media_do_varredores,taxa_de_varredores_por_habitante_urbano,incidencia_do_custo_da_varricao_no_custo_total_do_manejo,incidencia_de_varredores_no_total_de_empregados_no_manejo,extensao_total_anual_varrida_per_capita,taxa_de_capinadores_por_habitante_urbano,relacao_de_capinadores_no_total_de_empregados_no_manejo
2,Nordeste,29,BA,2917,CENTRO-LESTE (NRS - FEIRA SANTANA),29023,SEABRA,290010,BA - ABAIRA,7301,Nordeste,NE,1,2022,Prefeitura Municipal de Abaíra,PMA,Local,Administração pública direta,Res. Sólidos ,,14400.0,8.94,,,,100.0,0.0,,,44.86,,,0.0,,,,,,,,98.16,,0.77,,,,,,,,,,,,,,,,,,,,,,,
2,Nordeste,29,BA,2914,NORDESTE (NRS - ALAGOINHAS),29001,ALAGOINHAS,290030,BA - ACAJUTIBA,13795,Nordeste,NE,1,2022,Prefeitura Municipal de Acajutiba,PMA,Local,Empresa pública,Res. Sólidos ,,,1.31,97.48,,,,,,,90.76,,,97.52,,,,,43.36,62.37,,,,2.65,,,,,,,,,,,,,1.65,,,,,,33.32,,,,
2,Nordeste,29,BA,2914,NORDESTE (NRS - ALAGOINHAS),29019,RIBEIRA DO POMBAL,290035,BA - ADUSTINA,14201,Nordeste,NE,1,2022,PREFEITURA MUNICIPAL DE ADUSTINA,PMA,Local,Administração pública direta,Res. Sólidos ,,30765.64,1.35,100.0,,,0.0,100.0,11.54,,55.35,,,0.0,1840.26,,,,114.2,24.67,11.54,41.67,,0.6,,,,,,,,,,,,,0.21,100.0,,,,,71.26,38.46,,,38.46
2,Nordeste,29,BA,2917,CENTRO-LESTE (NRS - FEIRA SANTANA),29025,SERRINHA,290040,BA - AGUA FRIA,14497,Nordeste,NE,1,2022,SECRETARIA DE INFRAESTRUTURA E SERVICOS PÚBLICOS,SEINFRA,Local,Administração pública direta,Res. Sólidos ,,,3.24,,,,,,,,68.98,,,0.0,,,,,,,,8.38,,0.65,,,,,,,,,,,,,,,,,,,,,,,
2,Nordeste,29,BA,2910,SUL (NBS - ILHEUS),29015,JEQUIE,290060,BA - AIQUARA,4447,Nordeste,NE,1,2022,Prefeitura Municipal de Aiquara,PMA,Local,Administração pública direta,Res. Sólidos ,,68140.46,2.98,80.41,,,55.56,44.44,,,92.4,,,95.67,,,,,328.19,45.7,,44.5,,1.14,,,1.05,,,,,,,,,,0.15,,,,,,19.59,,,,
2,Nordeste,29,BA,2914,NORDESTE (NRS - ALAGOINHAS),29001,ALAGOINHAS,290070,BA - ALAGOINHAS,151055,Nordeste,NE,3,2022,SECRETARIA DE SERVIÇOS PÚBLICOS,SESEP,Local,Administração pública direta,Res. Sólidos ,,182002.82,4.14,99.12,5.17,,6.77,93.23,9.77,,94.08,,,100.0,3120.59,,,,154.85,29.17,32.33,,,0.88,,,2.21,,,52.63,41.71,3.18,0.99,1.49,,,,100.0,,,,,49.37,29.32,,,24.06
2,Nordeste,29,BA,2916,EXTREMO SUL (NRS - TEIXEIRA FREITAS),29026,TEIXEIRA DE FREITAS,290080,BA - ALCOBACA,24530,Nordeste,NE,1,2022,Prefeitura Municipal de Alcobaça,PMA,Local,Administração pública direta,Res. Sólidos ,,23200.0,0.74,0.0,,,100.0,0.0,24.0,,89.69,,,0.0,,,,,345.24,100.0,0.0,,,0.21,,,,,,,,,,,,,,,,,,,0.0,0.0,,,60.0
2,Nordeste,29,BA,2915,LESTE - (NRS - SALVADOR),29022,SANTO ANTONIO DE JESUS,290100,BA - AMARGOSA,36521,Nordeste,NE,2,2022,PREFEITURA MUNICIPAL DE AMARGOSA,PMA,Local,Administração pública direta,Res. Sólidos ,,54004.58,3.67,100.0,,,3.12,96.87,6.25,,90.63,,,100.0,2387.76,,,0.89,133.7,37.91,19.79,102.04,37.38,1.22,,,3.27,,4.67,66.67,23.33,10.0,0.0,0.0,,,0.04,100.0,100.0,147.34,1.81,,48.31,31.25,,,40.62
2,Nordeste,29,BA,2917,CENTRO-LESTE (NRS - FEIRA SANTANA),29006,FEIRA DE SANTANA,290110,BA - AMELIA RODRIGUES,24138,Nordeste,NE,1,2022,"Secretaria de Obras, Habitação e Serviços Publicos",SOSP,Local,Administração pública direta,Res. Sólidos ,,39955.56,5.91,100.0,,,0.0,100.0,11.11,,48.89,,,100.0,2076.68,,,1.28,153.54,55.51,22.22,,18.18,1.51,,,,,,,,,,,,,,100.0,,,,,44.49,26.67,,,22.22
2,Nordeste,29,BA,2917,CENTRO-LESTE (NRS - FEIRA SANTANA),29011,ITABERABA,290130,BA - ANDARAI,13080,Nordeste,NE,1,2022,Prefeitura Municipal de Andaraí,PMA,Local,Administração pública direta,Res. Sólidos ,,33574.45,4.01,0.0,,,100.0,0.0,,,76.45,,,0.0,,,,,118.93,33.41,,0.16,,1.4,,,,,,,,,,,,,,,,,,,54.17,,,,
2,Nordeste,29,BA,2913,NORTE - (NRS - JUAZEIRO),29024,SENHOR DO BONFIM,290135,BA - ANDORINHA,15012,Nordeste,NE,1,2022,Prefeitura Municipal de Andorinha,PMA,Local,Administração pública direta,Res. Sólidos ,,136363.64,5.56,,,,9.09,90.91,,,53.29,,,100.0,,,,,,,,,,0.51,,,2.03,,,,,,,,,,,,,,,,,,,,
2,Nordeste,29,BA,2912,OESTE (NBS - BARREIRAS),29002,BARREIRAS,290140,BA - ANGICAL,13732,Nordeste,NE,1,2022,Prefeitura Municipal de Angical,PMA,Local,Administração pública direta,Res. Sólidos ,,27877.91,2.76,22.27,,,83.72,16.28,4.65,,49.88,,,0.0,198.3,,,0.6,20.0,3.0,67.44,,20.0,0.72,,,,,,,,,,,,,1.53,0.0,,294.87,1.33,,92.24,20.93,,,6.98
2,Nordeste,29,BA,2917,CENTRO-LESTE (NRS - FEIRA SANTANA),29006,FEIRA DE SANTANA,290150,BA - ANGUERA,11031,Nordeste,NE,1,2022,Prefeitura Municipal de Anguera,PMA,Local,Administração pública direta,Res. Sólidos ,,2133.66,0.19,46.75,,,100.0,0.0,2.94,,48.55,,,0.0,3206.6,,,1.03,12.83,53.25,8.82,66.42,49.8,1.54,,,,,,,,,,,,,0.03,0.0,,,,,0.0,76.47,,,11.76
2,Nordeste,29,BA,2914,NORDESTE (NRS - ALAGOINHAS),29019,RIBEIRA DO POMBAL,290160,BA - ANTAS,14752,Nordeste,NE,1,2022,Prefeitura Municipal de Antas,PMA,Local,Administração pública direta,Res. Sólidos ,,30552.23,3.37,98.91,,,1.39,98.61,1.39,,63.72,,,100.0,2449.41,,,0.87,190.38,39.81,8.33,65.22,53.33,1.34,,,,,,,,,,,,,,100.0,,,,,59.1,76.39,,,13.89
2,Nordeste,29,BA,2913,NORTE - (NRS - JUAZEIRO),29024,SENHOR DO BONFIM,290180,BA - ANTONIO GONCALVES,10862,Nordeste,NE,1,2022,Prefeitura Municipal de Antônio Gonçalves,PMAG,Local,Administração pública direta,Res. Sólidos ,,36437.4,3.71,54.94,,,74.42,25.58,0.0,,93.29,,,100.0,580.89,,,,355.68,54.94,25.58,,,0.65,,,4.96,,,25.0,25.0,25.0,0.0,25.0,,,,0.0,,,,,43.47,67.44,,,6.98
2,Nordeste,29,BA,2911,SUDOESTE (NBS - VITORIA CONQUISTA),29003,BRUMADO,290200,BA - ARACATU,13936,Nordeste,NE,1,2022,Prefeitura Municipal de Aracatu,PMA,Local,Administração pública direta,Res. Sólidos ,,31302.68,2.91,51.63,,,58.93,41.07,8.93,,37.31,,,39.09,1353.83,,,1.15,55.6,10.75,14.29,,54.79,1.79,,,,,,,,,,,,,,57.14,,,,,74.58,62.5,,,12.5
2,Nordeste,29,BA,2917,CENTRO-LESTE (NRS - FEIRA SANTANA),29025,SERRINHA,290210,BA - ARACI,48294,Nordeste,NE,2,2022,Prefeitura Municipal de Araci,PMA,Local,Administração pública direta,Res. Sólidos ,,68940.17,5.45,98.76,,,1.71,98.29,18.8,,95.74,,,100.0,1144.83,,,,,,20.51,0.12,,0.51,,,,,,,,,,,,,,100.0,,,,,,28.21,,,32.48
2,Nordeste,29,BA,2914,NORDESTE (NRS - ALAGOINHAS),29001,ALAGOINHAS,290220,BA - ARAMARI,9833,Nordeste,NE,1,2022,PREFEITURA MUNICIPAL DE ARAMARI,PMA,Local,Administração pública direta,Res. Sólidos ,,25931.62,0.22,7.54,,,100.0,0.0,0.0,,48.68,,,0.0,2519.17,,,,32.89,100.0,100.0,18.26,,1.81,,,,,,,,,,,,,,,,,,,0.0,0.0,,,0.0
2,Nordeste,29,BA,2910,SUL (NBS - ILHEUS),29009,ILHEUS,290225,BA - ARATACA,10191,Nordeste,NE,1,2022,Prefeitura Municipal de Arataca,PMA,Local,Administração pública direta,Res. Sólidos ,,21960.0,2.12,100.0,,,0.0,100.0,2.63,,67.71,,,100.0,426.08,,,0.37,164.66,28.95,28.95,2.39,55.9,0.58,,,,,,,,,,,,,2.39,100.0,,,,,55.26,55.26,,,13.16
2,Nordeste,29,BA,2915,LESTE - (NRS - SALVADOR),29022,SANTO ANTONIO DE JESUS,290230,BA - ARATUIPE,8677,Nordeste,NE,1,2022,MUNICIPIO DE ARATUIPE,PMA,Local,Administração pública direta,Res. Sólidos ,,33152.24,2.33,,,,51.72,48.28,10.34,,73.93,,,100.0,920.13,,,,,,17.24,104.17,,0.61,,,,,,,,,,,,,0.14,0.0,,,,,,41.38,,,31.03
2,Nordeste,29,BA,2910,SUL (NBS - ILHEUS),29012,ITABUNA,290240,BA - AURELINO LEAL,11179,Nordeste,NE,1,2022,Prefeitura Municipal de Aurelino Leal,PMAL,Local,Administração pública direta,Res. Sólidos ,,22500.0,1.38,0.0,,,100.0,0.0,,,22.36,,,0.0,,,,,200.0,33.33,,6.67,,0.82,,,,,,,,,,,,,,,,,,,33.33,,,,
2,Nordeste,29,BA,2917,CENTRO-LESTE (NRS - FEIRA SANTANA),29006,FEIRA DE SANTANA,290260,BA - BAIXA GRANDE,18220,Nordeste,NE,1,2022,PREFEITURA MUNICIPAL DE BAIXA GRANDE,PMBG,Local,Administração pública direta,Res. Sólidos ,,28016.0,2.24,90.41,,,7.41,92.59,5.56,,70.94,,,100.0,729.74,,,1.34,105.95,52.79,61.11,,18.84,1.6,,,,,,,,,,,,,0.02,50.0,,,,,18.36,11.11,,,11.11
2,Nordeste,29,BA,2914,NORDESTE (NRS - ALAGOINHAS),29019,RIBEIRA DO POMBAL,290265,BA - BANZAE,11958,Nordeste,NE,1,2022,PREFEITURA MUNICIPAL DE BANZAÊ,PMB,Local,Administração pública direta,Res. Sólidos ,,66823.99,3.45,100.0,,,0.0,100.0,3.33,,94.29,,,100.0,2738.48,,,,80.24,24.02,23.33,,,1.46,,,,,,,,,,,,,,100.0,,,,,33.66,30.0,,,40.0
2,Nordeste,29,BA,2912,OESTE (NBS - BARREIRAS),29008,IBOTIRAMA,290270,BA - BARRA,51092,Nordeste,NE,2,2022,PREFEITURA MUNICIPAL DA BARRA,PMB,Local,Administração pública direta,Res. Sólidos ,,,2.02,100.0,,,,,,,45.02,,,100.0,,,,,259.29,61.99,,6.58,,1.3,,,,,,,,,,,,,0.03,,,,,,28.9,,,,
2,Nordeste,29,BA,2911,SUDOESTE (NBS - VITORIA CONQUISTA),29003,BRUMADO,290280,BA - BARRA DA ESTIVA,26026,Nordeste,NE,1,2022,PREFEITURA MUNICIPAL DE BARRA DA ESTIVA,PMBE,Local,Administração pública direta,Res. Sólidos ,,14292.49,1.74,62.91,,,29.9,70.1,3.09,,54.88,,,100.0,3079.87,,,1.66,11.8,7.38,9.28,,0.42,1.66,,,,,,,,,,,,,0.07,67.5,,,,,91.4,82.47,,,5.15
2,Nordeste,29,BA,2911,SUDOESTE (NBS - VITORIA CONQUISTA),29028,VITORIA DA CONQUISTA,290290,BA - BARRA DO CHOCA,36539,Nordeste,NE,2,2022,Prefeitura de Barra do Choça,PMBC,Local,Administração pública direta,Res. Sólidos ,,37736.84,0.62,71.13,,,0.0,100.0,10.53,,95.79,,,66.67,580.89,,,,300.0,83.68,57.89,,,0.23,,,,,,,,,,,,,,,,,,,4.18,0.0,,,31.58
2,Nordeste,29,BA,2918,CENTRO - NORTE (NRS - JACOBINA),29010,IRECE,290300,BA - BARRA DO MENDES,13836,Nordeste,NE,1,2022,Secretaria de Meio Ambiente,SEMA,Local,Administração pública direta,Res. Sólidos ,,53913.4,4.3,,1.0,,11.11,88.89,,,44.78,,,100.0,,,,,,,,49.0,,1.59,,,,,,,,,,,,,0.33,,,,,,,,,,
2,Nordeste,29,BA,2910,SUL (NBS - ILHEUS),29015,JEQUIE,290310,BA - BARRA DO ROCHA,5775,Nordeste,NE,1,2022,Prefeitura Municipal de Barra do Rocha,PMBR,Local,Administração pública direta,Res. Sólidos ,,44793.78,3.45,77.68,,,40.0,60.0,,,86.81,,,100.0,,,,0.98,,,,9.05,16.67,1.15,,,,,,,,,,,,,0.06,,,,,,,,,,
2,Nordeste,29,BA,2912,OESTE (NBS - BARREIRAS),29002,BARREIRAS,290320,BA - BARREIRAS,159734,Nordeste,NE,3,2022,Secretaria de Infra-Estrutura,SEINFRA,Local,Administração pública direta,Res. Sólidos ,,102693.16,2.92,,,,0.0,100.0,,,100.0,,,100.0,,,,,,,,,,0.45,,,0.3,,,25.0,37.5,25.0,0.0,12.5,,,,,,,,,,,,,
2,Nordeste,29,BA,2918,CENTRO - NORTE (NRS - JACOBINA),29010,IRECE,290323,BA - BARRO ALTO,13453,Nordeste,NE,1,2022,Secretari Municipal de Meio Ambiente e Desemvolvimento Sustentável,SMMADS,Local,Administração pública direta,Res. Sólidos ,,,7.66,0.0,,,,,,,55.61,,,0.0,1853.04,,,,275.86,49.76,10.2,3.48,,1.06,,,,,,,,,,,,,,0.0,,,,,31.58,40.82,,,4.08
2,Nordeste,29,BA,2911,SUDOESTE (NBS - VITORIA CONQUISTA),29028,VITORIA DA CONQUISTA,290350,BA - BELO CAMPO,18412,Nordeste,NE,1,2022,Prefeitura Municipal de Belo Campo,PMBC,Local,Administração pública direta,Res. Sólidos ,,48431.66,1.85,0.78,,,100.0,0.0,3.57,,51.25,,,14.73,2261.27,,,1.67,99.23,46.61,32.14,40.16,29.91,2.17,,,7.87,,,,,,,,,,0.06,0.0,,,,,45.12,50.0,,,7.14
2,Nordeste,29,BA,2917,CENTRO-LESTE (NRS - FEIRA SANTANA),29025,SERRINHA,290360,BA - BIRITINGA,15146,Nordeste,NE,1,2022,MUNICÍPIO DE BIRITINGA,BRT,Local,Administração pública direta,Res. Sólidos ,,24666.67,1.97,100.0,,,0.0,100.0,,,33.01,,,100.0,,,,1.15,476.19,90.09,,,0.0,1.15,,,,,,,,,,,,,0.48,,,,,,6.31,,,,
2,Nordeste,29,BA,2910,SUL (NBS - ILHEUS),29015,JEQUIE,290370,BA - BOA NOVA,13690,Nordeste,NE,1,2022,Prefeitura Municipal de Boa Nova,PMBN,Local,Administração pública direta,Res. Sólidos ,,24000.0,4.01,,,,2.33,97.67,4.65,,61.31,,,100.0,289.14,,,,,,9.3,,,0.12,,,,,,,,,,,,,,100.0,,,,,,55.81,,,25.58
2,Nordeste,29,BA,2917,CENTRO-LESTE (NRS - FEIRA SANTANA),29011,ITABERABA,290380,BA - BOA VISTA DO TUPIM,16873,Nordeste,NE,1,2022,Prefeitura Municipal de Boa Vista do Tupim,PMBVT,Local,Empresa pública,Res. Sólidos ,,13087.83,1.71,55.19,,,46.24,53.76,5.38,,65.64,,,100.0,709.82,,,1.07,65.46,27.48,24.73,0.02,18.01,1.26,,,0.22,,,27.27,18.18,36.36,9.09,9.09,,,0.02,45.45,,,,,26.29,23.66,,,9.68
2,Nordeste,29,BA,2912,OESTE (NBS - BARREIRAS),29021,SANTA MARIA DA VITORIA,290390,BA - BOM JESUS DA LAPA,65550,Nordeste,NE,2,2022,Prefeitura Municipal de Bom Jesus da Lapa,PM,Local,Administração pública direta,Res. Sólidos ,,38500.0,2.02,0.0,,,100.0,0.0,4.17,,81.24,,,26.53,1060.7,,,,144.58,25.97,20.83,36.73,,0.5,,,,,,,,,,,,,0.1,0.0,,,,,51.95,66.67,,,8.33
2,Nordeste,29,BA,2911,SUDOESTE (NBS - VITORIA CONQUISTA),29028,VITORIA DA CONQUISTA,290395,BA - BOM JESUS DA SERRA,9730,Nordeste,NE,1,2022,PREFEITURA MUNICIPAL DE BOM JESUS DA SERRA,BA,Local,Administração pública direta,Res. Sólidos ,,,3.2,0.0,,,,,,,54.16,,,0.0,,,,,320.47,27.76,0.0,,,0.57,,,,,,,,,,,,,,,,,,,30.61,0.0,,,0.0
2,Nordeste,29,BA,2917,CENTRO-LESTE (NRS - FEIRA SANTANA),29023,SEABRA,290400,BA - BONINAL,13622,Nordeste,NE,1,2022,PREFEITURA MUNICIPAL DE BONINAL,PMB,Local,Administração pública direta,Res. Sólidos ,,,4.6,74.9,0.91,,,,,,70.42,,,93.53,2252.4,,,,400.46,74.9,12.24,46.19,,1.24,,,,,,,,,,,,,0.02,33.33,46.15,43.66,1.38,,25.1,61.22,,,20.41
2,Nordeste,29,BA,2911,SUDOESTE (NBS - VITORIA CONQUISTA),29007,GUANAMBI,290420,BA - BOTUPORA,11024,Nordeste,NE,1,2022,Prefeitura Municipal de Botuporã,PMB,Local,Administração pública direta,Res. Sólidos ,,31562.7,2.12,,,,100.0,0.0,,,57.6,,,9.49,,,,,,,,,,0.47,,,1.09,,,25.0,41.67,8.33,25.0,0.0,,,,,,,,,,,,,
2,Nordeste,29,BA,2910,SUL (NBS - ILHEUS),29015,JEQUIE,290430,BA - BREJOES,12943,Nordeste,NE,1,2022,Prefeitura Municipal de Brejões,PMB,Local,Administração pública direta,Res. Sólidos ,,,3.39,9.72,,,,,,,73.4,,,61.64,685.96,,,,249.45,43.61,26.98,11.51,,1.05,,,,,,,,,,,,,0.01,0.0,,,,,44.64,47.62,,,17.46
2,Nordeste,29,BA,2912,OESTE (NBS - BARREIRAS),29008,IBOTIRAMA,290450,BA - BROTAS DE MACAUBAS,11765,Nordeste,NE,1,2022,Prefeitura Municipal de Brotas de Macaúbas,PMBM,Local,Administração pública direta,Res. Sólidos ,,,1.14,,,,,,,,56.35,,,25.0,1277.96,,,,,,20.0,200.0,,0.83,,,,,,,,,,,,,,0.0,,,,,,40.0,,,20.0
2,Nordeste,29,BA,2911,SUDOESTE (NBS - VITORIA CONQUISTA),29003,BRUMADO,290460,BA - BRUMADO,70510,Nordeste,NE,2,2022,Prefeitura Municipal de Brumado,PMB,Local,Administração pública direta,Res. Sólidos ,,56365.16,2.16,100.0,,,0.0,100.0,3.64,,81.83,,,100.0,2968.58,,,,111.47,40.46,21.82,,,1.07,,,1.57,,,73.66,18.19,5.04,1.7,1.41,,,0.04,100.0,,,,,55.63,36.36,,,27.27
2,Nordeste,29,BA,2910,SUL (NBS - ILHEUS),29012,ITABUNA,290470,BA - BUERAREMA,14804,Nordeste,NE,1,2022,Prefeitura Municipal de Buerarema,PMB,Local,Administração pública direta,Res. Sólidos ,,6040.28,2.42,17.22,,,100.0,0.0,0.0,,67.55,,,14.88,71.57,,,,148.81,27.59,50.0,,,0.18,,,,,,,,,,,,,1.49,0.0,,,,,27.59,33.33,,,16.67
2,Nordeste,29,BA,2912,OESTE (NBS - BARREIRAS),29008,IBOTIRAMA,290475,BA - BURITIRAMA,19589,Nordeste,NE,1,2022,PREFEITURA MUNICIPAL DE BURITIRAMA,PMB,Local,Administração pública direta,Res. Sólidos ,,19309.82,1.06,8.64,,,100.0,0.0,,,40.18,,,0.0,,,,,98.89,23.64,,,,0.63,,,,,,,,,,,,,0.44,,,55.77,,,67.72,,,,
2,Nordeste,29,BA,2911,SUDOESTE (NBS - VITORIA CONQUISTA),29013,ITAPETINGA,290480,BA - CAATIBA,6205,Nordeste,NE,1,2022,Prefeitura Municipal de Caatiba,PMC,Local,Administração pública direta,Res. Sólidos ,,26495.6,1.73,1.64,,,100.0,0.0,5.0,,93.71,,,0.0,766.77,,,,157.3,42.75,30.0,,,0.68,,,2.64,,,63.16,31.58,5.26,0.0,0.0,,,0.07,0.0,,,,,52.31,50.0,,,10.0
2,Nordeste,29,BA,2915,LESTE - (NRS - SALVADOR),29005,CRUZ DAS ALMAS,290485,BA - CABACEIRAS DO PARAGUACU,16559,Nordeste,NE,1,2022,PREFEITURA MUNICIPAL DE CABACEIRAS DO PARAGUAÇU,PMCP,Local,Administração pública direta,Res. Sólidos ,,47500.0,5.99,48.18,,,40.38,59.62,17.31,,49.52,,,62.5,2268.37,,,,197.18,56.68,19.23,0.37,,2.67,,,,,,,,,,,,,0.11,70.0,,,,,15.38,19.23,,,15.38
2,Nordeste,29,BA,2911,SUDOESTE (NBS - VITORIA CONQUISTA),29007,GUANAMBI,290500,BA - CACULE,22462,Nordeste,NE,1,2022,Prefeitura Municipal de Caculé,PMC,Local,Administração pública direta,Res. Sólidos ,,23640.0,3.24,92.89,,,2.0,98.0,2.0,,62.33,,,9.22,524.49,,,,276.5,25.38,12.0,,,0.21,,,2.95,,,62.5,15.62,9.37,6.25,6.25,,,1.11,100.0,,,,,65.48,44.0,,,20.0
2,Nordeste,29,BA,2918,CENTRO - NORTE (NRS - JACOBINA),29014,JACOBINA,290510,BA - CAEM,10384,Nordeste,NE,1,2022,Prefeitura Municipal de Caém,PMC,Local,Administração pública direta,Res. Sólidos ,,26093.38,2.34,97.72,,,2.63,97.37,0.0,,34.19,,,100.0,241.07,,,,464.9,38.92,28.95,103.61,,0.64,,,,,,,,,,,,,0.25,100.0,,,,,58.38,42.11,,,28.95
2,Nordeste,29,BA,2911,SUDOESTE (NBS - VITORIA CONQUISTA),29007,GUANAMBI,290520,BA - CAETITE,52012,Nordeste,NE,2,2022,SECRETARIA MUNICIPAL DE MEIO AMBIENTE E LIMPEZA PÚBLICA,SEMMA,Local,Administração pública direta,Res. Sólidos ,,,0.53,4.23,,,,,,,100.0,,,13.64,137.96,,,0.08,293.73,59.04,22.34,,37.5,0.12,,,11.36,,18.75,60.0,24.0,16.0,0.0,0.0,,,,0.0,,,,,8.66,53.3,,,14.72
2,Nordeste,29,BA,2910,SUL (NBS - ILHEUS),29012,ITABUNA,290560,BA - CAMACAN,22579,Nordeste,NE,1,2022,PREFEITURA MUNICIPAL DE CAMACÃ,PMC,Local,Administração pública direta,Res. Sólidos ,,,4.06,1.48,,,,,,,83.04,,,0.45,1233.56,,,,185.39,38.68,17.76,12.92,,1.07,,,0.15,,,41.67,29.63,2.78,4.63,21.3,,,0.65,0.0,,,,,44.99,59.81,,,6.54
2,Nordeste,29,BA,2915,LESTE - (NRS - SALVADOR),29004,CAMACARI,290570,BA - CAMACARI,300372,Nordeste,NE,4,2022,Limpec - Limpeza Pública de Camaçari,LIMPEC,Local,Empresa pública,Res. Sólidos ,,89924.99,3.98,97.83,44.8,,2.9,97.1,9.29,,97.91,,,100.0,2604.39,,,,181.76,29.41,17.85,98.81,,0.93,,,0.06,,,33.87,8.51,1.77,32.45,23.4,,,0.26,100.0,100.0,197.04,,,32.81,38.32,,,21.92
2,Nordeste,29,BA,2913,NORTE - (NRS - JUAZEIRO),29016,JUAZEIRO,290590,BA - CAMPO ALEGRE DE LOURDES,30671,Nordeste,NE,2,2022,Prefeitura Municipal Campo Alegre de Lourdes,PM,Local,Administração pública direta,Res. Sólidos ,,94564.27,1.38,,,,100.0,0.0,13.33,,53.14,,,0.02,6391.05,,,,,,33.33,0.03,,1.68,,,,,,,,,,,,,0.0,0.0,,,,,,33.33,,,20.0
2,Nordeste,29,BA,2912,OESTE (NBS - BARREIRAS),29021,SANTA MARIA DA VITORIA,290610,BA - CANAPOLIS,10225,Nordeste,NE,1,2022,Prefeitura Municipal de Canápolis,PMC,Local,Administração pública direta,Res. Sólidos ,,54728.47,1.51,100.0,,,0.0,100.0,0.0,,63.57,,,100.0,852.4,,,,231.23,46.97,41.67,,,0.56,,,,,,,,,,,,,,100.0,,,,,47.7,58.33,,,0.0
2,Nordeste,29,BA,2917,CENTRO-LESTE (NRS - FEIRA SANTANA),29006,FEIRA DE SANTANA,290640,BA - CANDEAL,7772,Nordeste,NE,1,2022,Prefeitura Municipal de Candeal,PMC,Local,Administração pública direta,Res. Sólidos ,,24545.45,5.68,,,,100.0,0.0,9.09,,100.0,,,6.25,287.54,,,,,,22.73,0.1,,0.34,,,4.79,,,39.13,41.3,2.17,8.7,8.7,,,0.19,0.0,,,,,,45.45,,,22.73
2,Nordeste,29,BA,2915,LESTE - (NRS - SALVADOR),29020,SALVADOR,290650,BA - CANDEIAS,72382,Nordeste,NE,2,2022,Secretaria Municipal de Serviços Públicos,SESP,Local,Administração pública direta,Res. Sólidos ,,94345.8,4.45,100.0,14.09,,0.0,100.0,,,97.4,,,100.0,,,,,229.2,52.13,,154.99,,1.42,,,,,,,,,,,,,,,100.0,134.02,,,27.16,,,,
2,Nordeste,29,BA,2911,SUDOESTE (NBS - VITORIA CONQUISTA),29007,GUANAMBI,290660,BA - CANDIBA,13016,Nordeste,NE,1,2022,Prefeitura Municipal de Candiba,BA,Local,Administração pública direta,Res. Sólidos ,,49480.71,10.0,44.38,,,0.0,100.0,,,58.39,,,79.89,,,,,,,,,,0.91,,,0.76,,,78.95,15.79,5.26,0.0,0.0,,,,,,,,,,,,,
2,Nordeste,29,BA,2911,SUDOESTE (NBS - VITORIA CONQUISTA),29028,VITORIA DA CONQUISTA,290670,BA - CANDIDO SALES,25247,Nordeste,NE,1,2022,Prefeitura Municipal de Cândido Sales,PMCS,Local,Administração pública direta,Res. Sólidos ,,9559.37,0.31,0.0,,,100.0,0.0,,,68.19,,,0.08,,,,,10.83,21.25,,33.31,,0.96,,,,,,,,,,,,,1.3,,,,,,65.9,,,,
2,Nordeste,29,BA,2917,CENTRO-LESTE (NRS - FEIRA SANTANA),29025,SERRINHA,290680,BA - CANSANCAO,37439,Nordeste,NE,2,2022,Prefeitura Municipal de Cansanção,PMC,Local,Administração pública direta,Res. Sólidos ,,27633.19,2.1,21.55,,,99.36,0.64,0.64,,100.0,,,0.0,2795.53,,,2.93,81.79,79.18,30.57,1.9,5.0,3.07,,,0.48,,,,,,,,,,0.0,0.0,,,,,18.44,51.59,,,12.74
2,Nordeste,29,BA,2913,NORTE - (NRS - JUAZEIRO),29016,JUAZEIRO,290682,BA - CANUDOS,16105,Nordeste,NE,1,2022,PREFEITURA MUNICIPAL DE CANUDOS,PMC,Local,Administração pública direta,Res. Sólidos ,,23490.58,1.9,0.0,,,100.0,0.0,3.28,,54.6,,,0.0,1607.29,,,1.88,46.89,19.76,19.67,173.68,0.0,1.88,,,,,,,,,,,,,,0.0,,,,,78.67,72.13,,,4.92
2,Nordeste,29,BA,2917,CENTRO-LESTE (NRS - FEIRA SANTANA),29006,FEIRA DE SANTANA,290685,BA - CAPELA DO ALTO ALEGRE,10744,Nordeste,NE,1,2022,PREFEITURA MUNICIPAL DE CAPELA DO ALTO ALEGRE PMCAA,PMCAA,Local,Administração pública direta,Res. Sólidos ,,,7.43,,,,,,,,93.08,,,9.42,813.96,,,,,,17.11,15.1,,0.91,,,,,,,,,,,,,,34.48,,,,,,38.16,,,19.74
2,Nordeste,29,BA,2918,CENTRO - NORTE (NRS - JACOBINA),29014,JACOBINA,290687,BA - CAPIM GROSSO,33235,Nordeste,NE,2,2022,PREFEITURA MUNICIPAL DE CAPIM GROSSO,PMCG,Local,Administração pública direta,Res. Sólidos ,,65663.26,5.68,81.03,,,52.44,47.56,13.41,,82.15,,,0.0,1763.58,,,,304.18,77.96,30.49,78.26,,1.38,,,,,,,,,,,,,,12.5,,,,,18.97,48.78,,,4.88
2,Nordeste,29,BA,2916,EXTREMO SUL (NRS - TEIXEIRA FREITAS),29026,TEIXEIRA DE FREITAS,290690,BA - CARAVELAS,20580,Nordeste,NE,1,2022,PREFEITURA MUNICIPAL DE CARAVELAS,BA,Local,Administração pública direta,Res. Sólidos ,,23625.0,6.65,0.0,,,100.0,0.0,9.33,,100.0,,,0.0,276.89,,,,668.23,98.05,40.0,,,0.69,,,,,,,,,,,,,,,,,,,0.0,0.0,,,4.0
2,Nordeste,29,BA,2914,NORDESTE (NRS - ALAGOINHAS),29001,ALAGOINHAS,290700,BA - CARDEAL DA SILVA,8365,Nordeste,NE,1,2022,Prefeitura Municipal de Cardeal da Silva-Ba,PMCS,Local,Administração pública direta,Res. Sólidos ,,28076.71,1.27,100.0,,,0.0,100.0,,,67.94,,,100.0,,,,,240.36,96.05,,,,1.35,,,2.42,,,,,,,,,,0.11,,,,,,0.0,,,,
2,Nordeste,29,BA,2911,SUDOESTE (NBS - VITORIA CONQUISTA),29007,GUANAMBI,290710,BA - CARINHANHA,28869,Nordeste,NE,1,2022,PREFEITURA MUNICIPAL DE CARINHANHA,PMC,Local,Administração pública direta,Res. Sólidos ,,1808.7,0.21,50.0,,,0.0,100.0,,,86.6,,,0.0,,,,,7.17,73.08,,,,2.32,,,,,,,,,,,,,,,,,,,26.92,,,,
2,Nordeste,29,BA,2913,NORTE - (NRS - JUAZEIRO),29016,JUAZEIRO,290720,BA - CASA NOVA,72086,Nordeste,NE,2,2022,Prefeitura Municipal de Casa Nova,PMCN,Local,Administração pública direta,Res. Sólidos ,,14941.95,1.7,78.8,,,100.0,0.0,1.0,,97.11,,,100.0,4647.11,,,,79.16,84.76,11.0,40.25,,1.25,,,,,,,,,,,,,0.01,0.0,,,,,12.84,88.0,,,0.0
2,Nordeste,29,BA,2915,LESTE - (NRS - SALVADOR),29022,SANTO ANTONIO DE JESUS,290730,BA - CASTRO ALVES,24712,Nordeste,NE,1,2022,PREFEITURA MUNICIPAL DE CASTRO ALVES,PMCA,Local,Administração pública direta,Res. Sólidos ,,,0.8,,,,,,,,61.71,,,0.0,,,,,,,,50.0,,1.94,,,,,,,,,,,,,0.06,,,,,,,,,,
2,Nordeste,29,BA,2912,OESTE (NBS - BARREIRAS),29002,BARREIRAS,290740,BA - CATOLANDIA,3434,Nordeste,NE,1,2022,Prefeitura Municipal,PMC,Local,Administração pública direta,Res. Sólidos ,,,0.64,,,,,,,,37.51,,,0.0,,,,,,,,,,1.79,,,,,,,,,,,,,,,,,,,,,,,
2,Nordeste,29,BA,2914,NORDESTE (NRS - ALAGOINHAS),29001,ALAGOINHAS,290750,BA - CATU,48148,Nordeste,NE,2,2022,Secretaria de Serviços Públicos,SESP,Local,Administração pública direta,Res. Sólidos ,,39541.49,2.95,94.36,,,9.52,90.48,5.56,,98.09,,,100.0,2774.48,,,,136.83,40.54,13.49,102.72,,0.86,,,,,,,,,,,,,0.07,100.0,100.0,147.48,,,51.86,57.94,,,16.67
2,Nordeste,29,BA,2911,SUDOESTE (NBS - VITORIA CONQUISTA),29003,BRUMADO,290755,BA - CATURAMA,8841,Nordeste,NE,1,2022,Prefeitura Municipal de Caturama,PMC,Local,Administração pública direta,Res. Sólidos ,,7379.31,0.56,,,,100.0,0.0,3.45,,66.73,,,0.0,739.46,,,,,,20.69,,,0.64,,,,,,,,,,,,,,0.0,,,,,,51.72,,,20.69
2,Nordeste,29,BA,2918,CENTRO - NORTE (NRS - JACOBINA),29010,IRECE,290760,BA - CENTRAL,16348,Nordeste,NE,1,2022,PREFEITURA MUNICIPAL DE CENTRAL,PMC,Local,Administração pública direta,Res. Sólidos ,,38431.37,2.99,63.27,,,68.63,31.37,3.92,,99.24,,,48.15,718.85,,,0.2,444.44,61.22,23.53,3.7,125.0,0.46,,,,,,,,,,,,,0.37,20.0,,,,,36.73,49.02,,,11.76
2,Nordeste,29,BA,2913,NORTE - (NRS - JUAZEIRO),29017,PAULO AFONSO,290770,BA - CHORROCHO,10579,Nordeste,NE,1,2022,SECRETARIA DE OBRAS E INFRAESTRUTURA,SECINFRA,Local,Administração pública direta,Res. Sólidos ,,50774.88,2.58,,,,4.0,96.0,,,28.36,,,0.0,,,,,,,,100.0,,0.23,,,,,,,,,,,,,,,,,,,,,,,
2,Nordeste,29,BA,2914,NORDESTE (NRS - ALAGOINHAS),29019,RIBEIRA DO POMBAL,290780,BA - CICERO DANTAS,30749,Nordeste,NE,2,2022,Prefeitura Municipal de Cícero Dantas,PMCD,Local,Administração pública direta,Res. Sólidos ,,29861.11,3.54,87.23,,,14.94,85.06,7.79,,87.81,,,98.9,1172.8,,,0.32,165.57,30.4,14.94,13.62,164.26,0.86,,,,,,,,,,,,,0.07,87.63,,,,,51.7,62.99,,,11.69
2,Nordeste,29,BA,2914,NORDESTE (NRS - ALAGOINHAS),29019,RIBEIRA DO POMBAL,290790,BA - CIPO,17230,Nordeste,NE,1,2022,"Secretaria de Agricultura, Aquicultura Meio Ambiente e Desenvolvimento Sustentavel",seamades,Local,Administração pública direta,Res. Sólidos ,,7260.27,0.8,100.0,,,2.74,97.26,5.48,,81.25,,,100.0,1847.71,,,1.35,25.22,66.04,32.88,,101.74,2.72,,,,,,,,,,,,,,100.0,,,,,24.53,43.84,,,9.59
2,Nordeste,29,BA,2910,SUL (NBS - ILHEUS),29012,ITABUNA,290800,BA - COARACI,17333,Nordeste,NE,1,2022,PREFEITURA MUNICIPAL DE COARACi,PMC,Local,Administração pública direta,Res. Sólidos ,,,1.5,2.95,,,,,,,100.0,,,0.0,,,,,200.0,88.45,,53.33,,0.57,,,,,,,,,,,,,0.28,,,,,,8.6,,,,
2,Nordeste,29,BA,2912,OESTE (NBS - BARREIRAS),29021,SANTA MARIA DA VITORIA,290810,BA - COCOS,19151,Nordeste,NE,1,2022,Prefeitura Municipal de Cocos,PMC,Local,Administração pública direta,Res. Sólidos ,,37941.18,2.63,,,,17.65,82.35,0.0,,73.1,,,0.0,2076.68,,,0.98,,,14.71,107.69,30.0,1.27,,,,,,,,,,,,,2.31,84.0,,,,,,73.53,,,8.82
2,Nordeste,29,BA,2915,LESTE - (NRS - SALVADOR),29005,CRUZ DAS ALMAS,290820,BA - CONCEICAO DA FEIRA,20800,Nordeste,NE,1,2022,Secretaria Municipal de Infraestrutura e Serviços Públicos,SEINFRA,Local,Administração pública direta,Res. Sólidos ,,39727.08,3.57,60.66,,,87.69,12.31,7.69,,96.15,,,78.66,2339.46,,,0.63,187.08,42.44,12.31,204.85,27.13,0.8,,,,,,,,,,,,,0.04,0.0,,,,,39.34,70.77,,,9.23
2,Nordeste,29,BA,2915,LESTE - (NRS - SALVADOR),29022,SANTO ANTONIO DE JESUS,290830,BA - CONCEICAO DO ALMEIDA,15794,Nordeste,NE,1,2022,Prefeitura Municipal de Conceição do Almeida,PMCA,Local,Administração pública direta,Res. Sólidos ,,32392.86,2.56,19.85,,,100.0,0.0,5.36,,78.52,,,0.0,5431.31,,,,31.06,14.55,8.93,2.24,,1.88,,,,,,,,,,,,,2.85,0.0,,,,,60.09,62.5,,,23.21
2,Nordeste,29,BA,2917,CENTRO-LESTE (NRS - FEIRA SANTANA),29025,SERRINHA,290840,BA - CONCEICAO DO COITE,67825,Nordeste,NE,2,2022,PREFEITURA MUNICIPAL DE CONCEIÇÃO DO COITÉ,PMCC,Local,Administração pública direta,Res. Sólidos ,,42556.22,8.22,71.88,,,50.62,49.38,3.7,,97.65,,,99.43,2361.83,,,0.81,185.82,53.8,16.67,0.71,8.31,0.87,,,0.71,,,,,,,,,,,37.84,,,,,41.27,68.52,,,9.26
2,Nordeste,29,BA,2917,CENTRO-LESTE (NRS - FEIRA SANTANA),29006,FEIRA DE SANTANA,290850,BA - CONCEICAO DO JACUIPE,35308,Nordeste,NE,2,2022,Município de Conceição do Jacuipe,PMCJ,Local,Administração pública direta,Res. Sólidos ,,,3.26,100.0,,,,,,,82.47,,,100.0,,,,0.44,12.8,3.38,,45.38,126.96,0.99,,,,,,,,,,,,,,83.33,1.46,95.01,0.81,,32.55,80.6,,,
2,Nordeste,29,BA,2915,LESTE - (NRS - SALVADOR),29004,CAMACARI,290860,BA - CONDE,23654,Nordeste,NE,1,2022,Secretaria Municipal de Gestão de Obras Públicas Urbanismo e Serviços Públicos,SEMOS,Local,Administração pública direta,Res. Sólidos ,,30584.79,1.31,100.0,,,0.0,100.0,2.5,,98.23,,,100.0,1963.54,,,1.12,39.73,33.93,42.5,38.29,10.43,1.23,,,,,,,,,,,,,,100.0,,,,,58.69,42.5,,,7.5
2,Nordeste,29,BA,2911,SUDOESTE (NBS - VITORIA CONQUISTA),29003,BRUMADO,290880,BA - CONTENDAS DO SINCORA,4333,Nordeste,NE,1,2022,Prefeitura Municipal de Contendas do Sincorá,PMCS,Local,Administração pública direta,Res. Sólidos ,,20538.69,3.64,93.93,,,6.9,93.1,3.45,,46.23,,,100.0,1309.9,,,1.4,61.68,21.23,17.24,14.15,100.0,2.8,,,,,,,,,,,,,0.46,100.0,,,,,60.65,68.97,,,6.9
2,Nordeste,29,BA,2917,CENTRO-LESTE (NRS - FEIRA SANTANA),29006,FEIRA DE SANTANA,290890,BA - CORACAO DE MARIA,26692,Nordeste,NE,1,2022,Secretaria de Desenvolvimento Econômico e Meio Ambiente,SEMDEMA,Local,Administração pública direta,Res. Sólidos ,,,0.36,17.04,,,,,,,54.32,,,0.0,2468.58,,,,15.88,20.35,4.23,,,0.44,,,,,,,,,,,,,,0.0,,,,,2.21,9.86,,,45.07
2,Nordeste,29,BA,2911,SUDOESTE (NBS - VITORIA CONQUISTA),29028,VITORIA DA CONQUISTA,290900,BA - CORDEIROS,7546,Nordeste,NE,1,2022,Prefeitura Municipal de Cordeiros,PMC,Local,Administração pública direta,Res. Sólidos ,,24120.0,2.69,0.0,,,100.0,0.0,3.12,,49.68,,,0.0,915.87,,,0.4,76.35,8.51,9.37,,56.36,0.63,,,,,,,,,,,,,,0.0,,,,,91.49,78.12,,,9.37
2,Nordeste,29,BA,2912,OESTE (NBS - BARREIRAS),29021,SANTA MARIA DA VITORIA,290910,BA - CORIBE,13990,Nordeste,NE,1,2022,PREFEITURA MUNICIPAL DE CORIBE,PMC,Local,Administração pública direta,Res. Sólidos ,,37819.58,4.11,,,,26.87,73.13,,,57.73,,,100.0,,,,,,,,8.97,,2.1,,,,,,,,,,,,,0.19,,,,,,,,,,
2,Nordeste,29,BA,2914,NORDESTE (NRS - ALAGOINHAS),29019,RIBEIRA DO POMBAL,290920,BA - CORONEL JOAO SA,17056,Nordeste,NE,1,2022,SECRETARIA DE AGRICULTURA E MEIO AMBIENTE,SECMA,Local,Administração pública direta,Res. Sólidos ,,29273.35,2.03,,,,100.0,0.0,,,41.14,,,0.0,,,,,,,,,,0.29,,,,,,,,,,,,,,,,,,,,,,,
2,Nordeste,29,BA,2912,OESTE (NBS - BARREIRAS),29021,SANTA MARIA DA VITORIA,290930,BA - CORRENTINA,32457,Nordeste,NE,2,2022,Prefeitura Municipal de Correntina,PMC,Local,Administração pública direta,Res. Sólidos ,,65725.0,2.5,,,,0.0,100.0,,,65.04,,,100.0,,,,,,,,,,1.05,,,,,,,,,,,,,0.05,,,,,,,,,,
2,Nordeste,29,BA,2912,OESTE (NBS - BARREIRAS),29002,BARREIRAS,290940,BA - COTEGIPE,13063,Nordeste,NE,1,2022,PREFEITURA MUNICIPAL DE COTEGIPE,PMC,Local,Administração pública direta,Res. Sólidos ,,13985.78,0.84,13.89,,,100.0,0.0,2.86,,71.19,,,0.0,586.49,,,,79.23,20.8,20.0,7.39,,0.38,,,,,,,,,,,,,,0.0,,,,,65.31,51.43,,,8.57
2,Nordeste,29,BA,2910,SUL (NBS - ILHEUS),29015,JEQUIE,290950,BA - CRAVOLANDIA,4415,Nordeste,NE,1,2022,SERVIÇO DE LIMPEZA URBANA,PMC,Local,Administração pública direta,Res. Sólidos ,,25621.71,2.07,89.19,,,28.57,71.43,9.52,,87.2,,,0.0,935.21,,,0.64,270.57,73.6,23.81,81.99,62.33,1.04,,,0.06,,0.18,77.78,22.22,0.0,0.0,0.0,,,0.61,63.64,,,,,22.59,52.38,,,14.29
2,Nordeste,29,BA,2914,NORDESTE (NRS - ALAGOINHAS),29001,ALAGOINHAS,290960,BA - CRISOPOLIS,19729,Nordeste,NE,1,2022,Prefeitura Municipal de Crisopolis,PMC,Local,Administração pública direta,Res. Sólidos ,,28290.57,6.66,,,,60.38,39.62,0.0,,93.77,,,100.0,513.65,,,,,,39.62,,,1.0,,,,,,,,,,,,,,0.0,,,,,,45.28,,,15.09
2,Nordeste,29,BA,2912,OESTE (NBS - BARREIRAS),29002,BARREIRAS,290970,BA - CRISTOPOLIS,13993,Nordeste,NE,1,2022,Prefeitura Municipal de Cristópolis,PMC,Local,Administração pública direta,Res. Sólidos ,,44173.99,2.53,,,,6.45,93.55,,,60.05,,,0.0,,,,,,,,4.14,,0.39,,,,,,,,,,,,,,,,,,,,,,,
2,Nordeste,29,BA,2915,LESTE - (NRS - SALVADOR),29005,CRUZ DAS ALMAS,290980,BA - CRUZ DAS ALMAS,60348,Nordeste,NE,2,2022,Prefeitura Municipal de Cruz Das Almas,PMCA,Local,Administração pública direta,Res. Sólidos ,,,3.14,,,,,,,,96.11,,,0.0,,,,,,,,,,1.06,,,,,,,,,,,,,,,,,,,,,,,
2,Nordeste,29,BA,2913,NORTE - (NRS - JUAZEIRO),29016,JUAZEIRO,290990,BA - CURACA,34180,Nordeste,NE,2,2022,PREFEITURA MUNICIPAL DE CURAÇÁ BAHIA,PMC,Local,Administração pública direta,Res. Sólidos ,,70576.86,2.15,0.0,,,100.0,0.0,8.57,,70.22,,,2.66,1022.36,,,,175.78,18.22,22.86,,,0.3,,,,,,,,,,,,,,0.0,,,,,47.61,22.86,,,22.86
2,Nordeste,29,BA,2915,LESTE - (NRS - SALVADOR),29004,CAMACARI,291005,BA - DIAS D'AVILA,71485,Nordeste,NE,2,2022,MUNICIPIO DE DIAS D'AVILA,PMDD,Local,Administração pública direta,Res. Sólidos ,,,3.57,50.1,6.38,,,,,,96.82,,,100.0,1606.44,,,0.54,195.69,29.93,12.98,63.4,0.0,0.54,,,,,,,,,,,,,0.08,40.0,28.32,198.99,1.98,,69.31,24.04,,,50.96
2,Nordeste,29,BA,2911,SUDOESTE (NBS - VITORIA CONQUISTA),29003,BRUMADO,291010,BA - DOM BASILIO,11884,Nordeste,NE,1,2022,SECRETARIA MUNICIPAL DE MEIO AMBIENTE E RECURSOS HÍDRICOS,SEMMARH,Local,Administração pública direta,Res. Sólidos ,,71357.0,2.69,,,,0.0,100.0,5.56,,50.49,,,100.0,2308.95,,,,,,16.67,,,0.99,,,,,,,,,,,,,,100.0,,,,,,66.67,,,11.11
2,Nordeste,29,BA,2915,LESTE - (NRS - SALVADOR),29022,SANTO ANTONIO DE JESUS,291020,BA - DOM MACEDO COSTA,4407,Nordeste,NE,1,2022,PREFEITURA MUNCIPAL DE DOM MACEDO COSTA,PMDMC,Local,Administração pública direta,Res. Sólidos ,,24878.87,2.17,100.0,,,52.17,47.83,8.7,,45.38,,,100.0,766.77,,,,128.37,21.54,17.39,,,1.32,,,,,,,,,,,,,0.16,35.29,,,,,75.74,73.91,,,0.0
2,Nordeste,29,BA,2915,LESTE - (NRS - SALVADOR),29022,SANTO ANTONIO DE JESUS,291030,BA - ELISIO MEDRADO,7808,Nordeste,NE,1,2022,Prefeitura Municipal,PM,Local,Administração pública direta,Res. Sólidos ,,33333.33,2.79,0.0,,,40.0,60.0,,,99.67,,,53.08,,,,,107.24,10.67,,,,0.53,,,0.34,,,,,,,,,,0.34,,,,,,80.0,,,,
2,Nordeste,29,BA,2911,SUDOESTE (NBS - VITORIA CONQUISTA),29028,VITORIA DA CONQUISTA,291040,BA - ENCRUZILHADA,19107,Nordeste,NE,1,2022,PREFEITURA MUNICIPAL DE ENCRUZILHADA,PME,Local,Administração pública direta,Res. Sólidos ,,37160.26,1.43,1.55,,,100.0,0.0,3.23,,94.14,,,0.0,1265.18,,,,136.36,46.88,32.26,,,0.6,,,1.77,,,57.14,34.29,8.57,0.0,0.0,,,0.03,0.0,,,,,43.33,51.61,,,6.45
2,Nordeste,29,BA,2911,SUDOESTE (NBS - VITORIA CONQUISTA),29003,BRUMADO,290050,BA - ERICO CARDOSO,10604,Nordeste,NE,1,2022,Prefeitura Municipal de Érico Cardoso,PMEC,Local,Administração pública direta,Res. Sólidos ,,44611.43,2.27,,,,0.0,100.0,,,58.47,,,0.0,,,,,,,,,,1.0,,,,,,,,,,,,,,,,,,,,,,,
2,Nordeste,29,BA,2914,NORDESTE (NRS - ALAGOINHAS),29001,ALAGOINHAS,291060,BA - ESPLANADA,32554,Nordeste,NE,2,2022,Secretaria Municipal de Obras e Serviços Públicos,SMOSP,Local,Administração pública direta,Res. Sólidos ,,77414.1,6.96,100.0,,,0.0,100.0,2.86,,92.15,,,100.0,2238.82,,,,135.01,23.28,19.05,,,1.28,,,,,,,,,,,,,0.11,100.0,,,,,23.03,59.05,,,14.29
2,Nordeste,29,BA,2917,CENTRO-LESTE (NRS - FEIRA SANTANA),29025,SERRINHA,291070,BA - EUCLIDES DA CUNHA,61456,Nordeste,NE,2,2022,Prefeitura Municipal de Euclides da Cunha - Bahia,PMEC,Local,Administração pública direta,Res. Sólidos ,,,0.81,,,,,,,,53.7,,,100.0,1406.55,,,0.6,,,14.81,51.25,95.02,1.17,,,9.94,,181.17,,,,,,,,,100.0,,,,,,51.85,,,18.52
2,Nordeste,29,BA,2916,EXTREMO SUL (NRS - TEIXEIRA FREITAS),29018,PORTO SEGURO,291072,BA - EUNAPOLIS,113710,Nordeste,NE,3,2022,PREFEITURA MUNICIPAL DE EUNÁPOLIS,PME,Local,Administração pública direta,Res. Sólidos ,,,4.76,26.56,,,,,,,97.84,,,100.0,2239.89,,,,,,24.28,,,1.02,,,,,,,,,,,,,0.15,0.0,,,,,,48.15,,,14.81
2,Nordeste,29,BA,2914,NORDESTE (NRS - ALAGOINHAS),29019,RIBEIRA DO POMBAL,291075,BA - FATIMA,17896,Nordeste,NE,1,2022,Prefeitura Municipal de Fátima,PMF,Local,Administração pública direta,Res. Sólidos ,,,1.74,71.01,,,,,,,83.82,,,100.0,133.79,,,,,,27.59,14.93,,0.12,,,19.4,,,23.08,23.08,38.46,3.85,11.54,,,,40.0,,,,,,43.1,,,17.24
2,Nordeste,29,BA,2917,CENTRO-LESTE (NRS - FEIRA SANTANA),29006,FEIRA DE SANTANA,291080,BA - FEIRA DE SANTANA,616272,Nordeste,NE,4,2022,SESP - SECRETARIA MUNICIPAL DE SERVIÇOS PÚBLICOS,SESP,Local,Administração pública direta,Res. Sólidos ,,103988.74,5.23,,,,4.07,95.93,2.17,,88.43,,,100.0,3530.12,,,0.81,,,28.18,22.28,81.9,1.47,,,,,,,,,,,,,0.25,80.0,100.0,,,,,20.33,,,37.53
2,Nordeste,29,BA,2913,NORTE - (NRS - JUAZEIRO),29024,SENHOR DO BONFIM,291085,BA - FILADELFIA,17897,Nordeste,NE,1,2022,Prefeitura Municipal de Filadelfia,PMF,Local,Administração pública direta,Res. Sólidos ,,40447.65,4.78,100.0,,,0.0,100.0,4.11,,91.15,,,100.0,562.3,,,,436.36,39.02,20.55,3.79,,0.44,,,,,,,,,,,,,,100.0,,,,,29.89,46.58,,,5.48
2,Nordeste,29,BA,2910,SUL (NBS - ILHEUS),29012,ITABUNA,291100,BA - FLORESTA AZUL,11059,Nordeste,NE,1,2022,Prefeitura Municipal de Floresta azul,PMFA,Local,Administração pública direta,Res. Sólidos ,,33897.62,4.01,1.48,,,100.0,0.0,2.94,,84.1,,,0.0,1962.94,,,,93.37,24.89,14.71,50.0,,0.9,,,14.97,,,,,,,,,,0.13,0.0,,,,,64.74,76.47,,,5.88
2,Nordeste,29,BA,2912,OESTE (NBS - BARREIRAS),29002,BARREIRAS,291110,BA - FORMOSA DO RIO PRETO,25899,Nordeste,NE,1,2022,Prefeitura Municipal de Formosa do Rio Preto,PMFRP,Local,Administração pública direta,Res. Sólidos ,,,2.29,98.23,1.34,,,,,,76.45,,,100.0,1205.54,,,,405.84,28.7,20.93,42.99,,0.47,,,,,,,,,,,,,0.41,100.0,100.0,2588.21,,,26.95,32.56,,,16.28
2,Nordeste,29,BA,2917,CENTRO-LESTE (NRS - FEIRA SANTANA),29006,FEIRA DE SANTANA,291125,BA - GAVIAO,4360,Nordeste,NE,1,2022,Prefeitura Municipal de Gavião,PMG,Local,Administração pública direta,Res. Sólidos ,,13066.67,1.36,41.33,,,66.67,33.33,,,58.21,,,31.12,,,,0.78,165.98,40.82,,3.11,33.89,1.04,,,,,,,,,,,,,0.41,,,,,,40.82,,,,
2,Nordeste,29,BA,2918,CENTRO - NORTE (NRS - JACOBINA),29010,IRECE,291130,BA - GENTIO DO OURO,10884,Nordeste,NE,1,2022,PREFEITURA MUNICIPAL DE GENTIO DO OURO,PM,Local,Administração pública direta,Res. Sólidos ,,17940.0,1.85,100.0,,,0.0,100.0,,,91.88,,,0.0,,,,,292.27,34.66,,,,0.27,,,0.2,,,,,,,,,,,,,,,,51.58,,,,
2,Nordeste,29,BA,2913,NORTE - (NRS - JUAZEIRO),29017,PAULO AFONSO,291140,BA - GLORIA,15524,Nordeste,NE,1,2022,Prefeitura Municipal de Glória,PMG,Local,Administração pública direta,Res. Sólidos ,,,2.07,100.0,,,,,,,92.82,,,0.11,5781.55,,,,49.83,53.17,36.36,,,2.75,,,,,,,,,,,,,0.0,100.0,,,,,46.33,18.18,,,18.18
2,Nordeste,29,BA,2910,SUL (NBS - ILHEUS),29012,ITABUNA,291150,BA - GONGOGI,5555,Nordeste,NE,1,2022,PREFEITURA MUNICIPAL DE GONGOGI,PMG,Local,Administração pública direta,Res. Sólidos ,,17500.0,3.5,71.43,,,70.0,30.0,12.5,,64.05,,,50.0,575.08,,,,111.11,28.57,25.0,,,1.39,,,,,,,,,,,,,,0.0,,,,,28.57,25.0,,,25.0
2,Nordeste,29,BA,2915,LESTE - (NRS - SALVADOR),29005,CRUZ DAS ALMAS,291160,BA - GOVERNADOR MANGABEIRA,20605,Nordeste,NE,1,2022,Secretaria Municipal de Serviços Públicos,SEMSP,Local,Administração pública direta,Res. Sólidos ,,14322.39,2.25,,,,42.06,57.94,2.8,,58.24,,,0.0,4432.91,,,0.55,,,7.48,60.09,362.5,2.53,,,,,,,,,,,,,,53.33,,,,,,70.09,,,19.63
2,Nordeste,29,BA,2911,SUDOESTE (NBS - VITORIA CONQUISTA),29003,BRUMADO,291165,BA - GUAJERU,8050,Nordeste,NE,1,2022,Prefeitura Municipal de Guajeru,PMG,Local,Administração pública direta,Res. Sólidos ,,2838.44,0.25,,,,100.0,0.0,0.0,,19.96,,,0.0,607.03,,,,,,31.25,,,1.62,,,,,,,,,,,,,,0.0,,,,,,31.25,,,12.5
2,Nordeste,29,BA,2911,SUDOESTE (NBS - VITORIA CONQUISTA),29007,GUANAMBI,291170,BA - GUANAMBI,87817,Nordeste,NE,2,2022,SEC. MUL. DE INFRA ESTRUTURA,SEC. INFRA,Local,Administração pública direta,Res. Sólidos ,,80435.07,2.82,100.0,,,0.0,100.0,4.26,,77.14,,,100.0,2063.9,,,,106.4,36.47,42.55,,,1.05,,,0.19,,,31.96,0.82,13.61,2.06,51.55,,,0.06,100.0,,,,,60.48,42.55,,,10.64
2,Nordeste,29,BA,2916,EXTREMO SUL (NRS - TEIXEIRA FREITAS),29018,PORTO SEGURO,291180,BA - GUARATINGA,19049,Nordeste,NE,1,2022,Prefeitura Municipal de Guaratinga,PMG,Local,Administração pública direta,Res. Sólidos ,,37494.7,1.91,22.52,,,100.0,0.0,2.63,,100.0,,,0.0,1597.44,,,,144.96,50.87,26.32,20.0,,0.72,,,30.0,,,,,,,,,,0.2,0.0,,47.35,1.84,,42.11,57.89,,,13.16
2,Nordeste,29,BA,2914,NORDESTE (NRS - ALAGOINHAS),29019,RIBEIRA DO POMBAL,291185,BA - HELIOPOLIS,12687,Nordeste,NE,1,2022,PREFEITURA MUNICIPAL DE HELIÓPOLIS,PMH,Local,Administração pública direta,Res. Sólidos ,,39008.39,2.97,,,,0.0,100.0,2.38,,70.94,,,99.98,1728.75,,,1.04,,,23.81,36.96,58.68,1.65,,,,,,,,,,,,,,100.0,,,,,,71.43,,,0.0
2,Nordeste,29,BA,2917,CENTRO-LESTE (NRS - FEIRA SANTANA),29011,ITABERABA,291190,BA - IACU,24607,Nordeste,NE,1,2022,Prefeitura Municipal de Iaçu,PMI,Local,Administração pública direta,Res. Sólidos ,,33105.34,3.99,100.0,,,0.0,100.0,0.0,,80.18,,,100.0,1108.23,,,,132.43,33.89,24.43,8.11,,1.54,,,,,,,,,,,,,0.05,100.0,,,,,27.51,38.17,,,30.53
2,Nordeste,29,BA,2910,SUL (NBS - ILHEUS),29012,ITABUNA,291210,BA - IBICARAI,21665,Nordeste,NE,1,2022,Prefeitura Municipal,PM,Local,Administração pública direta,Res. Sólidos ,,17707.65,3.07,0.0,,,100.0,0.0,7.52,,73.76,,,0.0,1196.49,,,0.64,91.88,14.61,7.52,,0.0,0.64,,,,,,,,,,,,,0.21,0.0,,,,,79.23,37.59,,,32.33
2,Nordeste,29,BA,2911,SUDOESTE (NBS - VITORIA CONQUISTA),29003,BRUMADO,291220,BA - IBICOARA,20785,Nordeste,NE,1,2022,Prefeitura Municipal de Ibicoara,PMI,Local,Administração pública direta,Res. Sólidos ,,48927.99,2.4,100.0,,,0.0,100.0,,,95.19,,,100.0,,,,0.46,239.27,55.69,,,66.67,0.77,,,,,,,,,,,,,0.06,,,,,,21.41,,,,
2,Nordeste,29,BA,2911,SUDOESTE (NBS - VITORIA CONQUISTA),29013,ITAPETINGA,291230,BA - IBICUI,13934,Nordeste,NE,1,2022,Prefeitura Municipal de Ibicuí,PMI,Local,Administração pública direta,Res. Sólidos ,,,1.37,2.03,,,,,,,89.07,,,0.0,984.35,,,,148.0,51.95,45.45,,,0.68,,,4.71,,,55.17,31.03,12.41,0.0,1.38,,,0.0,0.0,,,,,36.91,36.36,,,9.09
2,Nordeste,29,BA,2918,CENTRO - NORTE (NRS - JACOBINA),29010,IRECE,291240,BA - IBIPEBA,16603,Nordeste,NE,1,2022,SECRETARIA DE INFRAESTRUTURA,SINF,Local,Administração pública direta,Res. Sólidos ,,44711.2,4.99,,,,0.0,100.0,8.7,,90.35,,,100.0,1699.68,,,,,,14.49,,,0.97,,,,,,,,,,,,,2.99,100.0,,,,,,53.62,,,23.19
2,Nordeste,29,BA,2911,SUDOESTE (NBS - VITORIA CONQUISTA),29003,BRUMADO,291250,BA - IBIPITANGA,13863,Nordeste,NE,1,2022,Prefeitura Municipal de Ibipitanga,PMI,Local,Administração pública direta,Res. Sólidos ,,,1.91,1.67,,,,,,,69.79,,,4.28,,,,0.41,,,,,69.22,0.69,,,4.27,,7.25,82.62,11.84,3.34,1.91,0.29,,,0.06,,,,,,,,,,
2,Nordeste,29,BA,2917,CENTRO-LESTE (NRS - FEIRA SANTANA),29011,ITABERABA,291260,BA - IBIQUERA,3725,Nordeste,NE,1,2022,Prefeitura Municipal de Ibiquera,PMI,Local,Administração pública direta,Res. Sólidos ,,25081.78,2.01,78.36,,,11.11,88.89,,,68.72,,,100.0,,,,,93.35,18.92,,95.41,,0.98,,,,,,,,,,,,,,,,,,,67.13,,,,
2,Nordeste,29,BA,2910,SUL (NBS - ILHEUS),29012,ITABUNA,291270,BA - IBIRAPITANGA,25344,Nordeste,NE,1,2022,Prefeitura Municipal de Ibirapitanga,PMI,Local,Administração pública direta,Res. Sólidos ,,,1.52,,,,,,,,31.64,,,0.0,1269.44,,,1.76,,,17.44,18.46,15.73,2.04,,,,,,,,,,,,,,35.48,,,,,,36.05,,,24.42
2,Nordeste,29,BA,2916,EXTREMO SUL (NRS - TEIXEIRA FREITAS),29026,TEIXEIRA DE FREITAS,291280,BA - IBIRAPUA,8896,Nordeste,NE,1,2022,Prefeitura Municipal de Ibirapuã,PMIBI,Local,Administração pública direta,Res. Sólidos ,,25000.0,2.25,0.0,,,100.0,0.0,,,56.21,,,0.0,,,,,150.0,24.0,,,,1.1,,,,,,,,,,,,,,,,,,,24.0,,,,
2,Nordeste,29,BA,2910,SUL (NBS - ILHEUS),29015,JEQUIE,291290,BA - IBIRATAIA,18792,Nordeste,NE,1,2022,Prefeitura Municipal de Ibirataia,PMI,Local,Administração pública direta,Res. Sólidos ,,72727.27,4.77,,,,21.82,78.18,,,95.79,,,0.79,,,,,,,,,,1.86,,,0.21,,,,,,,,,,,,,,,,,,,,
2,Nordeste,29,BA,2917,CENTRO-LESTE (NRS - FEIRA SANTANA),29023,SEABRA,291300,BA - IBITIARA,14637,Nordeste,NE,1,2022,Prefeitura Municipal,PM,Local,Administração pública direta,Res. Sólidos ,,,5.51,0.0,,,,,,,90.18,,,0.0,176.95,,,,1388.89,50.46,30.95,,,0.15,,,,,,,,,,,,,,100.0,,,,,48.93,50.0,,,19.05
2,Nordeste,29,BA,2918,CENTRO - NORTE (NRS - JACOBINA),29010,IRECE,291310,BA - IBITITA,16969,Nordeste,NE,1,2022,Prefeitura Municipal de Ibitita,BAHIA,Local,Administração pública direta,Res. Sólidos ,,,0.41,0.0,,,,,,,88.4,,,0.0,,,,,122.0,50.0,,,,0.18,,,,,,,,,,,,,,,,,,,20.49,,,,
2,Nordeste,29,BA,2912,OESTE (NBS - BARREIRAS),29008,IBOTIRAMA,291320,BA - IBOTIRAMA,26309,Nordeste,NE,1,2022,Prefeitura Municipal de Ibotirama,PMI,Local,Administração pública direta,Res. Sólidos ,,6557.1,0.31,100.0,33.98,,0.0,100.0,,,95.02,,,3.85,,,,,12.45,40.87,,,,1.37,,,3.85,,,,,,,,,,,,,,,,10.41,,,,
2,Nordeste,29,BA,2910,SUL (NBS - ILHEUS),29027,VALENCA,291345,BA - IGRAPIUNA,13151,Nordeste,NE,1,2022,Prefeitura Municipal de Igrapiúna,PMI,Local,Administração pública direta,Res. Sólidos ,,23436.0,0.72,0.0,,,100.0,0.0,0.0,,36.65,,,0.0,1151.44,,,1.02,65.03,25.0,25.0,0.06,0.0,1.02,,,,,,,,,,,,,,0.0,,,,,75.0,75.0,,,0.0
2,Nordeste,29,BA,2910,SUL (NBS - ILHEUS),29009,ILHEUS,291360,BA - ILHEUS,178649,Nordeste,NE,3,2022,SECRETARIA DE SERVIÇOS URBANOS,SECSURB,Local,Administração pública direta,Res. Sólidos ,,51186.71,3.97,80.26,11.79,,61.5,38.5,2.14,,91.88,,,83.63,2255.22,,,1.02,189.64,72.6,27.27,,19.58,1.22,,,0.49,,2.1,34.91,14.67,25.9,24.51,0.0,,,2.93,0.0,,62.95,,,17.36,26.74,,,32.09
2,Nordeste,29,BA,2914,NORDESTE (NRS - ALAGOINHAS),29001,ALAGOINHAS,291370,BA - INHAMBUPE,33790,Nordeste,NE,2,2022,Secretária de Infraestrutura Serviço Público,SEINFRA,Local,Administração pública direta,Res. Sólidos ,,952.38,10.0,,,,4.76,95.24,,,43.04,,,100.0,,,,,,,,142.86,,1.32,,,14.29,,,,,,,,,,,,,,,,,,,,
2,Nordeste,29,BA,2917,CENTRO-LESTE (NRS - FEIRA SANTANA),29006,FEIRA DE SANTANA,291380,BA - IPECAETA,13709,Nordeste,NE,1,2022,Prefeitura Municipal de Ipecaetá,PMI,Local,Administração pública direta,Res. Sólidos ,,30312.5,0.98,100.0,,,0.0,100.0,0.0,,58.36,,,100.0,13578.27,,,,58.82,51.55,6.25,5.88,,2.91,,,11.76,,,,,,,,,,0.03,100.0,,,,,41.24,46.87,,,46.87
2,Nordeste,29,BA,2910,SUL (NBS - ILHEUS),29015,JEQUIE,291390,BA - IPIAU,40706,Nordeste,NE,2,2022,Prefeitura Municipal de Ipiaú,PM,Local,Administração pública direta,Res. Sólidos ,,56563.04,4.93,,,,2.59,97.41,3.45,,100.0,,,100.0,1528.12,,,,426.46,,27.59,,,1.03,,,,,,,,,,,,,,97.14,,,,,,60.34,,,8.62
2,Nordeste,29,BA,2917,CENTRO-LESTE (NRS - FEIRA SANTANA),29006,FEIRA DE SANTANA,291400,BA - IPIRA,56876,Nordeste,NE,2,2022,Secretaria de Infraestrutura,SEINFRA,Local,Administração pública direta,Res. Sólidos ,,34306.13,3.19,100.0,,,0.0,100.0,5.56,,70.33,,,100.0,965.36,,,,133.39,26.11,22.22,,,0.66,,,,,,,,,,,,,0.02,100.0,100.0,90.69,,,36.11,30.56,,,41.67
2,Nordeste,29,BA,2912,OESTE (NBS - BARREIRAS),29008,IBOTIRAMA,291410,BA - IPUPIARA,9935,Nordeste,NE,1,2022,Prefeitura Municipal de Ipupiara,PMI,Local,Administração pública direta,Res. Sólidos ,,38365.71,4.17,100.0,,,0.0,100.0,4.76,,68.44,,,100.0,1380.19,,,,50.5,16.25,28.57,74.07,,2.09,,,,,,,,,,,,,,100.0,,,,,27.08,47.62,,,16.67
2,Nordeste,29,BA,2910,SUL (NBS - ILHEUS),29015,JEQUIE,291420,BA - IRAJUBA,6101,Nordeste,NE,1,2022,Prefeitura Municipal de Irajuba,PMI,Local,Administração pública direta,Res. Sólidos ,,28566.67,3.06,100.0,,,0.0,100.0,6.67,,98.34,,,40.0,479.23,,,,112.0,16.34,16.67,4.8,,0.57,,,36.0,,,66.67,22.22,11.11,0.0,0.0,,,0.24,100.0,,,,,81.68,33.33,,,16.67
2,Nordeste,29,BA,2910,SUL (NBS - ILHEUS),29015,JEQUIE,291430,BA - IRAMAIA,10752,Nordeste,NE,1,2022,Prefeitura Municipal de Iramaia,PMI,Local,Administração pública direta,Res. Sólidos ,,23760.0,1.03,0.0,,,100.0,0.0,,,83.71,,,0.0,,,,,,,,40.0,,0.15,,,,,,,,,,,,,,,,,,,,,,,
2,Nordeste,29,BA,2917,CENTRO-LESTE (NRS - FEIRA SANTANA),29023,SEABRA,291440,BA - IRAQUARA,23879,Nordeste,NE,1,2022,Prefeitura Municipal de Iraquara,PMI,Local,Administração pública direta,Res. Sólidos ,,31404.39,5.49,0.8,,,100.0,0.0,2.02,,32.04,,,0.0,1351.68,,,,84.77,15.0,13.13,,,1.97,,,,,,,,,,,,,0.03,0.0,,,,,75.78,72.73,,,12.12
2,Nordeste,29,BA,2917,CENTRO-LESTE (NRS - FEIRA SANTANA),29006,FEIRA DE SANTANA,291450,BA - IRARA,28043,Nordeste,NE,1,2022,Prefeitura Municipal de Irará,PMI,Local,Administração pública direta,Res. Sólidos ,,,4.07,4.45,2.25,,,,,,53.49,,,0.0,,,,,84.7,39.26,,55.44,,2.37,,,,,,,,,,,,,0.3,,,,,,56.29,,,,
2,Nordeste,29,BA,2918,CENTRO - NORTE (NRS - JACOBINA),29010,IRECE,291460,BA - IRECE,74507,Nordeste,NE,2,2022,SECRETARIA DE INFRAESTRUTURA E SERVIÇOS PÚBLICOS,SISP,Local,Administração pública direta,Res. Sólidos ,,33308.51,2.38,100.0,,,0.0,100.0,4.44,,100.0,,,100.0,3874.39,,,,80.32,56.86,19.44,54.44,,1.56,,,,,,,,,,,,,,100.0,,,,,27.08,41.11,,,9.44
2,Nordeste,29,BA,2916,EXTREMO SUL (NRS - TEIXEIRA FREITAS),29018,PORTO SEGURO,291465,BA - ITABELA,28165,Nordeste,NE,1,2022,Prefeitura Municipal de Itabela,PMI,Local,Administração pública direta,Res. Sólidos ,,75411.97,7.19,100.0,,,0.0,100.0,7.78,,73.85,,,99.97,369.81,,,,498.69,23.81,31.11,,,0.43,,,,,,,,,,,,,,100.0,,,,,48.79,35.56,,,5.56
2,Nordeste,29,BA,2917,CENTRO-LESTE (NRS - FEIRA SANTANA),29011,ITABERABA,291470,BA - ITABERABA,65073,Nordeste,NE,2,2022,PREFEITURA MUNICIPAL,PMI,Local,Administração pública direta,Res. Sólidos ,,22052.44,0.88,0.0,,,39.51,60.49,4.94,,99.34,,,25.0,3194.89,,,,29.75,24.98,18.52,2.5,,0.85,,,,,,,,,,,,,,100.0,,,,,35.38,49.38,,,24.69
2,Nordeste,29,BA,2910,SUL (NBS - ILHEUS),29012,ITABUNA,291480,BA - ITABUNA,186708,Nordeste,NE,3,2022,PREFEITURA MUNICIPAL DE ITABUNA,PMI,Local,Administração pública direta,Res. Sólidos ,,471356.16,3.69,100.0,,,0.0,100.0,,,96.91,,,100.0,,,,,154.24,74.47,,,,2.0,,,,,,,,,,,,,0.0,,,,,,23.16,,,,
2,Nordeste,29,BA,2910,SUL (NBS - ILHEUS),29009,ILHEUS,291490,BA - ITACARE,27704,Nordeste,NE,1,2022,SECRETARIA DE DESENVOLVIMENTO URBANO,SEDUR,Local,Administração pública direta,Res. Sólidos ,,37559.31,4.69,7.62,,,90.48,9.52,4.76,,72.19,,,0.0,1135.96,,,,178.5,36.21,21.43,,,1.32,,,,,,,,,,,,,,0.0,,,,,41.99,54.76,,,19.05
2,Nordeste,29,BA,2917,CENTRO-LESTE (NRS - FEIRA SANTANA),29011,ITABERABA,291500,BA - ITAETE,13472,Nordeste,NE,1,2022,Prefeitura Municipal de Itaetê,PMI,Local,Administração pública direta,Res. Sólidos ,,41289.63,5.68,100.0,,,0.0,100.0,1.92,,74.23,,,100.0,1277.96,,,,75.0,11.18,15.38,,,0.88,,,,,,,,,,,,,,100.0,,,,,42.53,30.77,,,26.92
2,Nordeste,29,BA,2910,SUL (NBS - ILHEUS),29015,JEQUIE,291510,BA - ITAGI,13803,Nordeste,NE,1,2022,SECRETARIA MUNICPAL DE INFRAESTRUTURA,INFRA,Local,Administração pública direta,Res. Sólidos ,,20202.02,5.88,,,,100.0,0.0,,,79.55,,,0.0,,,,0.55,,,,37.5,45.45,0.8,,,,,,,,,,,,,2.81,,,,,,,,,,
2,Nordeste,29,BA,2918,CENTRO - NORTE (NRS - JACOBINA),29010,IRECE,291535,BA - ITAGUACU DA BAHIA,12311,Nordeste,NE,1,2022,Prefeitura Municipal de Itaguaçu da    Bahia,PMIB,Local,Administração pública direta,Res. Sólidos ,,193500.0,1.9,100.0,,,0.0,100.0,,,74.58,,,90.91,,,,,454.55,86.13,,,,0.66,,,,,,,,,,,,,0.18,,,,,,8.61,,,,
2,Nordeste,29,BA,2910,SUL (NBS - ILHEUS),29012,ITABUNA,291540,BA - ITAJU DO COLONIA,6037,Nordeste,NE,1,2022,Prefeitura Municipal de Itaju do Colônia,PMIC,Local,Administração pública direta,Res. Sólidos ,,12299.18,0.95,66.32,,,20.69,79.31,,,99.93,,,0.0,,,,,,,,0.04,,1.07,,,,,,,,,,,,,0.04,,,,,,,,,,
2,Nordeste,29,BA,2910,SUL (NBS - ILHEUS),29012,ITABUNA,291550,BA - ITAJUIPE,18781,Nordeste,NE,1,2022,Secretaria de Desenvolvimento Urbano,SEDUR,Local,Administração pública direta,Res. Sólidos ,,48272.73,9.05,84.75,,,24.24,75.76,0.0,,26.62,,,100.0,18.61,,,,,,34.85,21.01,,0.13,,,21.01,,,20.0,20.0,30.0,10.0,20.0,,,2.1,65.12,,,,,,65.15,,,0.0
2,Nordeste,29,BA,2916,EXTREMO SUL (NRS - TEIXEIRA FREITAS),29026,TEIXEIRA DE FREITAS,291560,BA - ITAMARAJU,59605,Nordeste,NE,2,2022,Prefeitura Municipal,PMI,Local,Administração pública direta,Res. Sólidos ,,22497.55,3.51,0.0,,,59.26,40.74,,,100.0,,,0.0,,,,,117.47,70.59,,,,2.01,,,,,,,,,,,,,0.16,,,,,,28.98,,,,
2,Nordeste,29,BA,2910,SUL (NBS - ILHEUS),29015,JEQUIE,291570,BA - ITAMARI,7051,Nordeste,NE,1,2022,Prefeitura Municipal de Itamari,PMI,Local,Administração pública direta,Res. Sólidos ,,65811.54,3.35,,,,73.08,26.92,7.69,,73.88,,,87.43,2862.62,,,1.24,,,11.54,21.58,14.38,1.41,,,,,,,,,,,,,,0.0,,,,,,53.85,,,15.38
2,Nordeste,29,BA,2911,SUDOESTE (NBS - VITORIA CONQUISTA),29013,ITAPETINGA,291580,BA - ITAMBE,24394,Nordeste,NE,1,2022,Prefeitura Municipal de Itambé,PMI,Local,Administração pública direta,Res. Sólidos ,,53848.4,0.83,1.65,,,100.0,0.0,5.0,,97.47,,,0.0,4162.14,,,,103.63,50.14,20.0,,,0.6,,,4.49,,,51.28,34.19,14.53,0.0,0.0,,,0.0,0.0,,,,,37.06,60.0,,,10.0
2,Nordeste,29,BA,2916,EXTREMO SUL (NRS - TEIXEIRA FREITAS),29026,TEIXEIRA DE FREITAS,291600,BA - ITANHEM,17813,Nordeste,NE,1,2022,Prefeitura Municipal de Itanhém,PMI,Local,Administração pública direta,Res. Sólidos ,,8491.1,0.36,0.0,,,100.0,0.0,6.9,,78.59,,,0.0,2555.91,,,,27.12,26.44,10.34,41.67,,0.47,,,,,,,,,,,,,0.5,0.0,,16.11,1.6,,65.44,68.97,,,13.79
2,Nordeste,29,BA,2915,LESTE - (NRS - SALVADOR),29020,SALVADOR,291610,BA - ITAPARICA,19789,Nordeste,NE,1,2022,"SECRETARIA DE INFRAESTRUTURA, HABITAÇÃO E DEFESA CIVIL",SEINFRA,Local,Administração pública direta,Res. Sólidos ,,138297.87,8.47,100.0,7.36,,0.0,100.0,4.26,,99.74,,,100.0,1840.26,,,,462.96,61.54,31.91,6.94,,1.2,,,,,,,,,,,,,0.69,100.0,,,,,30.77,46.81,,,17.02
2,Nordeste,29,BA,2916,EXTREMO SUL (NRS - TEIXEIRA FREITAS),29018,PORTO SEGURO,291630,BA - ITAPEBI,9174,Nordeste,NE,1,2022,Prefeitura Municipal de Itapebi,PMI,Local,Administração pública direta,Res. Sólidos ,,,3.67,,,,,,,,93.74,,,100.0,335.46,,,,,,31.37,59.52,,0.54,,,,,,,,,,,,,,50.0,,,,,,31.37,,,31.37
2,Nordeste,29,BA,2911,SUDOESTE (NBS - VITORIA CONQUISTA),29013,ITAPETINGA,291640,BA - ITAPETINGA,65897,Nordeste,NE,2,2022,Prefeitura Municipal de Itapetinga,PMI,Local,Administração pública direta,Res. Sólidos ,,35528.41,3.58,41.49,,,84.62,15.38,2.14,,97.07,,,91.8,1648.78,,,0.65,164.4,37.61,14.1,72.63,24.48,0.81,,,4.26,,13.02,67.05,12.72,6.78,0.0,13.46,,,0.49,0.0,,107.44,0.79,,54.28,72.65,,,8.55
2,Nordeste,29,BA,2914,NORDESTE (NRS - ALAGOINHAS),29001,ALAGOINHAS,291650,BA - ITAPICURU,31679,Nordeste,NE,2,2022,PREFEITURA MUNICIPAL DE ITAPICURU,PMI,Local,Administração pública direta,Res. Sólidos ,,62848.92,1.44,71.31,2.99,,88.24,11.76,,,19.52,,,3.85,,,,0.51,351.39,37.3,,,100.0,1.01,,,,,,,,,,,,,,,,,,,15.16,,,,
2,Nordeste,29,BA,2910,SUL (NBS - ILHEUS),29012,ITABUNA,291660,BA - ITAPITANGA,10279,Nordeste,NE,1,2022,Prefeitura Municipal de Itapitanga,PMI,Local,Administração pública direta,Res. Sólidos ,,24181.63,1.49,1.79,,,100.0,0.0,10.0,,90.67,,,0.0,1246.01,,,0.61,63.74,20.56,20.0,3.42,12.5,0.69,,,3.42,,,50.0,12.5,18.75,18.75,0.0,,,0.09,0.0,,240.0,0.5,,77.65,50.0,,,20.0
2,Nordeste,29,BA,2911,SUDOESTE (NBS - VITORIA CONQUISTA),29013,ITAPETINGA,291680,BA - ITARANTIM,17052,Nordeste,NE,1,2022,Prefeitura Municipal de Itarantim,PMI,Local,Administração pública direta,Res. Sólidos ,,40058.61,1.82,1.43,,,100.0,0.0,3.23,,71.84,,,0.0,920.13,,,,228.58,53.01,32.26,,,0.64,,,,,,,,,,,,,,0.0,,,,,40.2,51.61,,,6.45
2,Nordeste,29,BA,2915,LESTE - (NRS - SALVADOR),29022,SANTO ANTONIO DE JESUS,291685,BA - ITATIM,15737,Nordeste,NE,1,2022,Prefeitura Municipal de Itatim,PMI,Local,Administração pública direta,Res. Sólidos ,,52047.45,5.72,88.46,,,26.79,73.21,12.5,,67.15,,,96.82,1673.06,,,,160.31,17.28,10.71,70.02,,0.81,,,15.31,,,75.88,9.15,9.98,4.78,0.21,,,0.16,100.0,100.0,213.78,,,63.44,30.36,,,26.79
2,Nordeste,29,BA,2910,SUL (NBS - ILHEUS),29015,JEQUIE,291690,BA - ITIRUCU,10999,Nordeste,NE,1,2022,Prefeitura Municipal de Itiruçu,PMI,Local,Administração pública direta,Res. Sólidos ,,7763.78,0.69,0.0,,,100.0,0.0,,,91.06,,,20.0,,,,,,,,,,1.37,,,,,,,,,,,,,,,,,,,,,,,
2,Nordeste,29,BA,2913,NORTE - (NRS - JUAZEIRO),29024,SENHOR DO BONFIM,291700,BA - ITIUBA,33872,Nordeste,NE,2,2022,PREFEITURA MUNICIPAL DE ITIUBA,PMI,Local,Administração pública direta,Res. Sólidos ,,30446.78,3.05,68.29,,,31.11,68.89,4.44,,74.64,,,100.0,2614.0,,,,54.8,34.66,8.15,0.58,,2.82,,,38.3,,,92.38,4.6,3.01,0.01,0.0,,,0.02,66.67,84.54,175.6,0.41,,41.44,55.56,,,4.44
2,Nordeste,29,BA,2911,SUDOESTE (NBS - VITORIA CONQUISTA),29013,ITAPETINGA,291710,BA - ITORORO,16617,Nordeste,NE,1,2022,Prefeitura Municipal,PMI,Local,Administração pública direta,Res. Sólidos ,,,11.87,0.53,,,,,,,96.97,,,0.0,1199.04,,,,,,12.4,,,0.96,,,1.68,,,,,,,,,,0.12,0.0,,,,,,78.51,,,3.31
2,Nordeste,29,BA,2910,SUL (NBS - ILHEUS),29027,VALENCA,291730,BA - ITUBERA,21902,Nordeste,NE,1,2022,Prefeitura Municipal de Ituberá,PMI,Local,Administração pública direta,Res. Sólidos ,,70768.81,4.01,,,,6.25,93.75,6.25,,91.32,,,100.0,1875.26,,,,,,47.92,22.22,,1.85,,,,,,,,,,,,,1.19,100.0,,,0.0,,,20.83,,,25.0
2,Nordeste,29,BA,2911,SUDOESTE (NBS - VITORIA CONQUISTA),29007,GUANAMBI,291740,BA - JACARACI,14436,Nordeste,NE,1,2022,PREFEITURA MUNICIPAL DE JACARACI,PMJ,Local,Administração pública direta,Res. Sólidos ,,25217.63,2.82,4.57,,,100.0,0.0,,,36.53,,,0.0,,,,,,,,71.79,,2.03,,,,,,,,,,,,,,,,,,,,,,,
2,Nordeste,29,BA,2918,CENTRO - NORTE (NRS - JACOBINA),29014,JACOBINA,291750,BA - JACOBINA,82590,Nordeste,NE,2,2022,Limpeza Pública de Jacobina,LIMPUJA,Local,Administração pública direta,Res. Sólidos ,,76585.32,6.17,92.13,,,1.4,98.6,2.79,,90.28,,,100.0,3580.73,,,0.92,247.85,65.79,18.14,42.96,75.12,1.61,,,3.08,,,58.13,31.7,4.23,5.35,0.59,,,0.03,100.0,,,,,29.64,39.53,,,23.72
2,Nordeste,29,BA,2910,SUL (NBS - ILHEUS),29015,JEQUIE,291760,BA - JAGUAQUARA,45964,Nordeste,NE,2,2022,SECRETARIA DE INFRAESTRUTURA,SEINFRA,Local,Administração pública direta,Res. Sólidos ,,28192.04,1.89,15.25,,,100.0,0.0,9.0,,87.02,,,6.82,545.79,,,,134.34,19.54,24.0,12.5,,0.3,,,1.64,,,41.67,23.61,11.11,20.83,2.78,,,,0.0,,,,,56.19,40.0,,,4.0
2,Nordeste,29,BA,2913,NORTE - (NRS - JUAZEIRO),29024,SENHOR DO BONFIM,291770,BA - JAGUARARI,32703,Nordeste,NE,2,2022,Prefeitura Municipal de Jaguarari,PMJ,Local,Administração pública direta,Res. Sólidos ,,28871.01,3.2,85.32,,,17.79,82.21,7.36,,79.24,,,100.0,520.6,,,0.64,216.9,28.8,22.7,133.08,2.97,0.66,,,2.93,,3.62,33.11,51.31,15.57,0.0,0.0,,,0.17,76.47,,76.14,1.54,,53.0,41.72,,,28.22
2,Nordeste,29,BA,2915,LESTE - (NRS - SALVADOR),29022,SANTO ANTONIO DE JESUS,291780,BA - JAGUARIPE,17659,Nordeste,NE,1,2022,Prefeitura Municipal de Jaguaripe,PMJ,Local,Administração pública direta,Res. Sólidos ,,41867.65,6.02,71.35,,,28.45,71.55,11.21,,56.63,,,100.0,422.28,,,,528.0,33.05,19.83,4.93,,0.83,,,,,,,,,,,,,0.2,85.37,,,,,43.38,35.34,,,31.03
2,Nordeste,29,BA,2914,NORDESTE (NRS - ALAGOINHAS),29001,ALAGOINHAS,291790,BA - JANDAIRA,9285,Nordeste,NE,1,2022,Secretaria de Obras,PMJ,Local,Administração pública direta,Res. Sólidos ,,,4.3,36.86,,,,,,,93.16,,,46.29,784.24,,,1.3,236.15,48.2,30.99,1.85,31.71,1.71,,,,,,,,,,,,,0.01,28.57,45.45,247.81,0.5,,51.51,49.3,,,14.08
2,Nordeste,29,BA,2910,SUL (NBS - ILHEUS),29015,JEQUIE,291800,BA - JEQUIE,158813,Nordeste,NE,3,2022,SECRETARIA DE SERVIÇOS PUBLICOS,SESP,Local,Administração pública direta,Res. Sólidos ,,92745.22,3.18,100.0,0.59,,0.0,100.0,,,93.56,,,100.0,,,,,153.99,40.63,,,,0.9,,,13.53,,,68.15,26.71,5.13,0.0,0.0,,,,,100.0,111.98,,,24.63,,,,
2,Nordeste,29,BA,2913,NORTE - (NRS - JUAZEIRO),29017,PAULO AFONSO,291810,BA - JEREMOABO,37626,Nordeste,NE,2,2022,SECRETARIA DO MEIO AMBIENTE E SUSTENTABILIDADE,SEMMAS,Local,Administração pública direta,Res. Sólidos ,,45583.57,4.72,,,,28.12,71.87,,,82.39,,,96.3,,,,,,,,14.81,,1.19,,,,,,,,,,,,,0.04,,,,,,,,,,
2,Nordeste,29,BA,2915,LESTE - (NRS - SALVADOR),29022,SANTO ANTONIO DE JESUS,291820,BA - JIQUIRICA,13629,Nordeste,NE,1,2022,Prefeitura Municipal de Jiquiriçá,PMJ,Local,Administração pública direta,Res. Sólidos ,,37189.19,2.31,46.58,,,89.19,10.81,2.7,,52.09,,,0.0,1717.25,,,0.6,302.33,47.24,10.81,3.26,38.71,0.83,,,,,,,,,,,,,,0.0,,,,,41.42,70.27,,,5.41
2,Nordeste,29,BA,2918,CENTRO - NORTE (NRS - JACOBINA),29010,IRECE,291835,BA - JOAO DOURADO,24854,Nordeste,NE,1,2022,Prefeitura Municipal de João Dourado,PMJD,Local,Administração pública direta,Res. Sólidos ,,11953.43,1.06,,,,90.12,9.88,4.94,,99.29,,,97.1,2188.5,,,,,,9.88,,,0.69,,,11.61,,,,,,,,,,0.26,0.0,,,,,,79.01,,,6.17
2,Nordeste,29,BA,2913,NORTE - (NRS - JUAZEIRO),29016,JUAZEIRO,291840,BA - JUAZEIRO,237821,Nordeste,NE,3,2022,Serviço de Água e Saneamento Ambiental,SAAE,Local,Autarquia,Res. Sólidos ,,54573.78,1.76,100.0,69.46,,6.23,93.77,16.07,,93.77,,,100.0,3670.15,,,0.74,137.26,65.36,22.62,24.24,31.99,0.97,,,0.4,,,81.07,8.2,8.83,0.95,0.95,,,0.01,77.59,100.0,245.25,,,25.81,19.02,,,0.0
2,Nordeste,29,BA,2910,SUL (NBS - ILHEUS),29012,ITABUNA,291855,BA - JUSSARI,5888,Nordeste,NE,1,2022,PREFEITURA DE JUSSARI,PMJ,Local,Administração pública direta,Res. Sólidos ,,51144.42,5.03,5.52,,,94.12,5.88,,,86.29,,,0.0,,,,,217.18,18.43,,59.98,,0.8,,,,,,,,,,,,,0.04,,,,,,69.12,,,,
2,Nordeste,29,BA,2911,SUDOESTE (NBS - VITORIA CONQUISTA),29003,BRUMADO,291860,BA - JUSSIAPE,7379,Nordeste,NE,1,2022,Secretaria Municipal de Administração,SMA,Local,Administração pública direta,Res. Sólidos ,,35391.91,1.19,14.84,,,100.0,0.0,,,53.39,,,0.0,,,,0.87,55.02,27.05,,28.16,39.2,1.21,,,,,,,,,,,,,,,,,,,58.11,,,,
2,Nordeste,29,BA,2910,SUL (NBS - ILHEUS),29015,JEQUIE,291870,BA - LAFAIETE COUTINHO,4075,Nordeste,NE,1,2022,Prefeitura Municipal de Lafaiete Coutinho,PMLC,Local,Administração pública direta,Res. Sólidos ,,21924.11,1.59,,,,94.74,5.26,0.0,,53.52,,,0.0,350.16,,,,,,26.32,1.64,,0.69,,,,,,,,,,,,,0.55,0.0,,,,,,52.63,,,21.05
2,Nordeste,29,BA,2911,SUDOESTE (NBS - VITORIA CONQUISTA),29007,GUANAMBI,291875,BA - LAGOA REAL,14105,Nordeste,NE,1,2022,Prefeitura municipal de  Lagoa Real,PMLR,Local,Administração pública direta,Res. Sólidos ,,31363.83,1.83,27.45,,,100.0,0.0,,,31.9,,,0.0,,,,,,,,100.0,,0.18,,,,,,,,,,,,,,,,,,,,,,,
2,Nordeste,29,BA,2915,LESTE - (NRS - SALVADOR),29022,SANTO ANTONIO DE JESUS,291880,BA - LAJE,21052,Nordeste,NE,1,2022,PREFEITURA MUNICIPAL DE LAJE,PML,Local,Administração pública direta,Res. Sólidos ,,,1.72,100.0,,,,,,,57.51,,,100.0,1863.68,,,,42.86,16.17,15.79,17.14,,1.58,,,,,,,,,,,,,,100.0,,,,,82.9,61.84,,,21.05
2,Nordeste,29,BA,2916,EXTREMO SUL (NRS - TEIXEIRA FREITAS),29026,TEIXEIRA DE FREITAS,291890,BA - LAJEDAO,3845,Nordeste,NE,1,2022,Prefeitura Municipal de Lajedão,PML,Local,Administração pública direta,Res. Sólidos ,,,3.07,100.0,,,,,,,100.0,,,100.0,662.94,,,0.53,421.87,39.96,25.0,,11.41,0.59,,,,,,,,,,,,,,100.0,,,,,53.04,31.25,,,12.5
2,Nordeste,29,BA,2917,CENTRO-LESTE (NRS - FEIRA SANTANA),29011,ITABERABA,291900,BA - LAJEDINHO,3527,Nordeste,NE,1,2022,PREFEITURA MUNICIPAL DE LAJEDINHO,PML,Local,Administração pública direta,Res. Sólidos ,,61712.16,3.35,100.0,,,0.0,100.0,6.67,,36.8,,,100.0,638.98,,,,207.32,13.44,20.0,3.33,,1.27,,,,,,,,,,,,,,100.0,,,,,49.01,40.0,,,26.67
2,Nordeste,29,BA,2910,SUL (NBS - ILHEUS),29015,JEQUIE,291905,BA - LAJEDO DO TABOCAL,7494,Nordeste,NE,1,2022,SECRETARIA MUNICIPAL DE INFRAESTRUTURA,SEMINF,Local,Administração pública direta,Res. Sólidos ,,12538.46,1.88,,,,0.0,100.0,,,65.25,,,100.0,,,,,,,,,,1.08,,,0.42,,,25.0,12.5,25.0,25.0,12.5,,,0.01,,,,,,,,,,
2,Nordeste,29,BA,2917,CENTRO-LESTE (NRS - FEIRA SANTANA),29025,SERRINHA,291910,BA - LAMARAO,9015,Nordeste,NE,1,2022,Prefeitura Municipal de Lamarão,PML,Local,Administração pública direta,Res. Sólidos ,,95680.8,1.29,0.0,,,100.0,0.0,0.0,,60.14,,,1.05,2268.37,,,0.22,131.21,38.95,40.0,,229.89,0.73,,,,,,,,,,,,,,0.0,,,,,58.42,60.0,,,0.0
2,Nordeste,29,BA,2915,LESTE - (NRS - SALVADOR),29020,SALVADOR,291920,BA - LAURO DE FREITAS,203331,Nordeste,NE,3,2022,Secretaria de Serviços Públicos,SESP,Local,Administração pública direta,Res. Sólidos ,,44796.54,3.6,68.58,25.06,,60.06,39.94,10.62,,97.99,,,100.0,2762.99,,,,129.58,38.85,15.53,77.22,,1.17,,,1.03,,,60.57,30.86,5.71,0.0,2.86,,,0.07,0.0,,,,,31.42,36.13,,,18.07
2,Nordeste,29,BA,2917,CENTRO-LESTE (NRS - FEIRA SANTANA),29023,SEABRA,291930,BA - LENCOIS,10774,Nordeste,NE,1,2022,SECRETARIA DE OBRAS,SEOB,Local,Administração pública direta,Res. Sólidos ,,45574.2,5.81,100.0,,,0.0,100.0,7.69,,98.0,,,100.0,2034.08,,,1.42,134.89,43.49,23.08,0.37,73.95,2.48,,,,,,,,,,,,,0.05,100.0,,,,,23.38,46.15,,,23.08
2,Nordeste,29,BA,2911,SUDOESTE (NBS - VITORIA CONQUISTA),29007,GUANAMBI,291940,BA - LICINIO DE ALMEIDA,11834,Nordeste,NE,1,2022,Prefeitura Municipal de Licínio de Almeida,PMLA,Local,Administração pública direta,Res. Sólidos ,,,0.56,93.7,,,,,,,49.01,,,25.4,242.81,,,,137.22,15.75,16.13,157.05,,0.24,,,12.7,,,29.06,10.51,31.68,0.0,28.75,,,0.47,100.0,,,,,84.03,64.52,,,12.9
2,Nordeste,29,BA,2912,OESTE (NBS - BARREIRAS),29002,BARREIRAS,291955,BA - LUIS EDUARDO MAGALHAES,107909,Nordeste,NE,3,2022,PREFEITURA MUNICIPAL,PMLEM,Local,Administração pública direta,Res. Sólidos ,,187267.24,4.81,,3.3,,0.0,100.0,,,96.69,,,100.0,,,,0.86,,,,,58.2,1.36,,,1.01,,2.45,,,,,,,,,,100.0,,,,,,,,
2,Nordeste,29,BA,2911,SUDOESTE (NBS - VITORIA CONQUISTA),29013,ITAPETINGA,291970,BA - MACARANI,21599,Nordeste,NE,1,2022,Prefeitura Municipal de Macarani,PMM,Local,Administração pública direta,Res. Sólidos ,,35873.19,1.35,1.84,,,100.0,0.0,3.7,,89.82,,,0.0,1630.1,,,,77.66,36.82,33.33,,,0.65,,,3.05,,,64.29,32.14,3.57,0.0,0.0,,,0.0,0.0,,,,,51.54,62.96,,,0.0
2,Nordeste,29,BA,2911,SUDOESTE (NBS - VITORIA CONQUISTA),29003,BRUMADO,291980,BA - MACAUBAS,41859,Nordeste,NE,2,2022,Prefeitura Municipal de Macaúbas,PMM,Local,Administração pública direta,Res. Sólidos ,,45972.31,2.7,86.19,,,28.89,71.11,5.56,,52.98,,,100.0,788.07,,,,,,16.67,111.82,,0.48,,,3.74,,,54.17,38.89,6.94,0.0,0.0,,,0.82,100.0,100.0,,1.48,,,44.44,,,33.33
2,Nordeste,29,BA,2913,NORTE - (NRS - JUAZEIRO),29017,PAULO AFONSO,291990,BA - MACURURE,7256,Nordeste,NE,1,2022,Secretaria de Infraestrutura,SEINFRA,Local,Administração pública direta,Res. Sólidos ,,28947.37,1.43,47.55,,,57.89,42.11,5.26,,28.5,,,51.77,898.96,,,,210.13,86.0,42.11,2.48,,2.99,,,,,,,,,,,,,,25.0,,,,,10.0,42.11,,,10.53
2,Nordeste,29,BA,2911,SUDOESTE (NBS - VITORIA CONQUISTA),29028,VITORIA DA CONQUISTA,291995,BA - MAETINGA,6973,Nordeste,NE,1,2022,Prefeitura Municipal de Maetinga,PMM,Local,Administração pública direta,Res. Sólidos ,,17152.5,1.22,,,,100.0,0.0,12.5,,43.02,,,50.0,1277.96,,,,,,18.75,,,1.1,,,,,,,,,,,,,,0.0,,,,,,43.75,,,12.5
2,Nordeste,29,BA,2911,SUDOESTE (NBS - VITORIA CONQUISTA),29013,ITAPETINGA,292000,BA - MAIQUINIQUE,8731,Nordeste,NE,1,2022,Prefeitura Municipal de Maiquinique,PMM,Local,Administração pública direta,Res. Sólidos ,,,8.28,0.0,,,,,,,93.92,,,0.0,,,,,466.81,95.45,,51.85,,2.26,,,0.74,,,,,,,,,,0.67,,,,,,0.0,,,,
2,Nordeste,29,BA,2918,CENTRO - NORTE (NRS - JACOBINA),29014,JACOBINA,292010,BA - MAIRI,17674,Nordeste,NE,1,2022,SECRETARIA DE INFRAESTRUTURA,SINFRA,Local,Administração pública direta,Res. Sólidos ,,2307.69,0.4,,,,18.27,81.73,4.81,,62.24,,,100.0,419.9,,,,,,6.73,,,0.23,,,,,,,,,,,,,0.22,86.21,100.0,,0.36,,,55.77,,,11.54
2,Nordeste,29,BA,2910,SUL (NBS - ILHEUS),29015,JEQUIE,292040,BA - MANOEL VITORINO,13860,Nordeste,NE,1,2022,Prefeitura Municipal de Manoel Vitorino,PMMV,Local,Administração pública direta,Res. Sólidos ,,25689.66,1.43,50.34,,,51.72,48.28,6.9,,86.58,,,100.0,4233.23,,,0.48,19.81,14.09,13.79,,152.38,1.21,,,,,,,,,,,,,0.11,30.0,,,,,84.56,68.97,,,6.9
2,Nordeste,29,BA,2912,OESTE (NBS - BARREIRAS),29002,BARREIRAS,292045,BA - MANSIDAO,13919,Nordeste,NE,1,2022,PREFEITURA MUNICIPAL DE MANSIDÃO,PMM,Local,Administração pública direta,Res. Sólidos ,,,3.66,100.0,,,,,,,42.96,,,100.0,2754.79,,,0.39,197.58,38.1,6.06,,306.24,1.58,,,,,,,,,,,,,0.01,100.0,,,,,60.99,75.76,,,15.15
2,Nordeste,29,BA,2915,LESTE - (NRS - SALVADOR),29005,CRUZ DAS ALMAS,292060,BA - MARAGOGIPE,35859,Nordeste,NE,2,2022,Prefeitura Municipal de Maragogipe,PMM,Local,Administração pública direta,Res. Sólidos ,,,4.41,15.87,,,,,,,85.65,,,0.0,2137.31,,,0.54,130.78,11.32,3.38,27.95,0.0,0.54,,,,,,,,,,,,,,0.0,,,,,82.16,90.98,,,4.51
2,Nordeste,29,BA,2910,SUL (NBS - ILHEUS),29012,ITABUNA,292070,BA - MARAU,24527,Nordeste,NE,1,2022,secretaria municipal de infra estrutura,seinfra,Local,Administração pública direta,Res. Sólidos ,,36964.29,5.45,51.69,,,69.64,30.36,7.14,,55.65,,,0.27,439.3,,,,354.55,37.68,28.57,,,0.44,,,,,,,,,,,,,0.73,0.0,,,,,44.44,46.43,,,17.86
2,Nordeste,29,BA,2917,CENTRO-LESTE (NRS - FEIRA SANTANA),29011,ITABERABA,292080,BA - MARCIONILIO SOUZA,9267,Nordeste,NE,1,2022,SECRETARIA MUNICIPAL DE ADMINISTRAÇÃO,PMMS,Local,Administração pública direta,Res. Sólidos ,,35286.88,4.38,100.0,,,0.0,100.0,3.39,,48.56,,,100.0,218.65,,,,471.49,49.6,54.24,244.29,,1.33,,,,,,,,,,,,,0.1,100.0,100.0,200.64,0.16,,4.82,16.95,,,10.17
2,Nordeste,29,BA,2910,SUL (NBS - ILHEUS),29009,ILHEUS,292090,BA - MASCOTE,13544,Nordeste,NE,1,2022,Prefeitura Municipal de Mascote,PMM,Local,Administração pública direta,Res. Sólidos ,,,3.6,2.36,,,,,,,70.44,,,0.89,1408.55,,,0.71,124.28,21.52,9.64,7.65,42.42,1.01,,,,,,,,,,,,,0.85,0.0,,,,,59.34,49.4,,,8.43
2,Nordeste,29,BA,2915,LESTE - (NRS - SALVADOR),29004,CAMACARI,292100,BA - MATA DE SAO JOAO,42566,Nordeste,NE,2,2022,Secretaria de Obras e Serviços Públicos,SEOSP,Local,Administração pública direta,Res. Sólidos ,,40692.53,4.94,38.32,10.46,,88.3,11.7,1.77,,90.0,,,59.53,2096.33,,,0.92,194.59,36.72,11.7,40.5,68.0,1.55,,,0.35,,,52.58,5.17,1.99,32.45,7.81,,,0.05,0.0,,,,,16.34,27.66,,,55.32
2,Nordeste,29,BA,2911,SUDOESTE (NBS - VITORIA CONQUISTA),29007,GUANAMBI,292105,BA - MATINA,10330,Nordeste,NE,1,2022,Prefeitura Municipal de Matina,PMM,Local,Administração pública direta,Res. Sólidos ,,52369.95,1.62,,,,0.0,100.0,0.0,,31.19,,,100.0,162.94,,,,,,66.67,,,0.43,,,,,,,,,,,,,0.47,100.0,,,,,,33.33,,,0.0
2,Nordeste,29,BA,2916,EXTREMO SUL (NRS - TEIXEIRA FREITAS),29026,TEIXEIRA DE FREITAS,292110,BA - MEDEIROS NETO,22194,Nordeste,NE,1,2022,Prefeitura Municipal de Medeiros Neto,PMMN,Local,Administração pública direta,Res. Sólidos ,,19726.03,8.21,,,,100.0,0.0,,,99.13,,,0.0,,,,,,,,12.0,,0.12,,,,,,,,,,,,,,,,,,,,,,,
2,Nordeste,29,BA,2918,CENTRO - NORTE (NRS - JACOBINA),29014,JACOBINA,292120,BA - MIGUEL CALMON,24661,Nordeste,NE,1,2022,Prefeitura Municipal de Miguel Calmon,PMMC,Local,Administração pública direta,Res. Sólidos ,,22010.29,4.29,56.41,,,43.09,56.91,0.81,,93.26,,,0.0,329.81,,,,233.69,11.58,10.57,156.48,,0.16,,,,,,,,,,,,,2.24,31.08,,,,,87.84,60.16,,,28.46
2,Nordeste,29,BA,2915,LESTE - (NRS - SALVADOR),29022,SANTO ANTONIO DE JESUS,292130,BA - MILAGRES,11071,Nordeste,NE,1,2022,Prefeitura Municipal de Milagres,PMM,Local,Administração pública direta,Res. Sólidos ,,,1.63,0.0,,,,,,,75.61,,,0.0,807.11,,,,99.18,29.61,30.77,,,0.66,,,,,,,,,,,,,,0.0,,,,,66.69,38.46,,,19.23
2,Nordeste,29,BA,2918,CENTRO - NORTE (NRS - JACOBINA),29014,JACOBINA,292140,BA - MIRANGABA,15734,Nordeste,NE,1,2022,Prefeitura Municipal de Mirangaba,PMM,Local,Administração pública direta,Res. Sólidos ,,30555.04,4.03,85.65,,,25.56,74.44,1.11,,76.76,,,100.0,473.23,,,,200.4,26.99,27.78,6.75,,0.84,,,,,,,,,,,,,,78.33,,,,,55.75,66.67,,,0.0
2,Nordeste,29,BA,2911,SUDOESTE (NBS - VITORIA CONQUISTA),29028,VITORIA DA CONQUISTA,292145,BA - MIRANTE,10187,Nordeste,NE,1,2022,PREFEITURA MUNICIPAL DE MIRANTE,PMM,Local,Administração pública direta,Res. Sólidos ,,23760.0,0.69,100.0,,,0.0,100.0,8.33,,36.28,,,100.0,979.77,,,0.44,119.87,38.68,25.0,,53.33,0.68,,,,,,,,,,,,,,100.0,,,,,38.68,25.0,,,16.67
2,Nordeste,29,BA,2917,CENTRO-LESTE (NRS - FEIRA SANTANA),29025,SERRINHA,292150,BA - MONTE SANTO,47780,Nordeste,NE,2,2022,Prefeitura Municipal de Monte Santo,PMMS,Local,Administração pública direta,Res. Sólidos ,,37988.16,2.03,84.29,,,20.75,79.25,3.77,,58.52,,,100.0,2137.38,,,,269.89,53.81,11.32,,,0.79,,,,,,,,,,,,,2.49,66.67,100.0,46.01,1.79,,38.39,56.6,,,28.3
2,Nordeste,29,BA,2918,CENTRO - NORTE (NRS - JACOBINA),29014,JACOBINA,292170,BA - MORRO DO CHAPEU,33594,Nordeste,NE,2,2022,Prefeitura Municipal de Morro do Chapéu,PMMC,Local,Administração pública direta,Res. Sólidos ,,48095.75,4.48,,,,70.13,29.87,,,85.03,,,100.0,,,,,,,,,,0.67,,,,,,,,,,,,,,,,,,,,,,,
2,Nordeste,29,BA,2911,SUDOESTE (NBS - VITORIA CONQUISTA),29007,GUANAMBI,292180,BA - MORTUGABA,11143,Nordeste,NE,1,2022,Prefeitura Municipal de Mortugaba,PMM,Local,Administração pública direta,Res. Sólidos ,,,6.11,68.73,,,,,,,58.33,,,77.42,,,,,271.89,8.95,,161.29,,0.26,,,,,,,,,,,,,,,,,,,0.0,,,,
2,Nordeste,29,BA,2917,CENTRO-LESTE (NRS - FEIRA SANTANA),29023,SEABRA,292190,BA - MUCUGE,12137,Nordeste,NE,1,2022,Prefeitura Municipal de Mucugê,PMM,Local,Administração pública direta,Res. Sólidos ,,33923.29,3.71,86.92,,,20.55,79.45,2.74,,100.0,,,100.0,239.62,,,,442.22,16.07,16.44,33.33,,0.2,,,3.33,,,50.0,23.33,10.0,0.0,16.67,,,1.11,71.43,,,,,47.65,38.36,,,35.62
2,Nordeste,29,BA,2916,EXTREMO SUL (NRS - TEIXEIRA FREITAS),29026,TEIXEIRA DE FREITAS,292200,BA - MUCURI,37977,Nordeste,NE,2,2022,Prefeitura Municipal de Mucuri,PMM,Local,Administração pública direta,Res. Sólidos ,,112886.37,4.22,,,,81.72,18.28,0.0,,84.9,,,100.0,2555.91,,,,,,16.13,,,1.02,,,,,,,,,,,,,,0.0,,,,,,10.75,,,73.12
2,Nordeste,29,BA,2918,CENTRO - NORTE (NRS - JACOBINA),29010,IRECE,292205,BA - MULUNGU DO MORRO,13152,Nordeste,NE,1,2022,Secretaria Municipal de Infraestrutura e Serviços Públicos,SECINSP,Local,Administração pública direta,Res. Sólidos ,,31616.0,4.69,76.69,,,33.78,66.22,5.41,,38.47,,,100.0,1289.94,,,,100.08,20.72,16.22,83.76,,2.84,,,0.1,,,0.0,40.0,40.0,20.0,0.0,,,,51.11,,,,,65.42,60.81,,,13.51
2,Nordeste,29,BA,2917,CENTRO-LESTE (NRS - FEIRA SANTANA),29006,FEIRA DE SANTANA,292210,BA - MUNDO NOVO,17305,Nordeste,NE,1,2022,Prefeitura Municipal de Mundo Novo,PMMN,Local,Administração pública direta,Res. Sólidos ,,47851.32,2.61,0.0,,,100.0,0.0,12.73,,66.07,,,0.0,3992.01,,,0.84,188.86,35.87,7.27,4.0,41.76,1.2,,,,,,,,,,,,,2.9,0.0,,,,,22.14,36.36,,,18.18
2,Nordeste,29,BA,2915,LESTE - (NRS - SALVADOR),29022,SANTO ANTONIO DE JESUS,292220,BA - MUNIZ FERREIRA,7190,Nordeste,NE,1,2022,SECRETARIA MUNICIPAL DE SERVIÇOS PÚBLICOS,PMMF,Local,Administração pública direta,Res. Sólidos ,,39027.46,3.68,79.88,,,33.33,66.67,3.7,,89.96,,,0.0,1689.3,,,,248.41,49.86,14.81,14.18,,0.9,,,,,,,,,,,,,,50.0,,,,,40.54,66.67,,,14.81
2,Nordeste,29,BA,2912,OESTE (NBS - BARREIRAS),29008,IBOTIRAMA,292225,BA - MUQUEM DE SAO FRANCISCO,10443,Nordeste,NE,1,2022,Prefeitura Municipal de Muquém de São Francisco,PMMSF,Local,Administração pública direta,Res. Sólidos ,,24700.0,0.94,100.0,,,0.0,100.0,10.0,,58.6,,,100.0,645.37,,,,154.46,31.58,25.0,,,0.45,,,,,,,,,,,,,0.4,100.0,,,,,30.77,25.0,,,15.0
2,Nordeste,29,BA,2915,LESTE - (NRS - SALVADOR),29005,CRUZ DAS ALMAS,292230,BA - MURITIBA,28707,Nordeste,NE,1,2022,Secretaria Municipal de Obras,obras,Local,Administração pública direta,Res. Sólidos ,,28884.32,5.55,30.01,,,63.92,36.08,0.0,,89.54,,,74.28,903.98,,,,257.23,38.28,15.19,,,1.6,,,,,,,,,,,,,0.05,30.86,,,,,58.03,51.27,,,33.54
2,Nordeste,29,BA,2915,LESTE - (NRS - SALVADOR),29022,SANTO ANTONIO DE JESUS,292240,BA - MUTUIPE,20037,Nordeste,NE,1,2022,PREFEITURA MUNICIPAL DE MUTUÍPE,PMM,Local,Administração pública direta,Res. Sólidos ,,23092.71,2.53,,,,25.0,75.0,6.67,,49.26,,,100.0,1739.3,,,,,,8.33,101.03,,0.76,,,,,,,,,,,,,,75.76,,,,,,55.0,,,15.0
2,Nordeste,29,BA,2915,LESTE - (NRS - SALVADOR),29022,SANTO ANTONIO DE JESUS,292250,BA - NAZARE,27060,Nordeste,NE,1,2022,Secretária Municipal  de Infraestrutura,SEINF,Local,Administração pública direta,Res. Sólidos ,,37574.29,9.86,0.0,,,100.0,0.0,3.97,,96.54,,,46.67,2995.21,,,0.73,192.0,60.83,12.7,192.0,114.29,1.57,,,,,,,,,,,,,,0.0,,139.22,0.5,,39.17,67.46,,,15.87
2,Nordeste,29,BA,2910,SUL (NBS - ILHEUS),29027,VALENCA,292260,BA - NILO PECANHA,12063,Nordeste,NE,1,2022,Prefeitura Municipal de Nilo Peçanha,PMNP,Local,Administração pública direta,Res. Sólidos ,,45816.67,2.08,75.26,,,50.0,50.0,20.0,,56.22,,,0.07,2396.17,,,0.81,333.33,72.75,13.33,,49.99,1.21,,,,,,,,,,,,,,71.43,,,,,22.55,46.67,,,13.33
2,Nordeste,29,BA,2917,CENTRO-LESTE (NRS - FEIRA SANTANA),29025,SERRINHA,292265,BA - NORDESTINA,18523,Nordeste,NE,1,2022,PREFEITURA MUNICIPAL DE NORDESTINA,PMN,Local,Administração pública direta,Res. Sólidos ,,2461.54,0.27,,,,0.0,100.0,,,64.78,,,100.0,,,,,,,,,,0.25,,,,,,,,,,,,,,,,,,,,,,,
2,Nordeste,29,BA,2911,SUDOESTE (NBS - VITORIA CONQUISTA),29013,ITAPETINGA,292270,BA - NOVA CANAA,13715,Nordeste,NE,1,2022,Prefeitura Municipal de Nova Canaã,PMNC,Local,Administração pública direta,Res. Sólidos ,,75053.75,3.18,,,,100.0,0.0,,,47.71,,,0.0,,,,,,,,,,0.21,,,,,,,,,,,,,,,,,,,,,,,
2,Nordeste,29,BA,2910,SUL (NBS - ILHEUS),29027,VALENCA,292275,BA - NOVA IBIA,6501,Nordeste,NE,1,2022,Prefeitura Municipal de Nova Ibiá,PMNI,Local,Administração pública direta,Res. Sólidos ,,10851.39,0.6,,,,100.0,0.0,0.0,,61.53,,,0.0,2717.78,,,,,,16.67,58.78,,1.75,,,,,,,,,,,,,2.12,0.0,,,,,,38.89,,,44.44
2,Nordeste,29,BA,2910,SUL (NBS - ILHEUS),29015,JEQUIE,292280,BA - NOVA ITARANA,7780,Nordeste,NE,1,2022,PREFEITURA MUNICIPAL DE NOVA ITARANA,PMNI,Local,Administração pública direta,Res. Sólidos ,,28457.14,2.95,0.0,,,100.0,0.0,,,52.31,,,0.0,,,,,500.0,60.24,,166.67,,0.81,,,,,,,,,,,,,,,,,,,30.12,,,,
2,Nordeste,29,BA,2917,CENTRO-LESTE (NRS - FEIRA SANTANA),29011,ITABERABA,292285,BA - NOVA REDENCAO,7538,Nordeste,NE,1,2022,Prefeitura Municipal de Nova Redenção,PMNR,Local,Administração pública direta,Res. Sólidos ,,18604.65,4.79,0.0,,,100.0,0.0,11.63,,58.37,,,0.0,763.09,,,1.87,96.62,37.5,30.23,3.22,3.5,1.93,,,0.1,,,0.0,32.26,67.74,0.0,0.0,,,0.32,0.0,,,,,25.0,27.91,,,13.95
2,Nordeste,29,BA,2916,EXTREMO SUL (NRS - TEIXEIRA FREITAS),29026,TEIXEIRA DE FREITAS,292300,BA - NOVA VICOSA,39509,Nordeste,NE,2,2022,"Secretaria Municipal de Viação, Obras e Serviços Públicos",SMVOSP,Local,Empresa pública,Res. Sólidos ,,15066.67,4.5,,,,68.75,31.25,,,95.67,,,56.98,,,,,,,,5.6,,2.08,,,15.67,,,,,,,,,,,,100.0,,,,,,,,
2,Nordeste,29,BA,2917,CENTRO-LESTE (NRS - FEIRA SANTANA),29023,SEABRA,292303,BA - NOVO HORIZONTE,11162,Nordeste,NE,1,2022,Prefeitura Municipal de Novo Horizonte,PMNH,Local,Administração pública direta,Res. Sólidos ,,,2.0,3.81,,,,,,,53.01,,,0.0,,,,0.59,118.09,35.05,,,78.12,1.06,,,,,,,,,,,,,,,,,,,37.62,,,,
2,Nordeste,29,BA,2914,NORDESTE (NRS - ALAGOINHAS),29019,RIBEIRA DO POMBAL,292305,BA - NOVO TRIUNFO,11101,Nordeste,NE,1,2022,PREFEITURA MUNICIPAL,PMNT,Local,Administração pública direta,Res. Sólidos ,,29937.48,3.44,63.49,,,66.22,33.78,2.7,,88.73,,,75.01,1657.79,,,0.97,93.61,19.73,12.16,0.56,33.31,1.3,,,,,,,,,,,,,0.02,33.9,,,,,79.5,79.73,,,5.41
2,Nordeste,29,BA,2914,NORDESTE (NRS - ALAGOINHAS),29019,RIBEIRA DO POMBAL,292310,BA - OLINDINA,22633,Nordeste,NE,1,2022,SECRETARIA MUNICIPAL DE OBRAS E SERVIÇOS URBANOS,SESUR,Local,Administração pública direta,Res. Sólidos ,,32692.31,2.43,,,,3.85,96.15,9.62,,64.19,,,100.0,2617.21,,,1.07,,,13.46,6.28,1.06,1.08,,,,,,,,,,,,,0.14,100.0,100.0,,0.53,,,57.69,,,19.23
2,Nordeste,29,BA,2912,OESTE (NBS - BARREIRAS),29008,IBOTIRAMA,292320,BA - OLIVEIRA DOS BREJINHOS,20715,Nordeste,NE,1,2022,Prefeitura Municipal de Oliveira dos Brejinhos,PMOB,Local,Administração pública direta,Res. Sólidos ,,27027.03,1.03,,,,100.0,0.0,8.11,,96.55,,,6.54,1645.37,,,,,,16.22,,,0.44,,,3.12,,,,,,,,,,,0.0,,,,,,40.54,,,21.62
2,Nordeste,29,BA,2918,CENTRO - NORTE (NRS - JACOBINA),29014,JACOBINA,292335,BA - OUROLANDIA,19243,Nordeste,NE,1,2022,Prefeitura Municipal de Ourolândia,PMO,Local,Administração pública direta,Res. Sólidos ,,45481.71,4.34,,,,0.0,100.0,,,92.5,,,100.0,,,,,,,,43.35,,2.95,,,1.42,,,,,,,,,,,,,,,,,,,,
2,Nordeste,29,BA,2911,SUDOESTE (NBS - VITORIA CONQUISTA),29007,GUANAMBI,292340,BA - PALMAS DE MONTE ALTO,20078,Nordeste,NE,1,2022,Prefeitura Municipal de Palmas de Monte Alto,PMPMA,Local,Administração pública direta,Res. Sólidos ,,32020.11,1.35,,,,100.0,0.0,,,55.14,,,1.54,,,,,,,,,,0.37,,,1.35,,,,,,,,,,,,,,,,,,,,
2,Nordeste,29,BA,2917,CENTRO-LESTE (NRS - FEIRA SANTANA),29023,SEABRA,292350,BA - PALMEIRAS,10339,Nordeste,NE,1,2022,Prefeitura Municipal de Palmeiras,PMP,Local,Administração pública direta,Res. Sólidos ,,44713.29,5.12,100.0,,,0.0,100.0,8.16,,71.09,,,100.0,1886.26,,,2.2,137.96,37.18,20.41,,0.0,2.2,,,,,,,,,,,,,,100.0,,,,,24.14,40.82,,,30.61
2,Nordeste,29,BA,2912,OESTE (NBS - BARREIRAS),29008,IBOTIRAMA,292370,BA - PARATINGA,29252,Nordeste,NE,1,2022,Prefeitura Municipal de Paratinga,PMP,Local,Administração pública direta,Res. Sólidos ,,,3.95,100.0,,,,,,,36.58,,,100.0,342.67,,,0.72,470.02,38.7,27.56,25.17,33.69,0.96,,,,,,,,,,,,,0.45,100.0,100.0,71.95,1.11,,22.93,33.07,,,22.05
2,Nordeste,29,BA,2913,NORTE - (NRS - JUAZEIRO),29017,PAULO AFONSO,292400,BA - PAULO AFONSO,112870,Nordeste,NE,3,2022,PREFEITURA MUNICIPAL DE PAULO AFONSO -SECRETARIA MUNICIPAL DE SERVIÇOS PÚBLICOS,PMPA/SESEP,Local,Administração pública direta,Res. Sólidos ,,34844.31,3.72,92.09,,,11.59,88.41,7.0,,95.15,,,0.0,3054.04,,,,158.12,49.25,11.35,,,1.15,,,6.39,,,40.44,41.04,16.48,0.42,1.62,,,,100.0,,,,,41.34,55.56,,,21.26
2,Nordeste,29,BA,2914,NORDESTE (NRS - ALAGOINHAS),29001,ALAGOINHAS,292410,BA - PEDRAO,6235,Nordeste,NE,1,2022,Prefeitura Municipal de Pedrão,PMP,Local,Administração pública direta,Res. Sólidos ,,25701.99,1.8,95.71,,,4.35,95.65,8.7,,83.96,,,85.23,3028.75,,,,45.65,36.6,21.74,,,2.48,,,,,,,,,,,,,0.05,100.0,,,,,50.72,60.87,,,0.0
2,Nordeste,29,BA,2913,NORTE - (NRS - JUAZEIRO),29017,PAULO AFONSO,292420,BA - PEDRO ALEXANDRE,13954,Nordeste,NE,1,2022,PREFEITURA MUNICIPAL DE PEDRO ALEXANDRE,PMPA,Local,Administração pública direta,Res. Sólidos ,,32497.85,1.23,14.58,,,100.0,0.0,7.69,,93.16,,,29.08,,,,0.04,320.0,18.94,0.0,,243.9,0.15,,,0.71,,,20.0,20.0,40.0,20.0,0.0,,,0.85,0.0,,54.17,1.6,,64.12,76.92,,,15.38
2,Nordeste,29,BA,2917,CENTRO-LESTE (NRS - FEIRA SANTANA),29023,SEABRA,292430,BA - PIATA,20086,Nordeste,NE,1,2022,Prefeitura Municipal,PMP,Local,Administração pública direta,Res. Sólidos ,,44763.81,2.42,,,,100.0,0.0,,,59.19,,,99.95,,,,,117.49,,,,,0.46,,,,,,,,,,,,,0.11,,,,,,,,,,
2,Nordeste,29,BA,2911,SUDOESTE (NBS - VITORIA CONQUISTA),29007,GUANAMBI,292450,BA - PINDAI,14731,Nordeste,NE,1,2022,Prefeitura Municipal de Pindai,PMP,Local,Administração pública direta,Res. Sólidos ,,99820.52,3.53,100.0,,,4.35,95.65,8.7,,30.6,,,100.0,1743.88,,,,256.49,36.59,26.09,,,1.99,,,,,,,,,,,,,,90.91,,,,,13.26,47.83,,,17.39
2,Nordeste,29,BA,2913,NORTE - (NRS - JUAZEIRO),29024,SENHOR DO BONFIM,292460,BA - PINDOBACU,19083,Nordeste,NE,1,2022,SECRETARIA MUNICIPAL DE ADMINISTRAÇÃO,SEMAD,Local,Administração pública direta,Res. Sólidos ,,89140.0,0.21,,,,50.0,50.0,,,99.57,,,100.0,,,,,,,,25.0,,0.17,,,,,,,,,,,,,0.26,,,,,,,,,,
2,Nordeste,29,BA,2917,CENTRO-LESTE (NRS - FEIRA SANTANA),29006,FEIRA DE SANTANA,292465,BA - PINTADAS,10325,Nordeste,NE,1,2022,Prefeitura Municipal de Pintadas,PMP,Local,Administração pública direta,Res. Sólidos ,,43475.32,5.63,63.69,,,42.31,57.69,7.69,,53.63,,,0.11,1396.17,,,,417.35,32.27,7.69,25.71,,0.87,,,0.11,,,26.32,21.05,0.0,0.0,52.63,,,0.16,57.14,,,,,66.93,67.31,,,17.31
2,Nordeste,29,BA,2910,SUL (NBS - ILHEUS),29027,VALENCA,292467,BA - PIRAI DO NORTE,10974,Nordeste,NE,1,2022,Prefeitura Municipal de Piraí do Norte,PMPN,Local,Administração pública direta,Res. Sólidos ,,13892.38,0.92,2.51,,,100.0,0.0,3.23,,41.01,,,100.0,159.74,,,,2099.32,97.49,12.9,,,0.13,,,,,,,,,,,,,0.48,0.0,,,,,0.0,64.52,,,12.9
2,Nordeste,29,BA,2911,SUDOESTE (NBS - VITORIA CONQUISTA),29028,VITORIA DA CONQUISTA,292470,BA - PIRIPA,9171,Nordeste,NE,1,2022,Prefeitura Municipal de Piripá,PMP,Local,Administração pública direta,Res. Sólidos ,,13571.43,0.48,0.0,,,100.0,0.0,7.14,,23.99,,,43.75,102.24,,,0.15,500.0,42.11,35.71,,33.33,0.2,,,,,,,,,,,,,,0.0,,,,,15.79,21.43,,,7.14
2,Nordeste,29,BA,2918,CENTRO - NORTE (NRS - JACOBINA),29014,JACOBINA,292480,BA - PIRITIBA,17566,Nordeste,NE,1,2022,PREFEITURA MUNICIPAL DE PIRITIBA,PMP,Local,Administração pública direta,Res. Sólidos ,,22535.86,3.71,78.41,,,20.72,79.28,2.7,,67.62,,,100.0,768.63,,,,92.68,27.63,27.93,0.67,,1.72,,,,,,,,,,,,,0.07,71.43,,,,,69.56,69.37,,,0.0
2,Nordeste,29,BA,2910,SUL (NBS - ILHEUS),29015,JEQUIE,292490,BA - PLANALTINO,8022,Nordeste,NE,1,2022,Prefeitura Municipal de Planaltino,PMP,Local,Administração pública direta,Res. Sólidos ,,5666.67,8.33,,,,50.0,50.0,3.33,,74.79,,,100.0,3833.87,,,,,,6.67,,,1.1,,,,,,,,,,,,,0.42,28.57,,,,,,70.0,,,20.0
2,Nordeste,29,BA,2911,SUDOESTE (NBS - VITORIA CONQUISTA),29028,VITORIA DA CONQUISTA,292500,BA - PLANALTO,23334,Nordeste,NE,1,2022,Prefeitura Municipal de Planalto,PMP,Local,Administração pública direta,Res. Sólidos ,,41796.44,1.69,100.0,,,31.43,68.57,8.57,,81.43,,,100.0,2204.47,,,,209.45,98.79,28.57,0.07,,0.99,,,,,,,,,,,,,,0.0,,,,,0.0,28.57,,,31.43
2,Nordeste,29,BA,2915,LESTE - (NRS - SALVADOR),29004,CAMACARI,292520,BA - POJUCA,32136,Nordeste,NE,2,2022,SECRETARIA DE SERVIÇOS PÚBLICOS E MEIO AMBIENTE,SESPUMA,Local,Administração pública direta,Res. Sólidos ,,62957.91,4.64,66.16,,,49.3,50.7,8.45,,100.0,,,79.34,2975.55,,,1.29,120.82,28.95,16.2,81.14,41.25,1.83,,,,,,,,,,,,,0.09,43.1,,,,,32.86,40.85,,,22.54
2,Nordeste,29,BA,2913,NORTE - (NRS - JUAZEIRO),29024,SENHOR DO BONFIM,292525,BA - PONTO NOVO,17938,Nordeste,NE,1,2022,Prefeitura Municipal de Ponto Novo,PMPN,Local,Administração pública direta,Res. Sólidos ,,23760.0,3.54,0.0,,,100.0,0.0,,,78.05,,,0.0,,,,,,,,,,0.23,,,,,,,,,,,,,,,,,,,,,,,
2,Nordeste,29,BA,2916,EXTREMO SUL (NRS - TEIXEIRA FREITAS),29018,PORTO SEGURO,292530,BA - PORTO SEGURO,168326,Nordeste,NE,3,2022,Prefeitura Municipal de Porto Seguro,PMPS,Local,Administração pública direta,Res. Sólidos ,,,9.74,32.77,6.51,,,,,,83.17,,,100.0,3887.11,,,,,,15.11,,,1.43,,,,,,,,,,,,,0.05,84.34,,,,,,41.81,,,35.77
2,Nordeste,29,BA,2918,CENTRO - NORTE (NRS - JACOBINA),29010,IRECE,292560,BA - PRESIDENTE DUTRA,15130,Nordeste,NE,1,2022,Prefeitura Municipal de Presidente Dutra,PMPDBA,Local,Administração pública direta,Res. Sólidos ,,14448.05,3.0,40.27,,,96.55,3.45,1.72,,99.14,,,58.14,3434.5,,,,365.53,93.78,3.45,29.02,,0.79,,,,,,,,,,,,,0.01,0.0,,,,,0.0,73.28,,,17.24
2,Nordeste,29,BA,2915,LESTE - (NRS - SALVADOR),29022,SANTO ANTONIO DE JESUS,292575,BA - PRESIDENTE TANCREDO NEVES,27734,Nordeste,NE,1,2022,Prefeitura Municipal de Presidente Tancredo Neves,PMPTN,Local,Administração pública direta,Res. Sólidos ,,77888.64,3.74,,,,15.38,84.62,5.77,,32.81,,,99.06,2218.17,,,,,,13.46,,,1.91,,,20.44,,,42.31,26.92,15.38,15.38,0.0,,,0.06,100.0,,,,,,38.46,,,11.54
2,Nordeste,29,BA,2917,CENTRO-LESTE (NRS - FEIRA SANTANA),29025,SERRINHA,292590,BA - QUIJINGUE,25272,Nordeste,NE,1,2022,"SECRETARIA MUNICIPAL DE INFRAESTRUTURA, SERVIÇOS PÚBLICOS  E TRANSPORTES",SEINFRA,Local,Administração pública direta,Res. Sólidos ,,,1.8,100.0,,,,,,,51.44,,,96.77,396.17,,,0.16,215.05,25.81,31.25,48.39,151.35,0.39,,,0.75,,,14.29,7.14,71.43,7.14,0.0,,,1.61,100.0,,,,,23.87,31.25,,,25.0
2,Nordeste,29,BA,2918,CENTRO - NORTE (NRS - JACOBINA),29014,JACOBINA,292593,BA - QUIXABEIRA,9461,Nordeste,NE,1,2022,Prefeitura Municipal de Quixabeira,PMQ,Local,Administração pública direta,Res. Sólidos ,,34702.15,3.07,56.7,,,43.75,56.25,12.5,,71.37,,,29.08,164.0,,,0.13,476.19,13.21,18.75,33.14,49.94,0.19,,,14.18,,,23.81,50.6,8.93,1.79,14.88,,,2.32,71.43,,,,,63.08,29.17,,,20.83
2,Nordeste,29,BA,2913,NORTE - (NRS - JUAZEIRO),29016,JUAZEIRO,292600,BA - REMANSO,40586,Nordeste,NE,2,2022,PREFEITURA MUNICIPAL DE REMANSO,PMR,Local,Administração pública direta,Res. Sólidos ,,,3.8,,,,,,,,60.16,,,100.0,967.89,,,0.27,,,17.39,2.67,149.96,0.68,,,,,,,,,,,,,0.15,50.0,50.0,,0.64,,,17.39,,,13.04
2,Nordeste,29,BA,2917,CENTRO-LESTE (NRS - FEIRA SANTANA),29025,SERRINHA,292610,BA - RETIROLANDIA,13651,Nordeste,NE,1,2022,Prefeitura Municipal de Retirolândia,PMR,Local,Administração pública direta,Res. Sólidos ,,6250.0,10.0,33.33,,,37.5,62.5,0.0,,76.92,,,0.0,378.37,,,0.11,150.78,41.67,14.58,21.71,93.24,0.22,,,,,,,,,,,,,1.45,60.0,,,,,18.33,52.08,,,33.33
2,Nordeste,29,BA,2912,OESTE (NBS - BARREIRAS),29002,BARREIRAS,292620,BA - RIACHAO DAS NEVES,21642,Nordeste,NE,1,2022,Prefeitura Municipal de Riachão Das Neves,PMRN,Local,Administração pública direta,Res. Sólidos ,,18417.07,1.81,4.71,,,11.11,88.89,7.78,,73.93,,,0.0,189.87,,,,,,23.33,0.88,,0.21,,,,,,,,,,,,,0.96,88.89,0.0,,0.89,,,20.0,,,47.78
2,Nordeste,29,BA,2917,CENTRO-LESTE (NRS - FEIRA SANTANA),29006,FEIRA DE SANTANA,292630,BA - RIACHAO DO JACUIPE,33386,Nordeste,NE,2,2022,Prefeitura Municipal de Riachão do Jacuipe,PMRJ,Local,Administração pública direta,Res. Sólidos ,,36123.01,3.08,,,,100.0,0.0,,,60.07,,,0.0,,,,,,,,,,1.55,,,,,,,,,,,,,,,,,,,,,,,
2,Nordeste,29,BA,2911,SUDOESTE (NBS - VITORIA CONQUISTA),29007,GUANAMBI,292640,BA - RIACHO DE SANTANA,30711,Nordeste,NE,2,2022,Prefeitura Municipal de Riacho de Santana,PMRS,Local,Administração pública direta,Res. Sólidos ,,38616.91,1.96,86.78,,,21.82,78.18,100.0,,60.24,,,0.0,,,,,,,,10.81,,0.64,,,,,,,,,,,,,0.12,,,,,,,,,,
2,Nordeste,29,BA,2914,NORDESTE (NRS - ALAGOINHAS),29019,RIBEIRA DO POMBAL,292650,BA - RIBEIRA DO AMPARO,14064,Nordeste,NE,1,2022,Prefeitura Municipal de Ribeira do Amparo,PMRA,Local,Administração pública direta,Res. Sólidos ,,,3.52,32.49,,,,,,,14.43,,,73.79,281.15,,,,450.0,31.28,22.73,0.76,,1.78,,,,,,,,,,,,,0.11,0.0,,,,,67.51,45.45,,,15.15
2,Nordeste,29,BA,2914,NORDESTE (NRS - ALAGOINHAS),29019,RIBEIRA DO POMBAL,292660,BA - RIBEIRA DO POMBAL,53566,Nordeste,NE,2,2022,Prefeitura Municipal de Ribeira do Pombal,PMRP,Local,Administração pública direta,Res. Sólidos ,,47501.2,7.41,,,,100.0,0.0,,,63.12,,,0.14,,,,,,,,0.55,,1.46,,,,,,,,,,,,,0.11,,,,,,,,,,
2,Nordeste,29,BA,2911,SUDOESTE (NBS - VITORIA CONQUISTA),29028,VITORIA DA CONQUISTA,292665,BA - RIBEIRAO DO LARGO,9740,Nordeste,NE,1,2022,Prefeitura Municipal,PMRL,Local,Administração pública direta,Res. Sólidos ,,22266.92,1.41,1.5,,,100.0,0.0,3.85,,85.27,,,0.0,805.11,,,,89.89,39.13,38.46,,,0.83,,,0.4,,,60.0,30.0,10.0,0.0,0.0,,,0.04,0.0,,,,,47.88,46.15,,,7.69
2,Nordeste,29,BA,2911,SUDOESTE (NBS - VITORIA CONQUISTA),29007,GUANAMBI,292680,BA - RIO DO ANTONIO,13146,Nordeste,NE,1,2022,Prefeitura Municipal de Rio do Antônio,PMRA,Local,Administração pública direta,Res. Sólidos ,,57564.39,3.8,100.0,,,0.0,100.0,3.23,,79.7,,,100.0,1329.07,,,,266.27,38.85,19.35,48.39,,0.68,,,1.19,,,38.71,29.03,32.26,0.0,0.0,,,0.06,100.0,,,,,59.91,64.52,,,9.68
2,Nordeste,29,BA,2911,SUDOESTE (NBS - VITORIA CONQUISTA),29003,BRUMADO,292690,BA - RIO DO PIRES,10497,Nordeste,NE,1,2022,Prefeitura Muinicipal de Rio do Pires,PMRP,Local,Administração pública direta,Res. Sólidos ,,25078.25,5.14,0.0,,,100.0,0.0,0.0,,52.4,,,0.0,456.41,,,,,,31.11,,,1.0,,,,,,,,,,,,,,0.0,,,,,,31.11,,,11.11
2,Nordeste,29,BA,2914,NORDESTE (NRS - ALAGOINHAS),29001,ALAGOINHAS,292700,BA - RIO REAL,35362,Nordeste,NE,2,2022,SECRETARIA MUNICIPAL DE INFRAESTRUTURA E SERVIÇOS PUBLICOS,SEMURB,Local,Administração pública direta,Res. Sólidos ,,53908.29,5.33,68.5,,,61.86,38.14,5.15,,62.75,,,0.0,3427.13,,,1.01,81.81,21.82,13.4,69.99,69.65,1.72,,,,,,,,,,,,,0.07,29.11,,,,,74.63,81.44,,,0.0
2,Nordeste,29,BA,2913,NORTE - (NRS - JUAZEIRO),29017,PAULO AFONSO,292710,BA - RODELAS,10308,Nordeste,NE,1,2022,SECRETARIA DE OBRAS E INFRAESTRUTURA,SECINFRA,Local,Administração pública direta,Res. Sólidos ,,,3.08,0.0,,,,,,,97.01,,,0.0,610.22,,,0.35,213.79,29.47,16.22,187.83,77.4,0.63,,,,,,,,,,,,,,0.0,,114.19,0.66,,70.53,67.57,,,13.51
2,Nordeste,29,BA,2917,CENTRO-LESTE (NRS - FEIRA SANTANA),29011,ITABERABA,292720,BA - RUY BARBOSA,28282,Nordeste,NE,1,2022,PREFEITURA MUNICIPAL DE RUY BARBOSA,PMRB,Local,Administração pública direta,Res. Sólidos ,,39135.98,4.68,,,,0.0,100.0,4.0,,78.86,,,100.0,2129.93,,,,,,9.0,,,0.74,,,,,,,,,,,,,0.22,100.0,,,,,,42.0,,,35.0
2,Nordeste,29,BA,2915,LESTE - (NRS - SALVADOR),29022,SANTO ANTONIO DE JESUS,292730,BA - SALINAS DA MARGARIDA,14987,Nordeste,NE,1,2022,prefeitura municipal de Salinas da Margarida,PMSM,Local,Administração pública direta,Res. Sólidos ,,26656.81,3.02,38.08,,,100.0,0.0,9.37,,86.74,,,0.0,2050.05,,,,175.47,26.4,6.25,,,0.81,,,,,,,,,,,,,0.08,0.0,,,,,57.72,39.58,,,30.21
2,Nordeste,29,BA,2915,LESTE - (NRS - SALVADOR),29020,SALVADOR,292740,BA - SALVADOR,2417678,Nordeste,NE,5,2022,Secretaria Municipal de Ordem Pública,SEMOP,Local,Administração pública direta,Res. Sólidos ,,98555.22,7.23,98.62,39.31,,2.56,97.44,11.73,,96.65,,,100.0,2163.97,,,0.99,152.02,23.92,22.9,86.36,2.26,1.01,,,0.19,,,,,,,,,,,97.35,100.0,79.49,,,20.88,35.99,,,19.08
2,Nordeste,29,BA,2917,CENTRO-LESTE (NRS - FEIRA SANTANA),29006,FEIRA DE SANTANA,292750,BA - SANTA BARBARA,20952,Nordeste,NE,1,2022,Prefeitura Municipal de Santa Barbara,PMSB,Local,Administração pública direta,Res. Sólidos ,,26028.37,4.51,83.38,,,15.6,84.4,0.71,,71.59,,,100.0,3594.25,,,,124.59,31.06,5.67,8.74,,1.67,,,0.82,,,33.33,13.33,33.33,6.67,13.33,,,0.05,0.0,,,,,32.7,7.09,,,2.13
2,Nordeste,29,BA,2913,NORTE - (NRS - JUAZEIRO),29017,PAULO AFONSO,292760,BA - SANTA BRIGIDA,14965,Nordeste,NE,1,2022,PREFEITUTA MUNICIPAL DE SANTA BRIGIDA,PMSB,Local,Administração pública direta,Res. Sólidos ,,27161.94,2.71,,,,100.0,0.0,2.44,,52.36,,,17.14,340.73,,,,,,19.51,70.32,,0.3,,,15.4,,,26.71,24.89,19.86,19.94,8.6,,,,0.0,,,,,,65.85,,,12.2
2,Nordeste,29,BA,2916,EXTREMO SUL (NRS - TEIXEIRA FREITAS),29018,PORTO SEGURO,292770,BA - SANTA CRUZ CABRALIA,29185,Nordeste,NE,1,2022,Prefeitura Municipal,PMSCC,Local,Administração pública direta,Res. Sólidos ,,46276.83,0.54,66.82,,,100.0,0.0,0.0,,75.33,,,0.0,1065.28,,,0.06,277.08,46.07,23.08,,94.99,0.12,,,,,,,,,,,,,0.13,0.0,,,,,18.43,38.46,,,38.46
2,Nordeste,29,BA,2910,SUL (NBS - ILHEUS),29012,ITABUNA,292780,BA - SANTA CRUZ DA VITORIA,4681,Nordeste,NE,1,2022,Prefeitura Municipal de Santa Cruz da Vitória,PMSCV,Local,Administração pública direta,Res. Sólidos ,,18870.27,2.7,75.34,,,100.0,0.0,2.7,,75.92,,,0.0,371.41,,,,348.39,23.2,10.81,79.35,,0.36,,,,,,,,,,,,,0.65,0.0,,,,,56.0,59.46,,,13.51
2,Nordeste,29,BA,2910,SUL (NBS - ILHEUS),29015,JEQUIE,292790,BA - SANTA INES,10300,Nordeste,NE,1,2022,PREFEITURA MUNICIPAL DE SANTA INES,PMSI,Local,Administração pública direta,Res. Sólidos ,,23602.72,2.71,1.08,,,100.0,0.0,2.13,,98.54,,,0.0,1424.01,,,,111.32,31.31,14.89,133.01,,0.84,,,,,,,,,,,,,0.03,0.0,,,,,36.06,36.17,,,23.4
2,Nordeste,29,BA,2910,SUL (NBS - ILHEUS),29009,ILHEUS,292805,BA - SANTA LUZIA,13896,Nordeste,NE,1,2022,Prefeitura Municipal de Santa Luzia,PMSL,Local,Administração pública direta,Res. Sólidos ,,68085.11,7.5,,,,100.0,0.0,4.26,,74.7,,,0.0,8248.14,,,0.67,,,6.38,,203.13,2.04,,,11.3,,,100.0,0.0,0.0,0.0,0.0,,,0.19,0.0,,,0.67,,,42.55,,,21.28
2,Nordeste,29,BA,2912,OESTE (NBS - BARREIRAS),29021,SANTA MARIA DA VITORIA,292810,BA - SANTA MARIA DA VITORIA,38604,Nordeste,NE,2,2022,Secretaria Municipal de Obras e Serviços Públicos,SMOSP,Local,Administração pública direta,Res. Sólidos ,,,4.46,81.89,,,,,,,99.99,,,94.74,3428.49,,,0.82,173.99,42.47,16.36,2.59,67.97,1.37,,,4.5,,,20.69,25.29,38.51,2.87,12.64,,,0.07,65.57,,,,,33.57,55.45,,,13.64
2,Nordeste,29,BA,2915,LESTE - (NRS - SALVADOR),29022,SANTO ANTONIO DE JESUS,292850,BA - SANTA TEREZINHA,10441,Nordeste,NE,1,2022,Prefeitura Municipal de Santa Teresinha,PMST,Local,Administração pública direta,Res. Sólidos ,,27635.0,1.14,14.02,,,100.0,0.0,6.25,,71.09,,,25.25,,,,,26.97,11.31,0.0,18.12,,0.68,,,22.72,,,55.56,22.22,11.11,11.11,0.0,,,0.13,0.0,,,,,53.74,62.5,,,0.0
2,Nordeste,29,BA,2917,CENTRO-LESTE (NRS - FEIRA SANTANA),29025,SERRINHA,292800,BA - SANTALUZ,37834,Nordeste,NE,2,2022,Secretaria de serviços Publicos,PMS,Local,Administração pública direta,Res. Sólidos ,,33998.76,3.58,47.4,,,82.78,17.22,13.89,,60.23,,,0.0,150.35,,,0.11,422.46,11.05,18.89,56.25,77.78,0.19,,,,,,,,,,,,,,11.76,,,,,88.66,56.67,,,5.56
2,Nordeste,29,BA,2912,OESTE (NBS - BARREIRAS),29021,SANTA MARIA DA VITORIA,292820,BA - SANTANA,24755,Nordeste,NE,1,2022,Prefeitura Municipal de Santana,PMS,Local,Administração pública direta,Res. Sólidos ,,22228.72,1.57,0.0,,,100.0,0.0,,,76.75,,,0.0,,,,,140.5,52.4,,,,0.73,,,,,,,,,,,,,0.01,,,,,,43.44,,,,
2,Nordeste,29,BA,2917,CENTRO-LESTE (NRS - FEIRA SANTANA),29006,FEIRA DE SANTANA,292830,BA - SANTANOPOLIS,8716,Nordeste,NE,1,2022,Prefeitura Municipal de Santanópolis,PMS,Local,Administração pública direta,Res. Sólidos ,,11633.73,17.45,41.26,,,100.0,0.0,,,22.95,,,0.0,,,,,12.5,14.33,,,,2.74,,,,,,,,,,,,,1.4,,,,,,35.82,,,,
2,Nordeste,29,BA,2915,LESTE - (NRS - SALVADOR),29020,SALVADOR,292860,BA - SANTO AMARO,56012,Nordeste,NE,2,2022,Prefeitura Municipal de Santo Amaro,PMSA,Local,Administração pública direta,Res. Sólidos ,,54968.79,3.53,100.0,,,0.0,100.0,2.29,,96.29,,,100.0,4121.41,,,0.54,,,18.32,58.14,193.18,1.57,,,,,,,,,,,,,,100.0,,,,,,36.64,,,42.75
2,Nordeste,29,BA,2915,LESTE - (NRS - SALVADOR),29022,SANTO ANTONIO DE JESUS,292870,BA - SANTO ANTONIO DE JESUS,103055,Nordeste,NE,3,2022,COPA ENGENHARIA AMBIENTAL E LOCAÇÃO DE EQUIPAMENTOS LTDA,COPA,Local,Empresa privada,Res. Sólidos ,,92830.08,4.35,100.0,,,0.0,100.0,0.0,,97.04,,,100.0,3646.73,,,1.09,112.85,50.11,36.11,23.48,49.08,1.63,,,0.39,,1.77,43.48,13.04,43.48,0.0,0.0,,,0.03,100.0,,,,,31.18,50.0,,,12.5
2,Nordeste,29,BA,2917,CENTRO-LESTE (NRS - FEIRA SANTANA),29006,FEIRA DE SANTANA,292880,BA - SANTO ESTEVAO,52276,Nordeste,NE,2,2022,"Secretaria de Obras, Serviços Públicos e Meio Ambiente",SEOBS,Local,Administração pública direta,Res. Sólidos ,,,2.94,70.04,,,,,,,82.77,,,56.9,3199.45,,,1.47,50.0,28.35,11.2,88.87,22.63,1.8,,,1.18,,1.55,45.51,18.56,3.59,31.44,0.9,,,0.03,39.22,,,,,35.63,40.8,,,12.4
2,Nordeste,29,BA,2912,OESTE (NBS - BARREIRAS),29002,BARREIRAS,292890,BA - SAO DESIDERIO,32828,Nordeste,NE,2,2022,"Secretaria Municipal de Infraestrutura, Transportes e Serviços Públicos",SEINFRA,Local,Administração pública direta,Res. Sólidos ,,39579.23,1.5,88.03,,,13.98,86.02,7.53,,76.49,,,0.0,2170.57,,,,,,8.6,46.66,,0.59,,,,,,,,,,,,,,88.46,,,,,,55.91,,,27.96
2,Nordeste,29,BA,2917,CENTRO-LESTE (NRS - FEIRA SANTANA),29025,SERRINHA,292895,BA - SAO DOMINGOS,8426,Nordeste,NE,1,2022,Prefeitura Municipal de São Domingos,PMSD,Local,Administração pública direta,Res. Sólidos ,,,2.34,25.93,,,,,,,99.89,,,0.0,,,,0.18,,,,6.0,87.5,0.34,,,,,,,,,,,,,0.3,,,,,,,,,,
2,Nordeste,29,BA,2915,LESTE - (NRS - SALVADOR),29022,SANTO ANTONIO DE JESUS,292910,BA - SAO FELIPE,20283,Nordeste,NE,1,2022,Prefeitura Municipal de São Felipe,PMSF,Local,Administração pública direta,Res. Sólidos ,,34350.99,5.73,13.84,,,98.47,1.53,,,84.8,,,100.0,,,,,,,,,,0.48,,,,,,,,,,,,,0.33,,,,,,,,,,
2,Nordeste,29,BA,2915,LESTE - (NRS - SALVADOR),29005,CRUZ DAS ALMAS,292900,BA - SAO FELIX,11026,Nordeste,NE,1,2022,PREFEITURA MUNICIPAL DE SÃO FELIX,PMSF,Local,Administração pública direta,Res. Sólidos ,,,9.26,,,,,,,,81.14,,,78.31,305.43,,,0.31,,,15.46,2.01,47.92,0.46,,,,,,,,,,,,,0.6,0.0,,,1.28,,,20.62,,,30.93
2,Nordeste,29,BA,2912,OESTE (NBS - BARREIRAS),29021,SANTA MARIA DA VITORIA,292905,BA - SAO FELIX DO CORIBE,15194,Nordeste,NE,1,2022,Prefeitura Municipal de São Félix do Coribe,PMSFC,Local,Administração pública direta,Res. Sólidos ,,78015.83,5.34,100.0,,,0.0,100.0,7.69,,83.86,,,100.0,3314.7,,,,89.46,24.4,20.51,,,1.78,,,,,,,,,,,,,,100.0,,,,,74.89,61.54,,,10.26
2,Nordeste,29,BA,2915,LESTE - (NRS - SALVADOR),29020,SALVADOR,292920,BA - SAO FRANCISCO DO CONDE,38733,Nordeste,NE,2,2022,Secretaria de Serviços Conservação e Ordem Pública,SESCOP,Local,Administração pública direta,Res. Sólidos ,,47308.77,1.53,95.87,,,2.33,97.67,6.05,,80.75,,,100.0,1898.08,,,,254.01,49.53,14.42,,,1.74,,,7.14,,,36.72,33.99,29.28,0.0,0.0,,,0.14,100.0,,,,,40.8,26.51,,,6.98
2,Nordeste,29,BA,2917,CENTRO-LESTE (NRS - FEIRA SANTANA),29006,FEIRA DE SANTANA,292930,BA - SAO GONCALO DOS CAMPOS,39513,Nordeste,NE,2,2022,SECRETARIA MUNICIPAL DE INFRAESTRUTURA,SEINFRA,Local,Administração pública direta,Res. Sólidos ,,4956.0,0.46,91.35,,,63.39,36.61,0.89,,100.0,,,100.0,2875.4,,,,40.79,79.37,10.71,50.0,,0.75,,,,,,,,,,,,,,0.0,,,,,8.65,62.5,,,25.89
2,Nordeste,29,BA,2910,SUL (NBS - ILHEUS),29012,ITABUNA,292935,BA - SAO JOSE DA VITORIA,5315,Nordeste,NE,1,2022,Prefeitura Municipal de São José da Vitória,PMSJV,Local,Administração pública direta,Res. Sólidos ,,18974.29,3.98,2.01,,,100.0,0.0,4.35,,90.42,,,0.0,447.09,,,,328.71,26.35,10.87,,,0.4,,,,,,,,,,,,,2.14,0.0,,,,,71.64,63.04,,,21.74
2,Nordeste,29,BA,2915,LESTE - (NRS - SALVADOR),29022,SANTO ANTONIO DE JESUS,292940,BA - SAO MIGUEL DAS MATAS,10334,Nordeste,NE,1,2022,"SECRETARIA MUNICIPAL DE VIAÇÃO, OBRAS E SERVIÇOS PÚBLICOS",SEINFRA,Local,Administração pública direta,Res. Sólidos ,,24305.45,1.3,55.57,,,45.45,54.55,0.0,,28.06,,,76.44,575.08,,,,31.1,8.89,9.09,18.85,,1.44,,,28.14,,,40.7,29.07,23.26,6.98,0.0,,,0.13,0.0,,,,,44.43,22.73,,,22.73
2,Nordeste,29,BA,2915,LESTE - (NRS - SALVADOR),29020,SALVADOR,292950,BA - SAO SEBASTIAO DO PASSE,40958,Nordeste,NE,2,2022,Prefeitura Municipal de São Sebastião do Passé,PMSSP,Local,Administração pública direta,Res. Sólidos ,,74589.49,4.1,10.89,,,100.0,0.0,3.06,,95.22,,,0.0,1247.53,,,,94.93,10.65,21.43,30.49,,0.58,,,,,,,,,,,,,0.24,0.0,,,,,42.6,42.86,,,28.57
2,Nordeste,29,BA,2915,LESTE - (NRS - SALVADOR),29005,CRUZ DAS ALMAS,292960,BA - SAPEACU,17963,Nordeste,NE,1,2022,Prefeitura Municipal de Sapeaçu,PMS,Local,Administração pública direta,Res. Sólidos ,,4750.0,0.73,,,,100.0,0.0,,,57.06,,,10.0,,,,0.27,,,,90.0,0.0,0.27,,,,,,,,,,,,,,,,,,,,,,,
2,Nordeste,29,BA,2914,NORDESTE (NRS - ALAGOINHAS),29001,ALAGOINHAS,292970,BA - SATIRO DIAS,16008,Nordeste,NE,1,2022,Prefeitura Municipal de Sátiro Dias,PMSD,Local,Administração pública direta,Res. Sólidos ,,33888.36,2.56,100.0,,,0.0,100.0,5.56,,100.0,,,100.0,511.18,,,,257.74,35.49,27.78,43.65,,0.43,,,4.73,,,67.06,28.08,4.02,0.84,0.0,,,0.14,100.0,,,,,54.2,46.3,,,20.37
2,Nordeste,29,BA,2915,LESTE - (NRS - SALVADOR),29020,SALVADOR,292975,BA - SAUBARA,11438,Nordeste,NE,1,2022,Prefeitura Municipal de Saubara,PMS,Local,Administração pública direta,Res. Sólidos ,,64635.4,6.11,81.26,,,86.54,13.46,9.62,,78.69,,,100.0,3998.17,,,,223.26,58.19,13.46,,,2.67,,,,,,,,,,,,,,0.0,,,,,18.74,48.08,,,19.23
2,Nordeste,29,BA,2917,CENTRO-LESTE (NRS - FEIRA SANTANA),29023,SEABRA,292990,BA - SEABRA,46160,Nordeste,NE,2,2022,"Secretaria Municipal de Desenvolvimento, Turismo e Meio Ambiente",SEMMA,Local,Administração pública direta,Res. Sólidos ,,72875.71,9.95,50.0,,,13.57,86.43,5.71,,100.0,,,100.0,579.28,,,0.67,472.74,58.81,50.0,,13.0,0.75,,,0.03,,,25.0,25.0,25.0,25.0,0.0,,,0.08,74.07,,,,,29.62,19.29,,,21.43
2,Nordeste,29,BA,2911,SUDOESTE (NBS - VITORIA CONQUISTA),29007,GUANAMBI,293000,BA - SEBASTIAO LARANJEIRAS,9360,Nordeste,NE,1,2022,Prefeitura Municipal de Sebastião Laranjeiras,PMSL,Local,Administração pública direta,Res. Sólidos ,,13982.48,1.19,0.0,,,100.0,0.0,6.45,,57.69,,,0.0,769.17,,,,43.05,9.56,12.9,,,0.49,,,,,,,,,,,,,0.64,0.0,,,,,90.44,64.52,,,9.68
2,Nordeste,29,BA,2913,NORTE - (NRS - JUAZEIRO),29024,SENHOR DO BONFIM,293010,BA - SENHOR DO BONFIM,74523,Nordeste,NE,2,2022,Secretaria de Infraestrutura e meio ambiente,seinfra,Local,Administração pública direta,Res. Sólidos ,,21994.78,1.67,14.37,,,75.8,24.2,5.1,,60.38,,,100.0,3113.42,,,1.07,16.44,8.35,11.46,,0.0,1.07,,,0.01,,,,,,,,,,1.03,13.85,,,,,91.65,82.8,,,0.0
2,Nordeste,29,BA,2913,NORTE - (NRS - JUAZEIRO),29016,JUAZEIRO,293020,BA - SENTO SE,38154,Nordeste,NE,2,2022,PREFEITURA MUNICIPAL,PMSSE,Local,Administração pública direta,Res. Sólidos ,,14354.84,0.69,,,,32.26,67.74,,,54.14,,,100.0,,,,,,,,,,1.4,,,0.04,,,46.51,23.26,4.65,2.33,23.26,,,0.12,,,,,,,,,,
2,Nordeste,29,BA,2912,OESTE (NBS - BARREIRAS),29021,SANTA MARIA DA VITORIA,293015,BA - SERRA DO RAMALHO,34222,Nordeste,NE,2,2022,SECRETARIA MUNICIPAL DE MEIO AMBIENTE,SEMEIA,Local,Administração pública direta,Res. Sólidos ,,32018.12,3.6,0.0,,,100.0,0.0,,,19.86,,,0.0,,,,,,,,34.24,,1.8,,,,,,,,,,,,,,,,,,,,,,,
2,Nordeste,29,BA,2912,OESTE (NBS - BARREIRAS),29021,SANTA MARIA DA VITORIA,293030,BA - SERRA DOURADA,17066,Nordeste,NE,1,2022,Prefeitura Municipal de Serra Dourada,PMSD,Local,Administração pública direta,Res. Sólidos ,,22345.41,4.53,79.9,,,20.59,79.41,7.35,,31.33,,,90.0,345.21,,,,201.91,28.71,29.41,38.36,,1.11,,,,,,,,,,,,,,64.52,51.21,117.25,0.59,,44.51,45.59,,,11.76
2,Nordeste,29,BA,2917,CENTRO-LESTE (NRS - FEIRA SANTANA),29025,SERRINHA,293050,BA - SERRINHA,80435,Nordeste,NE,2,2022,"SECRETARIA DE  DESENVOLVIMENTO URBANO , HABITAÇÃO E MEIO AMBIENTE",SEDHAM,Local,Administração pública direta,Res. Sólidos ,,107421.84,2.83,100.0,,,0.0,100.0,5.26,,95.0,,,100.0,5383.39,,,,225.44,74.45,21.05,111.28,,0.97,,,,,,,,,,,,,0.03,100.0,,,,,24.5,42.11,,,21.05
2,Nordeste,29,BA,2915,LESTE - (NRS - SALVADOR),29004,CAMACARI,293070,BA - SIMOES FILHO,114559,Nordeste,NE,3,2022,Prefeitura Municipal,PMSF,Local,Administração pública direta,Res. Sólidos ,,91061.49,4.65,71.68,,,3.43,96.57,11.16,,95.99,,,0.0,2070.55,,,,227.38,30.56,18.88,214.75,,0.71,,,,,,,,,,,,,,100.0,,,,,45.75,42.49,,,21.46
2,Nordeste,29,BA,2913,NORTE - (NRS - JUAZEIRO),29016,JUAZEIRO,293077,BA - SOBRADINHO,25475,Nordeste,NE,1,2022,Prefeitura Municipal de Sobradinho,PMS,Local,Administração pública direta,Res. Sólidos ,,32388.47,0.73,8.7,,,100.0,0.0,0.0,,88.51,,,20.88,723.96,,,,168.48,49.11,41.67,69.31,,0.35,,,,,,,,,,,,,0.63,0.0,,140.9,0.71,,24.11,25.0,,,33.33
2,Nordeste,29,BA,2912,OESTE (NBS - BARREIRAS),29002,BARREIRAS,293090,BA - TABOCAS DO BREJO VELHO,11979,Nordeste,NE,1,2022,PREFEITURA MUNICIPA DE TABOCAS DO BREJO VELHO,PMTBV,Local,Administração pública direta,Res. Sólidos ,,35906.78,4.34,75.37,,,15.22,84.78,8.7,,58.44,,,98.04,279.32,,,0.47,580.07,42.99,30.43,98.04,2.0,0.48,,,5.72,,6.67,50.0,14.29,35.71,0.0,0.0,,,1.63,62.5,58.33,123.79,1.44,,53.96,34.78,,,21.74
2,Nordeste,29,BA,2911,SUDOESTE (NBS - VITORIA CONQUISTA),29003,BRUMADO,293100,BA - TANHACU,21006,Nordeste,NE,1,2022,Prefeitura Municipal de Tanhaçu,PMT,Local,Administração pública direta,Res. Sólidos ,,50655.74,4.1,100.0,,,1.64,98.36,0.0,,54.75,,,100.0,761.86,,,0.6,209.68,21.04,21.31,64.52,24.0,0.74,,,,,,,,,,,,,0.32,100.0,,,,,42.72,40.98,,,37.7
2,Nordeste,29,BA,2911,SUDOESTE (NBS - VITORIA CONQUISTA),29007,GUANAMBI,293105,BA - TANQUE NOVO,17158,Nordeste,NE,1,2022,Prefeitura Municipal de Tanque Novo,pmtn,Local,Administração pública direta,Res. Sólidos ,,26046.51,1.55,0.0,,,100.0,0.0,4.65,,60.8,,,34.21,1757.19,,,,60.61,17.86,13.95,63.16,,1.0,,,,,,,,,,,,,0.21,0.0,,111.11,0.77,,71.43,69.77,,,11.63
2,Nordeste,29,BA,2917,CENTRO-LESTE (NRS - FEIRA SANTANA),29006,FEIRA DE SANTANA,293110,BA - TANQUINHO,7717,Nordeste,NE,1,2022,Prefeitura Municipal de Tanquinho,PMT,Local,Administração pública direta,Res. Sólidos ,,11975.0,10.08,50.0,,,50.0,50.0,,,100.0,,,0.0,,,,0.18,,,,,100.0,0.37,,,,,,,,,,,,,,,,,,,,,,,
2,Nordeste,29,BA,2910,SUL (NBS - ILHEUS),29027,VALENCA,293120,BA - TAPEROA,18044,Nordeste,NE,1,2022,Prefeitura Municipal Taperoá Bahia,PMT - BA,Local,Administração pública direta,Res. Sólidos ,,4630.76,0.44,9.82,,,100.0,0.0,1.82,,49.88,,,16.94,159.74,,,,341.15,80.37,21.82,,,0.18,,,,,,,,,,,,,,0.0,,,,,0.0,54.55,,,21.82
2,Nordeste,29,BA,2918,CENTRO - NORTE (NRS - JACOBINA),29014,JACOBINA,293130,BA - TAPIRAMUTA,15818,Nordeste,NE,1,2022,Secretaria Municipal de Infraestrutura,SMI,Local,Administração pública direta,Res. Sólidos ,,24552.29,2.68,3.27,,,100.0,0.0,,,59.96,,,0.0,,,,,266.96,33.38,,50.99,,0.61,,,,,,,,,,,,,2.97,,,,,,52.73,,,,
2,Nordeste,29,BA,2916,EXTREMO SUL (NRS - TEIXEIRA FREITAS),29026,TEIXEIRA DE FREITAS,293135,BA - TEIXEIRA DE FREITAS,145216,Nordeste,NE,3,2022,DEPARTAMENTO DE SERVIÇOS URBANOS,DSU,Local,Administração pública direta,Res. Sólidos ,,60763.51,5.45,79.54,12.02,,24.2,75.8,1.73,,80.88,,,100.0,2714.65,,,,172.51,33.95,14.07,,,1.13,,,,,,,,,,,,,,67.68,,,,,34.45,73.33,,,7.16
2,Nordeste,29,BA,2917,CENTRO-LESTE (NRS - FEIRA SANTANA),29006,FEIRA DE SANTANA,293140,BA - TEODORO SAMPAIO,7110,Nordeste,NE,1,2022,Prefeitura Municipal de Teodoro Sampaio,PMTS,Local,Administração pública direta,Res. Sólidos ,,4182.86,0.37,,,,25.71,74.29,8.57,,96.55,,,100.0,789.62,,,,,,11.43,,,0.39,,,,,,,,,,,,,,67.86,,,,,,80.0,,,0.0
2,Nordeste,29,BA,2917,CENTRO-LESTE (NRS - FEIRA SANTANA),29025,SERRINHA,293150,BA - TEOFILANDIA,21176,Nordeste,NE,1,2022,Prefeitura Municipal de Teofilândia,PMT,Local,Administração pública direta,Res. Sólidos ,,38104.01,3.17,,,,100.0,0.0,,,65.17,,,0.0,,,,,,,,21.08,,0.73,,,,,,,,,,,,,,,,,,,,,,,
2,Nordeste,29,BA,2911,SUDOESTE (NBS - VITORIA CONQUISTA),29028,VITORIA DA CONQUISTA,293180,BA - TREMEDAL,16277,Nordeste,NE,1,2022,Prefeitura Municipal de Tremedal,PMT,Local,Administração pública direta,Res. Sólidos ,,15657.89,1.42,,,,100.0,0.0,,,24.86,,,2.7,,,,,,,,,,1.0,,,1.75,,,77.22,13.9,6.56,0.0,2.32,,,,,,,,,,,,,
2,Nordeste,29,BA,2914,NORDESTE (NRS - ALAGOINHAS),29019,RIBEIRA DO POMBAL,293190,BA - TUCANO,48736,Nordeste,NE,2,2022,PREFEITURA MUNICIPAL DE TUCANO,PMT,Local,Administração pública direta,Res. Sólidos ,,68167.61,1.76,100.0,,,0.0,100.0,0.0,,41.31,,,4.0,833.45,,,,134.02,53.42,100.0,,,1.7,,,1.15,,,62.5,29.17,8.33,0.0,0.0,,,,,,,,,39.63,0.0,,,0.0
2,Nordeste,29,BA,2913,NORTE - (NRS - JUAZEIRO),29016,JUAZEIRO,293200,BA - UAUA,24665,Nordeste,NE,1,2022,Prefeitura Municipal de Uauá,PMU,Local,Administração pública direta,Res. Sólidos ,,,7.11,65.62,,,,,,,44.27,,,63.47,948.48,,,0.76,252.63,37.5,14.81,,58.61,1.2,,,,,,,,,,,,,2.09,85.71,,,,,34.37,32.41,,,37.04
2,Nordeste,29,BA,2915,LESTE - (NRS - SALVADOR),29022,SANTO ANTONIO DE JESUS,293210,BA - UBAIRA,18626,Nordeste,NE,1,2022,Prefeitura Municipal de Ubaíra,PMU,Local,Administração pública direta,Res. Sólidos ,,50617.62,3.29,,,,0.0,100.0,,,81.68,,,100.0,,,,,,,,15.9,,1.28,,,,,,,,,,,,,0.02,,100.0,,,,,,,,
2,Nordeste,29,BA,2910,SUL (NBS - ILHEUS),29012,ITABUNA,293220,BA - UBAITABA,17596,Nordeste,NE,1,2022,"Secretaria Municipal de Infraestrutura, Planejamento e Desenvolvimento Urbano",SEDUR,Local,Administração pública direta,Res. Sólidos ,,37618.92,9.56,29.68,,,100.0,0.0,7.94,,95.99,,,0.0,1686.19,,,0.84,,,9.52,89.47,82.69,1.54,,,,,,,,,,,,,0.13,0.0,,,,,,68.25,,,6.35
2,Nordeste,29,BA,2918,CENTRO - NORTE (NRS - JACOBINA),29010,IRECE,293240,BA - UIBAI,13432,Nordeste,NE,1,2022,"SECRETARIA MUNICIPAL DE OBRAS, TRANSPORTES E SERVIÇOS PÚBLICOS",SMO,Local,Administração pública direta,Res. Sólidos ,,39624.39,5.6,77.31,,,41.1,58.9,15.07,,96.78,,,100.0,1331.2,,,,223.64,38.66,16.44,,,1.05,,,,,,,,,,,,,0.1,26.32,,,,,45.88,52.05,,,13.7
2,Nordeste,29,BA,2910,SUL (NBS - ILHEUS),29009,ILHEUS,293250,BA - UNA,18131,Nordeste,NE,1,2022,Secretaria de Governo,SEGOV,Local,Administração pública direta,Res. Sólidos ,,,3.39,,4.61,,,,,,88.25,,,100.0,669.18,,,,,,22.92,0.13,,0.39,,,,,,,,,,,,,,90.48,82.76,,0.85,,,43.75,,,16.67
2,Nordeste,29,BA,2911,SUDOESTE (NBS - VITORIA CONQUISTA),29007,GUANAMBI,293260,BA - URANDI,15355,Nordeste,NE,1,2022,Prefeitura Municipal de Urandi,PMU,Local,Administração pública direta,Res. Sólidos ,,28412.86,1.4,100.0,,,0.0,100.0,6.25,,55.66,,,99.02,23.0,,,,94.14,25.36,15.62,2.73,,0.79,,,6.85,,,65.48,21.43,4.76,1.19,7.14,,,,100.0,,,,,61.77,43.75,,,15.62
2,Nordeste,29,BA,2910,SUL (NBS - ILHEUS),29009,ILHEUS,293270,BA - URUCUCA,21420,Nordeste,NE,1,2022,Prefeitura Municipal de Uruçuca,PMU,Local,Administração pública direta,Res. Sólidos ,,25836.66,4.75,0.0,,,100.0,0.0,,,79.34,,,0.0,,,,0.65,255.81,43.2,,24.56,50.59,0.98,,,,,,,,,,,,,0.08,,,,,,49.31,,,,
2,Nordeste,29,BA,2917,CENTRO-LESTE (NRS - FEIRA SANTANA),29011,ITABERABA,293280,BA - UTINGA,16277,Nordeste,NE,1,2022,Prefeitura Municipal de Utinga,PMU,Local,Administração pública direta,Res. Sólidos ,,23870.92,3.45,58.81,,,57.5,42.5,1.25,,67.58,,,100.0,681.58,,,,154.96,25.97,18.75,75.0,,0.8,,,,,,,,,,,,,0.37,38.6,,,,,60.51,71.25,,,8.75
2,Nordeste,29,BA,2910,SUL (NBS - ILHEUS),29027,VALENCA,293290,BA - VALENCA,85655,Nordeste,NE,2,2022,PREFEITURA MUNICIPAL DE VALENÇA,PMV,Local,Administração pública direta,Res. Sólidos ,,91539.13,6.66,100.0,,,0.0,100.0,5.43,,81.55,,,0.0,3235.29,,,0.98,266.3,70.79,24.03,36.51,25.17,1.23,,,,,,,,,,,,,0.02,100.0,100.0,221.31,,,28.36,56.59,,,13.95
2,Nordeste,29,BA,2917,CENTRO-LESTE (NRS - FEIRA SANTANA),29025,SERRINHA,293300,BA - VALENTE,24362,Nordeste,NE,1,2022,Prefeitura Municipal de Valente,pmv,Local,Administração pública direta,Res. Sólidos ,,21840.1,3.53,0.0,,,100.0,0.0,4.82,,88.66,,,0.0,1457.19,,,,76.64,38.57,24.1,,,1.16,,,,,,,,,,,,,,0.0,,,,,61.43,61.45,,,9.64
2,Nordeste,29,BA,2918,CENTRO - NORTE (NRS - JACOBINA),29014,JACOBINA,293305,BA - VARZEA DA ROCA,13800,Nordeste,NE,1,2022,Prefeitura Municipal de Várzea da  Roça,PMVR,Local,Administração pública direta,Res. Sólidos ,,35166.62,4.66,74.15,,,56.41,43.59,1.28,,70.29,,,100.0,2140.58,,,,164.24,40.12,12.82,64.48,,1.89,,,,,,,,,,,,,0.03,34.33,,,,,41.77,85.9,,,0.0
2,Nordeste,29,BA,2918,CENTRO - NORTE (NRS - JACOBINA),29014,JACOBINA,293315,BA - VARZEA NOVA,13377,Nordeste,NE,1,2022,Prefeitura Municipal de Várzea Nova,PMVN,Local,Administração pública direta,Res. Sólidos ,,,4.89,42.19,,,,,,,92.84,,,100.0,2083.07,,,0.66,377.58,42.19,6.33,,8.67,0.72,,,,,,,,,,,,,,0.0,,,,,57.81,83.54,,,0.0
2,Nordeste,29,BA,2915,LESTE - (NRS - SALVADOR),29022,SANTO ANTONIO DE JESUS,293317,BA - VARZEDO,9913,Nordeste,NE,1,2022,PREFEITURA MUNICIPAL DE VARZEDO,BAHIA,Local,Administração pública direta,Res. Sólidos ,,22037.04,1.69,40.34,,,59.26,40.74,3.7,,50.44,,,100.0,1490.95,,,0.49,157.14,36.97,11.11,10.71,55.56,0.77,,,,,,,,,,,,,0.43,0.0,,,,,59.66,55.56,,,29.63
2,Nordeste,29,BA,2911,SUDOESTE (NBS - VITORIA CONQUISTA),29028,VITORIA DA CONQUISTA,293330,BA - VITORIA DA CONQUISTA,370879,Nordeste,NE,4,2022,SECRETARIA DE SERVIÇOS PÚBLICOS,SESEP,Local,Administração pública direta,Res. Sólidos ,,67077.96,3.63,76.51,,,37.7,62.3,4.6,,93.55,,,99.29,1856.39,,,,180.8,35.77,22.48,165.83,,0.62,,,0.47,,,66.56,31.2,1.89,0.35,0.0,,,0.04,10.0,17.28,241.97,0.87,,24.21,24.78,,,6.37
2,Nordeste,29,BA,2917,CENTRO-LESTE (NRS - FEIRA SANTANA),29011,ITABERABA,293340,BA - WAGNER,9503,Nordeste,NE,1,2022,Secretaria Municipal de Obras e Serviços,smos,Local,Administração pública direta,Res. Sólidos ,,82283.1,8.86,90.22,,,34.37,65.62,0.0,,84.18,,,60.71,3199.15,,,,398.68,90.97,18.75,49.12,,2.09,,,0.15,,,33.33,22.22,22.22,11.11,11.11,,,,69.23,,,,,7.11,81.25,,,0.0
2,Nordeste,29,BA,2912,OESTE (NBS - BARREIRAS),29002,BARREIRAS,293345,BA - WANDERLEY,12968,Nordeste,NE,1,2022,PREFEITURA MUNICIPAL DE WANDERLEY,PMW,Local,Administração pública direta,Res. Sólidos ,,24304.35,1.35,0.0,,,100.0,0.0,4.35,,47.46,,,2.91,1309.9,,,,57.07,20.93,21.74,87.38,,0.92,,,,,,,,,,,,,0.58,0.0,,,,,41.86,43.48,,,8.7
2,Nordeste,29,BA,2910,SUL (NBS - ILHEUS),29027,VALENCA,293350,BA - WENCESLAU GUIMARAES,24474,Nordeste,NE,1,2022,Secretaria Municipal de Infraestrutura,INFRA,Local,Administração pública direta,Res. Sólidos ,,101309.4,2.75,,,,0.0,100.0,8.0,,81.72,,,0.0,3588.5,,,,,,20.0,1.25,,0.77,,,,,,,,,,,,,,100.0,,,,,,44.0,,,16.0
2,Nordeste,29,BA,2918,CENTRO - NORTE (NRS - JACOBINA),29010,IRECE,293360,BA - XIQUE-XIQUE,44757,Nordeste,NE,2,2022,PREFEITURA DE XIQUE-XIQUE,PMXX,Local,Administração pública direta,Res. Sólidos ,,72000.0,15.0,0.0,,,100.0,0.0,,,73.97,,,0.0,,,,,56.25,50.0,,2.5,,1.32,,,,,,,,,,,,,0.12,,,,,,33.33,,,,
