"filtracao";"numero_de_economias_residenciais_domicilios_permanentes";"populacao_rural";"cisterna";"codigo_forma_de_abastecimento";"caixa_dagua";"pop_recebe_agua_de_saa";"carro_pipa";"regiao_geografica";"numero_de_economias_residenciais_de_uso_ocasional";"nome_da_forma_de_abastecimento";"chafariz";"regional_de_saude";"data_de_preenchimento";"tipo_da_forma_de_abastecimento";"codigo_ibge";"outro_tipo_de_suprimento";"desinfeccao";"municipio";"ano_de_referencia";"pop_recebe_agua_de_saasac";"fonte";"sem_reservacao";"captacao_de_agua_de_chuva";"tipo_da_instituicao";"nome_da_instituicao";"sigla_da_instituicao";"populacao_urbana";"canalizacao";"uf";"nome_do_escritorio_regionallocal";"cnpj_do_escritorio_regionallocal";"data_de_registro_no_sisagua";"captacao_superficial";"captacao_subterranea";"cnpj_da_instituicao";"populacao_estimada"
"Sim";"8880.0";;"";"S270240000002";"";"";"";"NORDESTE";"0.0";"SAA DE DELMIRO GOUVEIA ADUTORA";"";"10 REGIÃO DEG AL";"2014/02/18 00:00:00.000";"SAA";"270240";"";"Sim";"DELMIRO GOUVEIA";"2014";"";"";"";"";"Regional";"COMPANHIA DE SANEAMENTO DE ALAGOAS";"CASAL";;"";"AL";"UNIDADE SERTAO DELMIRO GOUVEIA";"12294708000181.0";"2014/02/18 14:12:25.000";"Sim";"Não";"12294708000181.0";"32234"
"Sim";"5510.0";;"";"S431320000001";"";"";"";"SUL";"0.0";"NOVA PETRÓPOLIS";"";"5ª CRS";"2014/03/26 00:00:00.000";"SAA";"431320";"";"Sim";"NOVA PETROPOLIS";"2014";"";"";"";"";"Regional";"COMPANHIA RIOGRANDENSE DE SANEAMENTO";"CORSAN";;"";"RS";"SUPERINTENDENCIA REGIONAL NORDESTE SURNE";"92802784036895.0";"2014/03/26 15:36:12.000";"Sim";"Sim";"92802784000190.0";"15704"
"Sim";"3270.0";;"";"S431337000001";"";"";"";"SUL";"0.0";"NOVA SANTA RITA";"";"1ª CRS";"2014/03/26 00:00:00.000";"SAA";"431337";"";"Sim";"NOVA SANTA RITA";"2014";"";"";"";"";"Regional";"COMPANHIA RIOGRANDENSE DE SANEAMENTO";"CORSAN";;"";"RS";"SUPERINTENDENCIA REGIONAL SINOS SURSIN";"92802784031150.0";"2014/03/26 15:53:58.000";"Sim";"Não";"92802784000190.0";"10268"
"Sim";"9336.0";;"";"S430640000001";"";"";"";"SUL";"0.0";"DOIS IRMÃOS";"";"1ª CRS";"2014/03/28 00:00:00.000";"SAA";"430640";"";"Sim";"DOIS IRMAOS";"2014";"";"";"";"";"Regional";"COMPANHIA RIOGRANDENSE DE SANEAMENTO";"CORSAN";;"";"RS";"SUPERINTENDENCIA REGIONAL SINOS SURSIN";"92802784031150.0";"2014/03/28 13:10:33.000";"Sim";"Sim";"92802784000190.0";"27261"
"Sim";"1116.0";;"";"S430650000001";"";"";"";"SUL";"0.0";"DOM FELICIANO";"";"1ª CRS";"2014/03/28 00:00:00.000";"SAA";"430650";"";"Sim";"DOM FELICIANO";"2014";"";"";"";"";"Regional";"COMPANHIA RIOGRANDENSE DE SANEAMENTO";"CORSAN";;"";"RS";"SUPERINTENDENCIA REGIONAL SUL SURSUL";"92802784036461.0";"2014/03/28 13:38:31.000";"Sim";"Não";"92802784000190.0";"3448"
"Não";"1248.0";;"";"S430090000001";"";"";"";"SUL";"0.0";"ARATIBA";"";"11ª CRS";"2014/03/28 00:00:00.000";"SAA";"430090";"";"Sim";"ARATIBA";"2014";"";"";"";"";"Regional";"COMPANHIA RIOGRANDENSE DE SANEAMENTO";"CORSAN";;"";"RS";"SUPERINTENDENCIA REGIONAL PLANALTO SURPLA";"92802784036380.0";"2014/03/28 13:43:16.000";"Não";"Sim";"92802784000190.0";"3769"
"Não";"2327.0";;"";"S430120000001";"";"";"";"SUL";"0.0";"ARROIO DO TIGRE";"";"8ª CRS";"2014/03/28 00:00:00.000";"SAA";"430120";"";"Sim";"ARROIO DO TIGRE";"2014";"";"";"";"";"Regional";"COMPANHIA RIOGRANDENSE DE SANEAMENTO";"CORSAN";;"";"RS";"SUPERINTENDENCIA REGIONAL CENTRAL SURCEN";"92802784036208.0";"2014/03/28 14:20:12.000";"Não";"Sim";"92802784000190.0";"7446"
"Sim";"6602.0";;"";"S430690000001";"";"";"";"SUL";;"ENCRUZILHADA DO SUL";"";"8ª CRS";"2014/03/28 00:00:00.000";"SAA";"430690";"";"Sim";"ENCRUZILHADA DO SUL";"2014";"";"";"";"";"Regional";"COMPANHIA RIOGRANDENSE DE SANEAMENTO";"CORSAN";;"";"RS";"SUPERINTENDENCIA REGIONAL PAMPA SURPA";"92802784005744.0";"2014/03/28 14:39:29.000";"Sim";"Sim";"92802784000190.0";"19014"
"Sim";"1052.0";;"";"S430730000001";"";"";"";"SUL";;"ERVAL SECO";"";"2ª CRS";"2014/03/28 00:00:00.000";"SAA";"430730";"";"Sim";"ERVAL SECO";"2014";"";"";"";"";"Regional";"COMPANHIA RIOGRANDENSE DE SANEAMENTO";"CORSAN";;"";"RS";"SUPERINTENDENCIA REGIONAL PLANALTO SURPLA";"92802784036380.0";"2014/03/28 14:54:19.000";"Sim";"Não";"92802784000190.0";"3177"
"Sim";"20087.0";;"";"S430790000001";"";"";"";"SUL";"0.0";"FARROUPILHA";"";"5ª CRS";"2014/03/28 00:00:00.000";"SAA";"430790";"";"Sim";"FARROUPILHA";"2014";"";"";"";"";"Regional";"COMPANHIA RIOGRANDENSE DE SANEAMENTO";"CORSAN";;"";"RS";"SUPERINTENDENCIA REGIONAL NORDESTE SURNE";"92802784036895.0";"2014/03/28 15:55:40.000";"Sim";"Sim";"92802784000190.0";"61868"
"Não";"885.0";;"";"S430165000001";"";"";"";"SUL";"0.0";"BARÃO";"";"1ª CRS";"2014/03/28 00:00:00.000";"SAA";"430165";"";"Sim";"BARAO";"2014";"";"";"";"";"Regional";"COMPANHIA RIOGRANDENSE DE SANEAMENTO";"CORSAN";;"";"RS";"SUPERINTENDENCIA REGIONAL NORDESTE SURNE";"92802784036895.0";"2014/03/28 16:38:00.000";"Não";"Sim";"92802784000190.0";"2744"
"Sim";"1429.0";;"";"S430870000001";"";"";"";"SUL";;"GAURAMA";"";"11ª CRS";"2014/03/28 00:00:00.000";"SAA";"430870";"";"Sim";"GAURAMA";"2014";"";"";"";"";"Regional";"COMPANHIA RIOGRANDENSE DE SANEAMENTO";"CORSAN";;"";"RS";"SUPERINTENDENCIA REGIONAL PLANALTO SURPLA";"92802784036380.0";"2014/03/28 16:53:42.000";"Sim";"Não";"92802784000190.0";"4187"
"Sim";"5792.0";;"";"S431820000001";"";"";"";"SUL";"0.0";"SÃO FRANCISCO DE PAULA";"";"1ª CRS";"2014/04/07 00:00:00.000";"SAA";"431820";"";"Sim";"SAO FRANCISCO DE PAULA";"2014";"";"";"";"";"Regional";"COMPANHIA RIOGRANDENSE DE SANEAMENTO";"CORSAN";;"";"RS";"SUPERINTENDENCIA REGIONAL NORDESTE SURNE";"92802784036895.0";"2014/04/07 15:26:34.000";"Sim";"Sim";"92802784000190.0";"17376"
"Sim";"9395.0";;"";"S431880000001";"";"";"";"SUL";"0.0";"SÃO LOURENÇO DO SUL";"";"3ª CRS";"2014/04/07 00:00:00.000";"SAA";"431880";"";"Sim";"SAO LOURENCO DO SUL";"2014";"";"";"";"";"Regional";"COMPANHIA RIOGRANDENSE DE SANEAMENTO";"CORSAN";;"";"RS";"SUPERINTENDENCIA REGIONAL SUL SURSUL";"92802784036461.0";"2014/04/07 16:17:49.000";"Sim";"Não";"92802784000190.0";"30158"
"Sim";"10139.0";;"";"S431890000001";"";"";"";"SUL";;"SÃO LUIZ GONZAGA";"";"12ª CRS";"2014/04/07 00:00:00.000";"SAA";"431890";"";"Sim";"SAO LUIZ GONZAGA";"2014";"";"";"";"";"Regional";"COMPANHIA RIOGRANDENSE DE SANEAMENTO";"CORSAN";;"";"RS";"SUPERINTENDENCIA REGIONAL MISSOES SURMIS";"92802784036623.0";"2014/04/07 16:37:40.000";"Sim";"Sim";"92802784000190.0";"29403"
"Sim";"6127.0";;"";"S431900000001";"";"";"";"SUL";"200.0";"SÃO MARCOS";"";"5ª CRS";"2014/04/07 00:00:00.000";"SAA";"431900";"";"Sim";"SAO MARCOS";"2014";"";"";"";"";"Regional";"COMPANHIA RIOGRANDENSE DE SANEAMENTO";"CORSAN";;"";"RS";"SUPERINTENDENCIA REGIONAL NORDESTE SURNE";"92802784036895.0";"2014/04/07 16:48:07.000";"Sim";"Não";"92802784000190.0";"18381"
"Não";"672.0";;"";"S431520000001";"";"";"";"SUL";;"PUTINGA";"";"16ª CRS";"2014/04/14 00:00:00.000";"SAA";"431520";"";"Sim";"PUTINGA";"2014";"";"";"";"";"Regional";"COMPANHIA RIOGRANDENSE DE SANEAMENTO";"CORSAN";;"";"RS";"SUPERINTENDENCIA REGIONAL NORDESTE SURNE";"92802784036895.0";"2014/04/14 15:11:13.000";"Não";"Sim";"92802784000190.0";"2090"
"Não";"249.0";;"";"S431555000001";"";"";"";"SUL";;"RIO DOS ÍNDIOS";"";"11ª CRS";"2014/04/14 00:00:00.000";"SAA";"431555";"";"Sim";"RIO DOS INDIOS";"2014";"";"";"";"";"Regional";"COMPANHIA RIOGRANDENSE DE SANEAMENTO";"CORSAN";;"";"RS";"SUPERINTENDENCIA REGIONAL PLANALTO SURPLA";"92802784036380.0";"2014/04/14 15:45:39.000";"Não";"Sim";"92802784000190.0";"764"
"Não";"7729.0";;"";"S430480000001";"";"";"";"SUL";;"CARLOS BARBOSA";"";"5ª CRS";"2014/04/14 00:00:00.000";"SAA";"430480";"";"Sim";"CARLOS BARBOSA";"2014";"";"";"";"";"Regional";"COMPANHIA RIOGRANDENSE DE SANEAMENTO";"CORSAN";;"";"RS";"SUPERINTENDENCIA REGIONAL NORDESTE SURNE";"92802784036895.0";"2014/04/14 15:51:12.000";"Não";"Sim";"92802784000190.0";"23032"
"Não";"1872.0";;"";"S430490000001";"";"";"";"SUL";;"CASCA";"";"6ª CRS";"2014/04/14 00:00:00.000";"SAA";"430490";"";"Sim";"CASCA";"2014";"";"";"";"";"Regional";"COMPANHIA RIOGRANDENSE DE SANEAMENTO";"CORSAN";;"";"RS";"SUPERINTENDENCIA REGIONAL PLANALTO SURPLA";"92802784036380.0";"2014/04/14 16:51:03.000";"Não";"Sim";"92802784000190.0";"5747"
"Não";"341.0";;"";"S431846000001";"";"";"";"SUL";;"SÃO JOSÉ DO HERVAL";"";"16ª CRS";"2014/04/23 00:00:00.000";"SAA";"431846";"";"Sim";"SAO JOSE DO HERVAL";"2014";"";"";"";"";"Regional";"COMPANHIA RIOGRANDENSE DE SANEAMENTO";"CORSAN";;"";"RS";"SUPERINTENDENCIA REGIONAL NORDESTE SURNE";"92802784036895.0";"2014/04/23 16:14:35.000";"Não";"Sim";"92802784000190.0";"1057"
"Não";"8262.0";;"";"S430820000001";"";"";"";"SUL";"700.0";"FLORES DA CUNHA";"";"5ª CRS";"2014/05/02 00:00:00.000";"SAA";"430820";"";"Sim";"FLORES DA CUNHA";"2014";"";"";"";"";"Regional";"COMPANHIA RIOGRANDENSE DE SANEAMENTO";"CORSAN";;"";"RS";"SUPERINTENDENCIA REGIONAL NORDESTE SURNE";"92802784036895.0";"2014/05/02 13:20:20.000";"Não";"Sim";"92802784000190.0";"25447"
"Não";"6802.0";;"";"S432090000001";"";"";"";"SUL";;"TAPEJARA";"";"6ª CRS";"2014/05/02 00:00:00.000";"SAA";"432090";"";"Sim";"TAPEJARA";"2014";"";"";"";"";"Regional";"COMPANHIA RIOGRANDENSE DE SANEAMENTO";"CORSAN";;"";"RS";"SUPERINTENDENCIA REGIONAL PLANALTO SURPLA";"92802784036380.0";"2014/05/02 13:25:08.000";"Não";"Sim";"92802784000190.0";"20066"
"Não";"635.0";;"";"S412630000001";"";"";"";"SUL";;"OURO VERDE UT8701";"";"03 RS - PONTA GROSSA";"2014/03/19 00:00:00.000";"SAA";"412630";"";"Sim";"SENGES";"2014";"";"";"";"";"Regional";"COMPANHIA DE SANEAMENTO DO PARANA";"SANEPAR";;"";"PR";"UR TELEMACO BORBA";"76484013000145.0";"2014/05/05 15:06:19.000";"Não";"Sim";"76484013000145.0";"2076"
"Não";"850.0";;"";"S431090000001";"";"";"";"SUL";"0.0";"JACUTINGA";"";"11ª CRS";"2014/05/05 00:00:00.000";"SAA";"431090";"";"Sim";"JACUTINGA";"2014";"";"";"";"";"Regional";"COMPANHIA RIOGRANDENSE DE SANEAMENTO";"CORSAN";;"";"RS";"SUPERINTENDENCIA REGIONAL PLANALTO SURPLA";"92802784036380.0";"2014/05/05 17:00:39.000";"Não";"Sim";"92802784000190.0";"2516"
"Sim";"2106.0";;"";"S412480000001";"";"";"";"SUL";;"SAO JOAO UT2531";"";"07 RS - PATO BRANCO";"2014/03/19 00:00:00.000";"SAA";"412480";"";"Sim";"SAO JOAO";"2014";"";"";"";"";"Regional";"COMPANHIA DE SANEAMENTO DO PARANA";"SANEPAR";;"";"PR";"UR PATO BRANCO";"76484013000145.0";"2014/05/15 12:18:30.000";"Sim";"Não";"76484013000145.0";"6444"
"Sim";"1031.0";;"";"S412627000001";"";"";"";"SUL";;"SAUDADE DO IGUACU UT3721";"";"07 RS - PATO BRANCO";"2014/03/19 00:00:00.000";"SAA";"412627";"";"Sim";"SAUDADE DO IGUACU";"2014";"";"";"";"";"Regional";"COMPANHIA DE SANEAMENTO DO PARANA";"SANEPAR";;"";"PR";"UR PATO BRANCO";"76484013000145.0";"2014/05/15 12:25:18.000";"Sim";"Não";"76484013000145.0";"3505"
"Sim";"583.0";;"";"S412665000001";"";"";"";"SUL";;"SULINA UT3121";"";"07 RS - PATO BRANCO";"2014/03/19 00:00:00.000";"SAA";"412665";"";"Sim";"SULINA";"2014";"";"";"";"";"Regional";"COMPANHIA DE SANEAMENTO DO PARANA";"SANEPAR";;"";"PR";"UR PATO BRANCO";"76484013000145.0";"2014/05/15 12:30:23.000";"Sim";"Não";"76484013000145.0";"1778"
"Sim";"1902.0";;"";"S521170000001";"";"";"";"CENTRO-OESTE";;"SISTEMA DE JANDAIA GOIAS";"";"REGIONAL CENTRO SUL";"2014/01/20 00:00:00.000";"SAA";"521170";"";"Sim";"JANDAIA";"2014";"";"";"";"";"Regional";"SANEAMENTO DE GOIAS SA";"SANEAGO";;"";"GO";"GRS PALMEIRAS";"1616929000102.0";"2014/05/30 11:42:33.000";"Sim";"Não";"1616929000102.0";"5250"
"Sim";"14903.0";;"";"S231130000001";"";"";"";"NORDESTE";"789.0";"CAGECE QUIXADA SEDE";"";"08 REGIONAL DE SAUDE QUIXADA";"2014/06/05 00:00:00.000";"SAA";"231130";"";"Sim";"QUIXADA";"2014";"";"";"";"";"Regional";"COMPANHIA DE AGUA E ESGOTO DO CEARA";"CAGECE";;"";"CE";"UNIDADE DE NEGOCIO DA BACIA DE BANABUIU UNBBA";"7040108000157.0";"2014/06/05 10:25:48.000";"Sim";"Não";"7040108000157.0";"54098"
"Não";"2697.0";;"";"S230445000001";"";"";"";"NORDESTE";"66.0";"SISTEMA FORTIM";"";"07 REGIONAL DE SAUDE ARACATI";"2014/06/05 00:00:00.000";"SAA";"230445";"";"Sim";"FORTIM";"2014";"";"";"";"";"Regional";"COMPANHIA DE AGUA E ESGOTO DO CEARA";"CAGECE";;"";"CE";"UNIDADE DE NEGOCIO DA BACIA DO BAIXO E MEDIO JAGUARIBE UNBBJ";"7040108000157.0";"2014/06/05 11:05:41.000";"Não";"Sim";"7040108000157.0";"9601"
"Sim";"4545.0";;"";"S231395000001";"";"";"";"NORDESTE";"263.0";"CAGECE VARJOTA";"";"11 REGIONAL DE SAUDE SOBRAL";"2014/06/23 00:00:00.000";"SAA";"231395";"";"Sim";"VARJOTA";"2014";"";"";"";"";"Regional";"COMPANHIA DE AGUA E ESGOTO DO CEARA";"CAGECE";;"";"CE";"UNIDADE DE NEGOCIO DA BACIA DA SERRA DA IBIAPABA UNBSI";"7040108002281.0";"2014/06/23 09:04:56.000";"Sim";"Não";"7040108000157.0";"16362"
"Sim";"1867.0";;"";"S231290000003";"";"";"";"NORDESTE";"94.0";"SISTEMA JAIBARAS";"";"11 REGIONAL DE SAUDE SOBRAL";"2014/06/23 00:00:00.000";"SAA";"231290";"";"Sim";"SOBRAL";"2014";"";"";"";"";"Regional";"COMPANHIA DE AGUA E ESGOTO DO CEARA";"CAGECE";;"";"CE";"UNIDADE DE NEGOCIO DA BACIA DO ACARAU E COREAU UNBAC";"7040108000157.0";"2014/06/23 10:52:51.000";"Sim";"Não";"7040108000157.0";"6927"
"Não";;;"";"S352480000001";"";"";"";"SUDESTE";;"UTA JALES";"";"GVS XXX - JALES";"2014/02/17 00:00:00.000";"SAA";"355580";"";"Sim";"URANIA";"2014";"";"";"";"";"Regional";"COMPANHIA DE SANEAMENTO BASICO DO ESTADO DE SAO PAULO";"SABESP";;"";"SP";"JALES SABESP";"18521342000112.0";"2014/06/24 09:34:59.000";"Não";"Sim";"43776517000180.0";"0"
"Não";"635.0";;"";"S230510000001";"";"";"";"NORDESTE";"142.0";"CAGECE GUARAMIRANGA";"";"04 REGIONAL DE SAUDE BATURITE";"2014/07/18 00:00:00.000";"SAA";"230510";"";"Sim";"GUARAMIRANGA";"2014";"";"";"";"";"Regional";"COMPANHIA DE AGUA E ESGOTO DO CEARA";"CAGECE";;"";"CE";"UNIDADE DE NEGOCIO DA BACIA METROPOLITANA UNBME";"7040108000157.0";"2014/07/18 08:52:09.000";"Não";"Sim";"7040108000157.0";"2457"
"Não";"1055.0";;"";"S230980000001";"";"";"";"NORDESTE";"203.0";"CAGECE PACOTI";"";"04 REGIONAL DE SAUDE BATURITE";"2014/07/18 00:00:00.000";"SAA";"230980";"";"Sim";"PACOTI";"2014";"";"";"";"";"Regional";"COMPANHIA DE AGUA E ESGOTO DO CEARA";"CAGECE";;"";"CE";"UNIDADE DE NEGOCIO DA BACIA METROPOLITANA UNBME";"7040108000157.0";"2014/07/18 09:04:44.000";"Não";"Sim";"7040108000157.0";"3998"
"Não";"15500.0";;"";"S500620000001";"";"";"";"CENTRO-OESTE";"0.0";"NOVA ANDRADINA CENTRO";"";"MACRO REGIÃO DE DOURADOS -  MICRO DE NOVA ANDRADINA";"2014/07/18 00:00:00.000";"SAA";"500620";"";"Sim";"NOVA ANDRADINA";"2014";"";"";"";"";"Regional";"EMPRESA DE SANEAMENTO DO MATO GROSSO DO SUL SA";"SANESUL";;"";"MS";"LESTE";"3982931000120.0";"2014/07/18 09:25:34.000";"Não";"Sim";"3982931000120.0";"48360"
"Não";"2197.0";;"";"S293076000001";"";"";"";"NORDESTE";"0.0";"SLAA DE SÍTIO DO QUINTO";"";"11 DIRES / CICERO DANTAS / NUCLEO NORDESTE";"2014/02/20 00:00:00.000";"SAA";"293076";"";"Sim";"SITIO DO QUINTO";"2014";"";"";"";"";"Regional";"EMPRESA BAIANA DE AGUAS E SANEAMENTO SA";"EMBASA";;"";"BA";"UNA ALAGOINHAS";"13504675000110.0";"2014/07/18 09:45:38.000";"Não";"Sim";"13504675000110.0";"7316"
"Não";"45.0";;"";"S500797000002";"";"";"";"CENTRO-OESTE";"0.0";"SAO JOAO DO TAQUARUSSU";"";"MACRO REGIÃO DE DOURADOS -  MICRO DE NOVA ANDRADINA";"2014/07/17 00:00:00.000";"SAA";"500797";"";"Sim";"TAQUARUSSU";"2014";"";"";"";"";"Regional";"EMPRESA DE SANEAMENTO DO MATO GROSSO DO SUL SA";"SANESUL";;"";"MS";"LESTE";"3982931000120.0";"2014/07/18 10:12:31.000";"Não";"Sim";"3982931000120.0";"134"
"Sim";"2600.0";;"";"S420490000001";"";"";"";"SUL";"780.0";"CAMPANHIA CATARINENSE DE AGUAS E SANEAMENTO";"";"1ª REGIONAL DE SAÚDE- SÃO MIGUEL DO OESTE";"2014/07/18 00:00:00.000";"SAA";"420490";"";"Sim";"DESCANSO";"2014";"";"";"";"";"Regional";"COMPANHIA CATARINENSE DE AGUAS E SANEAMENTO";"CASAN";;"";"SC";"SUPERINTENDENCIA REGIONAL DE NEGOCIOS OESTE";"82508433000974.0";"2014/07/18 09:29:15.000";"Sim";"Não";"82508433000117.0";"8450"
"Sim";"224.0";;"";"S292520000001";"";"";"";"NORDESTE";"0.0";"SLAA DE POJUCA";"";"01 DIRES / SALVADOR / RMS / NUCLEO LESTE";"2014/02/20 00:00:00.000";"SAA";"292100";"";"Sim";"MATA DE SAO JOAO";"2014";"";"";"";"";"Regional";"EMPRESA BAIANA DE AGUAS E SANEAMENTO SA";"EMBASA";;"";"BA";"UNA ALAGOINHAS";"13504675000110.0";"2014/07/18 10:45:49.000";"Sim";"Não";"13504675000110.0";"766"
"Não";"7114.0";;"";"S290780000001";"";"";"";"NORDESTE";"0.0";"SIAA CICERO DANTAS";"";"11 DIRES / CICERO DANTAS / NUCLEO NORDESTE";"2014/02/20 00:00:00.000";"SAA";"290780";"";"Sim";"CICERO DANTAS";"2014";"";"";"";"";"Regional";"EMPRESA BAIANA DE AGUAS E SANEAMENTO SA";"EMBASA";;"";"BA";"UNA ALAGOINHAS";"13504675000110.0";"2014/07/18 11:21:58.000";"Não";"Sim";"13504675000110.0";"22551"
"Não";"456.0";;"";"S354625000002";"";"";"";"SUDESTE";"0.0";"SANTA CRUZ DA ESPERANÇA";"";"GVS XXIV - RIBEIRÃO PRETO";"2014/01/20 00:00:00.000";"SAA";"354625";"";"Sim";"SANTA CRUZ DA ESPERANCA";"2014";"";"";"";"";"Regional";"COMPANHIA DE SANEAMENTO BASICO DO ESTADO DE SAO PAULO";"SABESP";;"";"SP";"SANTA CRUZ DA ESPERANCA SABESP";"16701651000149.0";"2014/07/18 13:16:27.000";"Não";"Sim";"43776517000180.0";"1491"
"Sim";"1007.0";;"";"S230620000001";"";"";"";"NORDESTE";"56.0";"SISTEMA ITAICABA BOCA DO FORNO";"";"07 REGIONAL DE SAUDE ARACATI";"2014/04/24 00:00:00.000";"SAA";"230620";"";"Sim";"ITAICABA";"2014";"";"";"";"";"Regional";"COMPANHIA DE AGUA E ESGOTO DO CEARA";"CAGECE";;"";"CE";"UNIDADE DE NEGOCIO DA BACIA DO BAIXO E MEDIO JAGUARIBE UNBBJ";"7040108000157.0";"2014/04/24 14:47:09.000";"Sim";"Não";"7040108000157.0";"3202"
"Sim";"897.0";;"";"S430640000001";"";"";"";"SUL";"0.0";"DOIS IRMÃOS";"";"1ª CRS";"2014/03/28 00:00:00.000";"SAA";"431247";"";"Sim";"MORRO REUTER";"2014";"";"";"";"";"Regional";"COMPANHIA RIOGRANDENSE DE SANEAMENTO";"CORSAN";;"";"RS";"SUPERINTENDENCIA REGIONAL SINOS SURSIN";"92802784031150.0";"2014/03/28 13:10:33.000";"Sim";"Sim";"92802784000190.0";"2637"
"Não";"45.0";;"";"S411280000002";"";"";"";"SUL";;"JOA UT8461";"";"19 RS - JACAREZINHO";"2014/03/19 00:00:00.000";"SAA";"411280";"";"Sim";"JOAQUIM TAVORA";"2014";"";"";"";"";"Regional";"COMPANHIA DE SANEAMENTO DO PARANA";"SANEPAR";;"";"PR";"UR SANTO ANTONIO DA PLATINA";"76484013000145.0";"2014/07/24 10:51:30.000";"Não";"Sim";"76484013000145.0";"136"
"Não";"1434.0";;"";"S412290000001";"";"";"";"SUL";;"SALTO DO ITARARE UT2351";"";"19 RS - JACAREZINHO";"2014/03/19 00:00:00.000";"SAA";"412290";"";"Sim";"SALTO DO ITARARE";"2014";"";"";"";"";"Regional";"COMPANHIA DE SANEAMENTO DO PARANA";"SANEPAR";;"";"PR";"UR SANTO ANTONIO DA PLATINA";"76484013000145.0";"2014/07/24 11:43:30.000";"Não";"Sim";"76484013000145.0";"4173"
"Não";"1041.0";;"";"S230427000001";"";"";"";"NORDESTE";"43.0";"CAGECE ERERE";"";"10 REGIONAL DE SAUDE LIMOEIRO DO NORTE";"2014/07/24 00:00:00.000";"SAA";"230427";"";"Sim";"ERERE";"2014";"";"";"";"";"Regional";"COMPANHIA DE AGUA E ESGOTO DO CEARA";"CAGECE";;"";"CE";"UNIDADE DE NEGOCIO DA BACIA DO BAIXO E MEDIO JAGUARIBE UNBBJ";"7040108000157.0";"2014/07/24 15:42:26.000";"Não";"Sim";"7040108000157.0";"3768"
"Não";"217.0";;"";"S520360000001";"";"";"";"CENTRO-OESTE";"0.0";"DEUSLANDIA";"";"REGIONAL CENTRAL";"2014/03/13 00:00:00.000";"SAA";"520360";"";"Sim";"BRAZABRANTES";"2014";"";"";"";"";"Regional";"SANEAMENTO DE GOIAS SA";"SANEAGO";;"";"GO";"GRS INHUMAS";"1616929000102.0";"2014/07/24 15:32:09.000";"Não";"Sim";"1616929000102.0";"644"
"Sim";"2879.0";;"";"S230600000001";"";"";"";"NORDESTE";"156.0";"SISTEMA IRACEMA";"";"10 REGIONAL DE SAUDE LIMOEIRO DO NORTE";"2014/07/24 00:00:00.000";"SAA";"230600";"";"Sim";"IRACEMA";"2014";"";"";"";"";"Regional";"COMPANHIA DE AGUA E ESGOTO DO CEARA";"CAGECE";;"";"CE";"UNIDADE DE NEGOCIO DA BACIA DO BAIXO E MEDIO JAGUARIBE UNBBJ";"7040108000157.0";"2014/07/24 15:49:48.000";"Sim";"Não";"7040108000157.0";"9904"
"Não";"1196.0";;"";"S420420000004";"";"";"";"SUL";;"UNID TRAT VILA REAL";"";"4ª REGIONAL DE SAÚDE- CHAPECÓ";"2014/01/14 00:00:00.000";"SAA";"420420";"";"Sim";"CHAPECO";"2014";"";"";"";"";"Regional";"COMPANHIA CATARINENSE DE AGUAS E SANEAMENTO";"CASAN";;"";"SC";"SUPERINTENDENCIA REGIONAL DE NEGOCIOS OESTE";"82508433000974.0";"2014/08/05 07:57:15.000";"Não";"Sim";"82508433000117.0";"3708"
"Não";"912.0";;"";"S231325000001";"";"";"";"NORDESTE";"47.0";"CAGECE TARRAFAS";"";"20 REGIONAL DE SAUDE CRATO";"2014/08/05 00:00:00.000";"SAA";"231325";"";"Sim";"TARRAFAS";"2014";"";"";"";"";"Regional";"COMPANHIA DE AGUA E ESGOTO DO CEARA";"CAGECE";;"";"CE";"UNIDADE DE NEGOCIO DA BACIA DO ALTO JAGUARIBE UNBAJ";"7040108000157.0";"2014/08/05 08:11:58.000";"Não";"Sim";"7040108000157.0";"3265"
"Não";"280.0";;"";"S351550000002";"";"";"";"SUDESTE";"281.0";"UTA DE BRASITANIA";"";"GVS XXX - JALES";"2014/02/17 00:00:00.000";"SAA";"351550";"";"Sim";"FERNANDOPOLIS";"2014";"";"";"";"";"Regional";"COMPANHIA DE SANEAMENTO BASICO DO ESTADO DE SAO PAULO";"SABESP";;"";"SP";"FERNANDOPOLIS SABESP";"71544878000136.0";"2014/08/05 09:46:02.000";"Não";"Sim";"43776517000180.0";"829"
"Sim";"56183.0";;"";"S120040000001";"";"";"";"NORTE";;"SISTEMA DE ABASTECIMENTO DE ÁGUA RIO BANCO - ETA I";"";"BAIXO ACRE E PURUS";"2014/07/08 00:00:00.000";"SAA";"120040";"";"Sim";"RIO BRANCO";"2014";"";"";"";"";"Regional";"SERVICO DE AGUA E ESGOTO DO ESTADO DO ACRE";"SANEACRE";;"";"AC";"SANEACRE";"2405085000113.0";"2014/08/05 11:05:52.000";"Sim";"Não";"2405085000113.0";"198888"
"Sim";"100.0";;"";"S120040000002";"";"";"";"NORTE";;"SISTEMA DE ABASTECIMENTO DE ÁGUA DE RIO BRANCO - ETA II";"";"BAIXO ACRE E PURUS";"2014/07/08 00:00:00.000";"SAA";"120040";"";"Sim";"RIO BRANCO";"2014";"";"";"";"";"Regional";"SERVICO DE AGUA E ESGOTO DO ESTADO DO ACRE";"SANEACRE";;"";"AC";"SANEACRE";"2405085000113.0";"2014/08/05 11:32:22.000";"Sim";"Não";"2405085000113.0";"354"
"Não";"611.0";;"";"S150140000016";"";"";"";"NORTE";;"COSANPA CANARINHO";"";"1° CRS";"2014/04/14 00:00:00.000";"SAA";"150140";"";"Sim";"BELEM";"2014";"";"";"";"";"Regional";"COMPANHIA DE SANEAMENTO DO PARA";"COSANPA";;"";"PA";"COSANPA REGIONAL METROPOLITANA DE BELEM";"4945341000190.0";"2014/08/05 14:21:13.000";"Não";"Sim";"4945341000190.0";"2303"
"Não";"440.0";;"";"S292170000002";"";"";"";"NORDESTE";"0.0";"SAA DE DUAS BARRAS";"";"16 DIRES / JACOBINA / NUCLEO CENTRO-NORTE";"2014/03/10 00:00:00.000";"SAA";"292170";"";"Sim";"MORRO DO CHAPEU";"2014";"";"";"";"";"Regional";"EMPRESA BAIANA DE AGUAS E SANEAMENTO SA";"EMBASA";;"";"BA";"UNI IRECE";"13504675000110.0";"2014/08/05 15:12:29.000";"Não";"Sim";"13504675000110.0";"1553"
"Sim";"1902.0";;"";"S292205000001";"";"";"";"NORDESTE";"0.0";"SIAA DE MULUNGU DO MORRO";"";"21 DIRES / IRECE / NUCLEO CENTRO-NORTE";"2014/03/11 00:00:00.000";"SAA";"292205";"";"Sim";"MULUNGU DO MORRO";"2014";"";"";"";"";"Regional";"EMPRESA BAIANA DE AGUAS E SANEAMENTO SA";"EMBASA";;"";"BA";"UNI IRECE";"13504675000110.0";"2014/08/05 16:09:31.000";"Sim";"Não";"13504675000110.0";"7037"
"Sim";"2070.0";;"";"S292205000001";"";"";"";"NORDESTE";"0.0";"SIAA DE MULUNGU DO MORRO";"";"27 DIRES / SEABRA / NUCLEO CENTRO-LESTE";"2014/03/11 00:00:00.000";"SAA";"293080";"";"Sim";"SOUTO SOARES";"2014";"";"";"";"";"Regional";"EMPRESA BAIANA DE AGUAS E SANEAMENTO SA";"EMBASA";;"";"BA";"UNI IRECE";"13504675000110.0";"2014/08/05 16:09:31.000";"Sim";"Não";"13504675000110.0";"7866"
"Sim";"28481.0";;"";"S500320000001";"";"";"";"CENTRO-OESTE";"30337.0";"EMPRESA DE SANEAMENTO DE MATO GROSSO DO SUL S.A";"";"MACRORREGIÃO DE CORUMBÁ";"2014/08/05 00:00:00.000";"SAA";"500320";"";"Sim";"CORUMBA";"2014";"";"";"";"";"Regional";"EMPRESA DE SANEAMENTO DO MATO GROSSO DO SUL SA";"SANESUL";;"";"MS";"PANTANAL CORUMBA";"3982931000120.0";"2014/08/05 16:30:49.000";"Sim";"Não";"3982931000120.0";"105665"
"Sim";"490.0";;"";"S320510000003";"";"";"";"SUDESTE";"30.0";"ETA JUCU";"";"SUPERINTENDÊNCIA REGIONAL DE SAÚDE METROPOLITANA";"2014/08/13 00:00:00.000";"SAA";"320510";"";"Sim";"VIANA";"2014";"";"";"";"";"Regional";"COMPANHIA ESPIRITO SANTENSE DE SANEAMENTO";"CESAN";;"";"ES";"GRANDE VITORIA GERENCIA DE PESQUISA E CONTROLE DA QUALIDADE";"28151363000147.0";"2014/08/13 15:15:48.000";"Sim";"Sim";"28151363000147.0";"1617"
"Sim";"0.0";;"";"S320510000003";"";"";"";"SUDESTE";"1.0";"ETA JUCU";"";"SUPERINTENDÊNCIA REGIONAL DE SAÚDE METROPOLITANA";"2014/08/13 00:00:00.000";"SAA";"320520";"";"Sim";"VILA VELHA";"2014";"";"";"";"";"Regional";"COMPANHIA ESPIRITO SANTENSE DE SANEAMENTO";"CESAN";;"";"ES";"GRANDE VITORIA GERENCIA DE PESQUISA E CONTROLE DA QUALIDADE";"28151363000147.0";"2014/08/13 15:15:48.000";"Sim";"Sim";"28151363000147.0";"0"
"Sim";"573.0";;"";"S171888000001";"";"";"";"NORTE";"0.0";"ATS - SANTA MARIA DO TOCANTINS";"";"CERRADO TOCANTINS ARAGUAIA";"2014/07/29 00:00:00.000";"SAA";"171888";"";"Sim";"SANTA MARIA DO TOCANTINS";"2014";"";"";"";"";"Regional";"AGENCIA TOCANTINENSE DE SANEAMENTO";"ATS";;"";"TO";"ATS POLO GUARAI";"11996434000100.0";"2014/08/14 08:52:30.000";"Não";"Sim";"11996434000100.0";"2028"
"Sim";"93004.0";;"";"S320130000001";"";"";"";"SUDESTE";"4769.0";"ETA VALE ESPERANCA";"";"SUPERINTENDÊNCIA REGIONAL DE SAÚDE METROPOLITANA";"2014/08/14 00:00:00.000";"SAA";"320130";"";"Sim";"CARIACICA";"2014";"";"";"";"";"Regional";"COMPANHIA ESPIRITO SANTENSE DE SANEAMENTO";"CESAN";;"";"ES";"GRANDE VITORIA GERENCIA DE PESQUISA E CONTROLE DA QUALIDADE";"28151363000147.0";"2014/08/14 09:03:03.000";"Sim";"Não";"28151363000147.0";"299473"
"Sim";"1593.0";;"";"S354350000001";"";"";"";"SUDESTE";"0.0";"ETA RIVERSUL";"";"GVS XXXII - ITAPEVA";"2014/03/14 00:00:00.000";"SAA";"354350";"";"Sim";"RIVERSUL";"2014";"";"";"";"";"Regional";"COMPANHIA DE SANEAMENTO BASICO DO ESTADO DE SAO PAULO";"SABESP";;"";"SP";"RIVERSUL SABESP";"43776517030410.0";"2014/08/14 09:28:33.000";"Sim";"Não";"43776517000180.0";"4779"
"Não";"174.0";;"";"S171150000002";"";"";"";"NORTE";;"ATS NOVO HORIZONTE";"";"ILHA DO BANANAL";"2014/07/07 00:00:00.000";"SAA";"171150";"";"Sim";"JAU DO TOCANTINS";"2014";"";"";"";"";"Regional";"AGENCIA TOCANTINENSE DE SANEAMENTO";"ATS";;"";"TO";"ATS POLO NATIVIDADE";"11996434000100.0";"2014/08/14 10:10:51.000";"Não";"Sim";"11996434000100.0";"532"
"Sim";"40000.0";;"";"S353800000001";"";"";"";"SUDESTE";"0.0";"SISTEMA DE ABASTECIMENTO DE AGUA DE PINDAMONHANGABA";"";"GVS XXXIII - TAUBATÉ";"2014/08/14 00:00:00.000";"SAA";"353800";"";"Sim";"PINDAMONHANGABA";"2014";"";"";"";"";"Regional";"COMPANHIA DE SANEAMENTO BASICO DO ESTADO DE SAO PAULO";"SABESP";;"";"SP";"PINDAMONHANGABA SABESP";"43776517000422.0";"2014/08/14 11:02:59.000";"Sim";"Não";"43776517000180.0";"136400"
"Não";"861.0";;"";"S270430000001";"";"";"";"NORDESTE";;"SAA MACEIO ANTARES";"";"01 REGIÃO MCZ AL";"2014/02/26 00:00:00.000";"SAA";"270430";"";"Sim";"MACEIO";"2014";"";"";"";"";"Regional";"COMPANHIA DE SANEAMENTO DE ALAGOAS";"CASAL";;"";"AL";"UNIDADE METROPOLITANA MACEIO";"12294708000181.0";"2014/02/26 10:51:18.000";"Não";"Sim";"12294708000181.0";"2919"
"Sim";"5874.0";;"";"S430960000001";"";"";"";"SUL";;"HORIZONTINA";"";"14ª CRS";"2014/03/31 00:00:00.000";"SAA";"430960";"";"Sim";"HORIZONTINA";"2014";"";"";"";"";"Regional";"COMPANHIA RIOGRANDENSE DE SANEAMENTO";"CORSAN";;"";"RS";"SUPERINTENDENCIA REGIONAL MISSOES SURMIS";"92802784036623.0";"2014/03/31 13:59:22.000";"Sim";"Não";"92802784000190.0";"16330"
"Sim";"10327.0";;"";"S431060000001";"";"";"";"SUL";"0.0";"ITAQUI";"";"10ª CRS";"2014/03/31 00:00:00.000";"SAA";"431060";"";"Sim";"ITAQUI";"2014";"";"";"";"";"Regional";"COMPANHIA RIOGRANDENSE DE SANEAMENTO";"CORSAN";;"";"RS";"SUPERINTENDENCIA REGIONAL FRONTEIRA SURFRO";"92802784036542.0";"2014/03/31 15:08:31.000";"Sim";"Sim";"92802784000190.0";"33769"
"Sim";"912.0";;"";"S431070000001";"";"";"";"SUL";;"ITATIBA DO SUL";"";"11ª CRS";"2014/03/31 00:00:00.000";"SAA";"431070";"";"Sim";"ITATIBA DO SUL";"2014";"";"";"";"";"Regional";"COMPANHIA RIOGRANDENSE DE SANEAMENTO";"CORSAN";;"";"RS";"SUPERINTENDENCIA REGIONAL PLANALTO SURPLA";"92802784036380.0";"2014/03/31 15:15:37.000";"Sim";"Não";"92802784000190.0";"2818"
"Não";"1270.0";;"";"S430180000001";"";"";"";"SUL";"0.0";"BARRACÃO";"";"6ª CRS";"2014/04/09 00:00:00.000";"SAA";"430180";"";"Sim";"BARRACAO";"2014";"";"";"";"";"Regional";"COMPANHIA RIOGRANDENSE DE SANEAMENTO";"CORSAN";;"";"RS";"SUPERINTENDENCIA REGIONAL PLANALTO SURPLA";"92802784036380.0";"2014/04/09 10:10:46.000";"Não";"Sim";"92802784000190.0";"3747"
"Não";"80.0";;"";"S430320000001";"";"";"";"SUL";;"CACIQUE  DOBLE";"";"6ª CRS";"2014/04/09 00:00:00.000";"SAA";"430320";"";"Sim";"CACIQUE DOBLE";"2014";"";"";"";"";"Regional";"COMPANHIA RIOGRANDENSE DE SANEAMENTO";"CORSAN";;"";"RS";"SUPERINTENDENCIA REGIONAL PLANALTO SURPLA";"92802784036380.0";"2014/04/09 16:40:27.000";"Não";"Sim";"92802784000190.0";"268"
"Sim";"201234.0";;"";"S250750000001";"";"";"";"NORDESTE";"0.0";"SAA DE JOÃO PESSOA";"";"01 GERENCIA REGIONAL DE SAUDE";"2014/04/02 00:00:00.000";"SAA";"250750";"";"Sim";"JOAO PESSOA";"2014";"";"";"";"";"Regional";"COMPANHIA DE AGUA E ESGOTO DA PARAIBA";"CAGEPA";;"";"PB";"CAGEPA COMPANHIA DE AGUA E ESGOTO DA PARAIBA";"2168943000153.0";"2014/04/09 16:34:20.000";"Sim";"Não";"9123654000187.0";"678159"
"Não";"1269.0";;"";"S430330000001";"";"";"";"SUL";;"CAIBATÉ";"";"12ª CRS";"2014/04/10 00:00:00.000";"SAA";"430330";"";"Sim";"CAIBATE";"2014";"";"";"";"";"Regional";"COMPANHIA RIOGRANDENSE DE SANEAMENTO";"CORSAN";;"";"RS";"SUPERINTENDENCIA REGIONAL MISSOES SURMIS";"92802784036623.0";"2014/04/10 08:34:43.000";"Não";"Sim";"92802784000190.0";"3655"
"Não";"1590.0";;"";"S431400000001";"";"";"";"SUL";"50.0";"PARAÍ";"";"5ª CRS";"2014/04/10 00:00:00.000";"SAA";"431400";"";"Sim";"PARAI";"2014";"";"";"";"";"Regional";"COMPANHIA RIOGRANDENSE DE SANEAMENTO";"CORSAN";;"";"RS";"SUPERINTENDENCIA REGIONAL NORDESTE SURNE";"92802784036895.0";"2014/04/10 10:30:34.000";"Não";"Sim";"92802784000190.0";"5040"
"Não";"1503.0";;"";"S430400000001";"";"";"";"SUL";;"CAMPO NOVO";"";"17ª CRS";"2014/04/10 00:00:00.000";"SAA";"430400";"";"Sim";"CAMPO NOVO";"2014";"";"";"";"";"Regional";"COMPANHIA RIOGRANDENSE DE SANEAMENTO";"CORSAN";;"";"RS";"SUPERINTENDENCIA REGIONAL MISSOES SURMIS";"92802784036623.0";"2014/04/10 10:34:27.000";"Não";"Sim";"92802784000190.0";"4434"
"Não";"844.0";;"";"S430410000001";"";"";"";"SUL";;"CORSAN";"";"6ª CRS";"2014/04/10 00:00:00.000";"SAA";"430410";"";"Sim";"CAMPOS BORGES";"2014";"";"";"";"";"Regional";"COMPANHIA RIOGRANDENSE DE SANEAMENTO";"CORSAN";;"";"RS";"SUPERINTENDENCIA REGIONAL MISSOES SURMIS";"92802784036623.0";"2014/04/10 11:10:59.000";"Não";"Sim";"92802784000190.0";"2372"
"Não";"2279.0";;"";"S431770000001";"";"";"";"SUL";"0.0";"SANTO ANTÔNIO DAS MISSÕES";"";"12ª CRS";"2014/04/16 00:00:00.000";"SAA";"431770";"";"Sim";"SANTO ANTONIO DAS MISSOES";"2014";"";"";"";"";"Regional";"COMPANHIA RIOGRANDENSE DE SANEAMENTO";"CORSAN";;"";"RS";"SUPERINTENDENCIA REGIONAL MISSOES SURMIS";"92802784036623.0";"2014/04/16 15:46:22.000";"Não";"Sim";"92802784000190.0";"6655"
"Não";"243.0";;"";"S411070000002";"";"";"";"SUL";;"GUARAMIRIM UT4261";"";"04 RS - IRATI";"2014/03/19 00:00:00.000";"SAA";"411070";"";"Sim";"IRATI";"2014";"";"";"";"";"Regional";"COMPANHIA DE SANEAMENTO DO PARANA";"SANEPAR";;"";"PR";"UR PONTA GROSSA";"76484013000145.0";"2014/05/06 12:19:49.000";"Não";"Sim";"76484013000145.0";"773"
"Não";"170.0";;"";"S411070000003";"";"";"";"SUL";;"PINHO DE BAIXO UT4231";"";"04 RS - IRATI";"2014/03/19 00:00:00.000";"SAA";"411070";"";"Sim";"IRATI";"2014";"";"";"";"";"Regional";"COMPANHIA DE SANEAMENTO DO PARANA";"SANEPAR";;"";"PR";"UR PONTA GROSSA";"76484013000145.0";"2014/05/06 12:31:02.000";"Não";"Sim";"76484013000145.0";"541"
"Não";"5213.0";;"";"S410880000001";"";"";"";"SUL";;"GUAIRA UT1071";"";"20 RS - TOLEDO";"2014/03/19 00:00:00.000";"SAA";"410880";"";"Sim";"GUAIRA";"2014";"";"";"";"";"Regional";"COMPANHIA DE SANEAMENTO DO PARANA";"SANEPAR";;"";"PR";"UR TOLEDO";"76484013000145.0";"2014/05/16 12:51:31.000";"Não";"Sim";"76484013000145.0";"16369"
"Não";"767.0";;"";"S410880000003";"";"";"";"SUL";;"GUAIRA UT1073";"";"20 RS - TOLEDO";"2014/03/19 00:00:00.000";"SAA";"410880";"";"Sim";"GUAIRA";"2014";"";"";"";"";"Regional";"COMPANHIA DE SANEAMENTO DO PARANA";"SANEPAR";;"";"PR";"UR TOLEDO";"76484013000145.0";"2014/05/16 13:41:17.000";"Não";"Sim";"76484013000145.0";"2408"
"Não";"372.0";;"";"S410880000004";"";"";"";"SUL";;"DOUTOR OLIVEIRA CASTRO UT6111";"";"20 RS - TOLEDO";"2014/03/19 00:00:00.000";"SAA";"410880";"";"Sim";"GUAIRA";"2014";"";"";"";"";"Regional";"COMPANHIA DE SANEAMENTO DO PARANA";"SANEPAR";;"";"PR";"UR TOLEDO";"76484013000145.0";"2014/05/16 13:46:31.000";"Não";"Sim";"76484013000145.0";"1168"
"Não";"1049.0";;"";"S411535000001";"";"";"";"SUL";;"MARIPA UT3321";"";"20 RS - TOLEDO";"2014/03/19 00:00:00.000";"SAA";"411535";"";"Sim";"MARIPA";"2014";"";"";"";"";"Regional";"COMPANHIA DE SANEAMENTO DO PARANA";"SANEPAR";;"";"PR";"UR TOLEDO";"76484013000145.0";"2014/05/16 14:01:20.000";"Não";"Sim";"76484013000145.0";"3137"
"Não";"1466.0";;"";"S411745000001";"";"";"";"SUL";;"OURO VERDE DO OESTE UT3231";"";"20 RS - TOLEDO";"2014/03/19 00:00:00.000";"SAA";"411745";"";"Sim";"OURO VERDE DO OESTE";"2014";"";"";"";"";"Regional";"COMPANHIA DE SANEAMENTO DO PARANA";"SANEPAR";;"";"PR";"UR TOLEDO";"76484013000145.0";"2014/05/16 14:30:20.000";"Não";"Sim";"76484013000145.0";"4721"
"Não";"50.0";;"";"S410780000002";"";"";"";"SUL";;"NOVA BILAC UT7931";"";"15 RS - MARINGA";"2014/03/19 00:00:00.000";"SAA";"410780";"";"Sim";"FLORAI";"2014";"";"";"";"";"Regional";"COMPANHIA DE SANEAMENTO DO PARANA";"SANEPAR";;"";"PR";"UR MARINGA";"76484013000145.0";"2014/05/19 14:55:38.000";"Não";"Sim";"76484013000145.0";"146"
"Não";"1.0";;"";"S410725000003";"";"";"";"SUL";"63.0";"JARDIM DO IVAI UT7561";"";"12 RS - UMUARAMA";"2014/03/19 00:00:00.000";"SAA";"410725";"";"Sim";"DOURADINA";"2014";"";"";"";"";"Regional";"COMPANHIA DE SANEAMENTO DO PARANA";"SANEPAR";;"";"PR";"UR UMUARAMA";"76484013000145.0";"2014/06/26 11:48:43.000";"Não";"Sim";"76484013000145.0";"3"
"Não";"486.0";;"";"S410752000001";"";"";"";"SUL";;"ESPERANCA NOVA UT3821";"";"12 RS - UMUARAMA";"2014/03/19 00:00:00.000";"SAA";"410752";"";"Sim";"ESPERANCA NOVA";"2014";"";"";"";"";"Regional";"COMPANHIA DE SANEAMENTO DO PARANA";"SANEPAR";;"";"PR";"UR UMUARAMA";"76484013000145.0";"2014/06/26 11:56:01.000";"Não";"Sim";"76484013000145.0";"1448"
"Não";"103.0";;"";"S410832000002";"";"";"";"SUL";;"BAIRRO CATARINENSE UT8541";"";"12 RS - UMUARAMA";"2014/03/19 00:00:00.000";"SAA";"410832";"";"Sim";"FRANCISCO ALVES";"2014";"";"";"";"";"Regional";"COMPANHIA DE SANEAMENTO DO PARANA";"SANEPAR";;"";"PR";"UR UMUARAMA";"76484013000145.0";"2014/06/26 12:07:40.000";"Não";"Sim";"76484013000145.0";"314"
"Não";"131.0";;"";"S410990000003";"";"";"";"SUL";;"VILA RICA DO IVAI UT5991";"";"12 RS - UMUARAMA";"2014/03/19 00:00:00.000";"SAA";"410990";"";"Sim";"ICARAIMA";"2014";"";"";"";"";"Regional";"COMPANHIA DE SANEAMENTO DO PARANA";"SANEPAR";;"";"PR";"UR UMUARAMA";"76484013000145.0";"2014/06/26 12:30:22.000";"Não";"Sim";"76484013000145.0";"393"
"Não";"1833.0";;"";"S411155000001";"";"";"";"SUL";;"IVATE UT3211";"";"12 RS - UMUARAMA";"2014/03/19 00:00:00.000";"SAA";"411155";"";"Sim";"IVATE";"2014";"";"";"";"";"Regional";"COMPANHIA DE SANEAMENTO DO PARANA";"SANEPAR";;"";"PR";"UR UMUARAMA";"76484013000145.0";"2014/06/26 12:51:37.000";"Não";"Sim";"76484013000145.0";"5627"
"Não";"1000.0";;"";"S411720000001";"";"";"";"SUL";"882.0";"NOVA OLIMPIA UT1841";"";"12 RS - UMUARAMA";"2014/03/19 00:00:00.000";"SAA";"411720";"";"Sim";"NOVA OLIMPIA";"2014";"";"";"";"";"Regional";"COMPANHIA DE SANEAMENTO DO PARANA";"SANEPAR";;"";"PR";"UR UMUARAMA";"76484013000145.0";"2014/06/26 13:05:47.000";"Não";"Sim";"76484013000145.0";"3000"
"Sim";"34078.0";;"";"S412810000001";"";"";"";"SUL";;"UMUARAMA UT2821";"";"12 RS - UMUARAMA";"2014/03/19 00:00:00.000";"SAA";"412810";"";"Sim";"UMUARAMA";"2014";"";"";"";"";"Regional";"COMPANHIA DE SANEAMENTO DO PARANA";"SANEPAR";;"";"PR";"UR UMUARAMA";"76484013000145.0";"2014/06/26 14:07:36.000";"Sim";"Não";"76484013000145.0";"101893"
"Não";"11.0";;"";"S412810000004";"";"";"";"SUL";;"NOVA JERUSALEM UT5591";"";"12 RS - UMUARAMA";"2014/03/19 00:00:00.000";"SAA";"412810";"";"Sim";"UMUARAMA";"2014";"";"";"";"";"Regional";"COMPANHIA DE SANEAMENTO DO PARANA";"SANEPAR";;"";"PR";"UR UMUARAMA";"76484013000145.0";"2014/06/26 14:19:09.000";"Não";"Sim";"76484013000145.0";"33"
"Sim";"29747.0";;"";"S521150000001";"";"";"";"CENTRO-OESTE";;"JOAO ROCHA";"";"REGIONAL SUL";"2014/03/12 00:00:00.000";"SAA";"521150";"";"Sim";"ITUMBIARA";"2014";"";"";"";"";"Regional";"SANEAMENTO DE GOIAS SA";"SANEAGO";;"";"GO";"GRS ITUMBIARA";"1616929000102.0";"2014/06/26 13:54:47.000";"Sim";"Não";"1616929000102.0";"89538"
"Não";"415.0";;"";"S521150000002";"";"";"";"CENTRO-OESTE";;"DIONARIA ROCHA";"";"REGIONAL SUL";"2014/03/12 00:00:00.000";"SAA";"521150";"";"Sim";"ITUMBIARA";"2014";"";"";"";"";"Regional";"SANEAMENTO DE GOIAS SA";"SANEAGO";;"";"GO";"GRS ITUMBIARA";"1616929000102.0";"2014/06/26 14:01:30.000";"Não";"Sim";"1616929000102.0";"1249"
"Não";"370.0";;"";"S412810000005";"";"";"";"SUL";;"SANTA ELISA UT5151";"";"12 RS - UMUARAMA";"2014/03/19 00:00:00.000";"SAA";"412810";"";"Sim";"UMUARAMA";"2014";"";"";"";"";"Regional";"COMPANHIA DE SANEAMENTO DO PARANA";"SANEPAR";;"";"PR";"UR UMUARAMA";"76484013000145.0";"2014/06/26 14:27:30.000";"Não";"Sim";"76484013000145.0";"1106"
"Sim";"42129.0";;"";"S270820000001";"";"";"";"NORDESTE";;"SAA DE SAO BRAS";"";"07 REGIÃO ARP AL";"2014/05/20 00:00:00.000";"SAA";"270030";"";"Sim";"ARAPIRACA";"2014";"";"";"";"";"Regional";"COMPANHIA DE SANEAMENTO DE ALAGOAS";"CASAL";;"";"AL";"UNIDADE AGRESTE ARAPIRACA";"12294708000181.0";"2014/05/20 10:57:37.000";"Sim";"Não";"12294708000181.0";"154192"
"Não";"2496.0";;"";"S270020000001";"";"";"";"NORDESTE";;"SAA DE ANADIA";"";"08 REGIÃO PLM AL";"2014/05/12 00:00:00.000";"SAA";"270480";"";"Sim";"MARIBONDO";"2014";"";"";"";"";"Regional";"COMPANHIA DE SANEAMENTO DE ALAGOAS";"CASAL";;"";"AL";"UNIDADE SERRANA P DOS INDIOS";"12294708000181.0";"2014/05/12 11:07:06.000";"Sim";"Não";"12294708000181.0";"8886"
"Não";"773.0";;"";"S354920000001";"";"";"";"SUDESTE";"709.0";"UTA SAO JOAO DAS DUAS PONTES";"";"GVS XXX - JALES";"2014/02/17 00:00:00.000";"SAA";"354920";"";"Sim";"SAO JOAO DAS DUAS PONTES";"2014";"";"";"";"";"Regional";"COMPANHIA DE SANEAMENTO BASICO DO ESTADO DE SAO PAULO";"SABESP";;"";"SP";"SAO JOAO DAS DUAS PONTES SABESP";"43776517026308.0";"2014/07/01 08:49:19.000";"Não";"Sim";"43776517000180.0";"2327"
"Não";"19.0";;"";"S351520000002";"";"";"";"SUDESTE";"0.0";"UTA BOA ESPERANCA";"";"GVS XXX - JALES";"2014/02/17 00:00:00.000";"SAA";"351520";"";"Sim";"ESTRELA D'OESTE";"2014";"";"";"";"";"Regional";"COMPANHIA DE SANEAMENTO BASICO DO ESTADO DE SAO PAULO";"SABESP";;"";"SP";"ESTRELA D OESTE SABESP";"7528402000102.0";"2014/07/01 09:30:24.000";"Não";"Sim";"43776517000180.0";"57"
"Sim";"37089.0";;"";"S430210000001";"";"";"";"SUL";;"BENTO GONÇALVES";"";"5ª CRS";"2014/07/01 00:00:00.000";"SAA";"430210";"";"Sim";"BENTO GONCALVES";"2014";"";"";"";"";"Regional";"COMPANHIA RIOGRANDENSE DE SANEAMENTO";"CORSAN";;"";"RS";"SUPERINTENDENCIA REGIONAL NORDESTE SURNE";"92802784036895.0";"2014/07/01 13:21:48.000";"Sim";"Sim";"92802784000190.0";"108671"
"Sim";"34070.0";;"";"S430700000001";"";"";"";"SUL";"0.0";"ERECHIM";"";"11ª CRS";"2014/07/01 00:00:00.000";"SAA";"430700";"";"Sim";"ERECHIM";"2014";"";"";"";"";"Regional";"COMPANHIA RIOGRANDENSE DE SANEAMENTO";"CORSAN";;"";"RS";"SUPERINTENDENCIA REGIONAL PLANALTO SURPLA";"92802784036380.0";"2014/07/01 14:08:10.000";"Sim";"Sim";"92802784000190.0";"98462"
"Sim";"718.0";;"";"S231180000005";"";"";"";"NORDESTE";"40.0";"CAGECE FLORES";"";"09 REGIONAL DE SAUDE RUSSAS";"2014/07/01 00:00:00.000";"SAA";"231180";"";"Sim";"RUSSAS";"2014";"";"";"";"";"Regional";"COMPANHIA DE AGUA E ESGOTO DO CEARA";"CAGECE";;"";"CE";"UNIDADE DE NEGOCIO DA BACIA DO BAIXO E MEDIO JAGUARIBE UNBBJ";"7040108000157.0";"2014/07/01 15:13:57.000";"Não";"Sim";"7040108000157.0";"2448"
"Sim";"2400.0";;"";"S521940000001";"";"";"";"CENTRO-OESTE";"0.0";"SANTA RITA DO ARAGUAIA";"";"REGIONAL SUDOESTE II";"2014/04/07 00:00:00.000";"SAA";"521940";"";"Sim";"SANTA RITA DO ARAGUAIA";"2014";"";"";"";"";"Regional";"SANEAMENTO DE GOIAS SA";"SANEAGO";;"";"GO";"GRS JATAI";"1616929000102.0";"2014/07/02 10:37:33.000";"Sim";"Não";"1616929000102.0";"7320"
"Não";"603.0";;"";"S412240000002";"";"";"";"SUL";;"SAO MARTINHO UT8851";"";"17 RS - LONDRINA";"2014/03/19 00:00:00.000";"SAA";"412240";"";"Sim";"ROLANDIA";"2014";"";"";"";"";"Regional";"COMPANHIA DE SANEAMENTO DO PARANA";"SANEPAR";;"";"PR";"UR ARAPONGAS";"76484013000145.0";"2014/07/17 11:41:41.000";"Não";"Sim";"76484013000145.0";"1893"
"Não";"2244.0";;"";"S412667000001";"";"";"";"SUL";"0.0";"TAMARANA UT3991";"";"17 RS - LONDRINA";"2014/03/19 00:00:00.000";"SAA";"412667";"";"Sim";"TAMARANA";"2014";"";"";"";"";"Regional";"COMPANHIA DE SANEAMENTO DO PARANA";"SANEPAR";;"";"PR";"GIDLD LONDRINA";"76484013000145.0";"2014/07/17 11:54:00.000";"Não";"Sim";"76484013000145.0";"7473"
"Sim";"15298.0";;"";"S410640000001";"";"";"";"SUL";;"CORNELIO PROCOPIO UT0041";"";"18 RS - CORNELIO PROCOPIO";"2014/03/19 00:00:00.000";"SAA";"410640";"";"Sim";"CORNELIO PROCOPIO";"2014";"";"";"";"";"Regional";"COMPANHIA DE SANEAMENTO DO PARANA";"SANEPAR";;"";"PR";"UR CORNELIO PROCOPIO";"76484013000145.0";"2014/07/17 12:08:48.000";"Sim";"Não";"76484013000145.0";"47118"
"Não";"747.0";;"";"S292410000001";"";"";"";"NORDESTE";"0.0";"SLAA DE PEDRÃO";"";"03 DIRES / ALAGOINHAS / NUCLEO NORDESTE";"2014/02/20 00:00:00.000";"SAA";"292410";"";"Sim";"PEDRAO";"2014";"";"";"";"";"Regional";"EMPRESA BAIANA DE AGUAS E SANEAMENTO SA";"EMBASA";;"";"BA";"UNA ALAGOINHAS";"13504675000110.0";"2014/07/17 12:24:59.000";"Não";"Sim";"13504675000110.0";"2734"
"Não";"915.0";;"";"S411340000001";"";"";"";"SUL";;"LEOPOLIS UT1501";"";"18 RS - CORNELIO PROCOPIO";"2014/03/19 00:00:00.000";"SAA";"411340";"";"Sim";"LEOPOLIS";"2014";"";"";"";"";"Regional";"COMPANHIA DE SANEAMENTO DO PARANA";"SANEPAR";;"";"PR";"UR CORNELIO PROCOPIO";"76484013000145.0";"2014/07/17 14:17:22.000";"Não";"Sim";"76484013000145.0";"2919"
"Não";"132.0";;"";"S411340000002";"";"";"";"SUL";;"JANDINOPOLIS UT7151";"";"18 RS - CORNELIO PROCOPIO";"2014/03/19 00:00:00.000";"SAA";"411340";"";"Sim";"LEOPOLIS";"2014";"";"";"";"";"Regional";"COMPANHIA DE SANEAMENTO DO PARANA";"SANEPAR";;"";"PR";"UR CORNELIO PROCOPIO";"76484013000145.0";"2014/07/17 14:20:50.000";"Não";"Sim";"76484013000145.0";"421"
"Não";"61.0";;"";"S412390000002";"";"";"";"SUL";;"LUIZ BASSI UT8921";"";"18 RS - CORNELIO PROCOPIO";"2014/03/19 00:00:00.000";"SAA";"412390";"";"Sim";"SANTA MARIANA";"2014";"";"";"";"";"Regional";"COMPANHIA DE SANEAMENTO DO PARANA";"SANEPAR";;"";"PR";"UR CORNELIO PROCOPIO";"76484013000145.0";"2014/07/17 15:15:14.000";"Não";"Sim";"76484013000145.0";"183"
"Não";"6800.0";;"";"S500470000001";"";"";"";"CENTRO-OESTE";"0.0";"IVINHEMA CENTRO";"";"MACRO REGIÃO DE DOURADOS -  MICRO DE NOVA ANDRADINA";"2014/07/17 00:00:00.000";"SAA";"500470";"";"Sim";"IVINHEMA";"2014";"";"";"";"";"Regional";"EMPRESA DE SANEAMENTO DO MATO GROSSO DO SUL SA";"SANESUL";;"";"MS";"LESTE";"3982931000120.0";"2014/07/17 17:33:06.000";"Não";"Sim";"3982931000120.0";"20944"
"Sim";"655.0";;"";"S291050000001";"";"";"";"NORDESTE";"688.0";"SLAA DE SUBAÚMA";"";"03 DIRES / ALAGOINHAS / NUCLEO NORDESTE";"2014/02/20 00:00:00.000";"SAA";"291050";"";"Sim";"ENTRE RIOS";"2014";"";"";"";"";"Regional";"EMPRESA BAIANA DE AGUAS E SANEAMENTO SA";"EMBASA";;"";"BA";"UNA ALAGOINHAS";"13504675000110.0";"2014/07/18 09:20:21.000";"Sim";"Não";"13504675000110.0";"2351"
"Sim";"1500.0";;"";"S260690000001";"";"";"";"NORDESTE";;"ETA IGUARACY";"";"X REGIONAL DE SAUDE";"2014/07/18 00:00:00.000";"SAA";"260690";"";"Sim";"IGUARACY";"2014";"";"";"";"";"Regional";"COMPANHIA PERNAMBUCANA DE SANEAMENTO";"COMPESA";;"";"PE";"GNR ALTO DO PAJEU";"9769035000164.0";"2014/07/18 09:55:34.000";"Sim";"Não";"9769035000164.0";"4875"
"Sim";"2320.0";;"";"S420170000001";"";"";"";"SUL";"0.0";"CASAN";"";"15ª REGIONAL DE SAÚDE- BLUMENAU";"2014/07/18 00:00:00.000";"SAA";"420170";"";"Sim";"ASCURRA";"2014";"";"";"";"";"Regional";"COMPANHIA CATARINENSE DE AGUAS E SANEAMENTO";"CASAN";;"";"SC";"SUPERINTENDENCIA REGIONAL DE NEGOCIOS NORTE VALE DO ITAJAI";"82508433007715.0";"2014/07/18 09:58:07.000";"Sim";"Não";"82508433000117.0";"7285"
"Sim";"1000.0";;"";"S420170000001";"";"";"";"SUL";;"CASAN";"";"15ª REGIONAL DE SAÚDE- BLUMENAU";"2014/07/18 00:00:00.000";"SAA";"421510";"";"Sim";"RODEIO";"2014";"";"";"";"";"Regional";"COMPANHIA CATARINENSE DE AGUAS E SANEAMENTO";"CASAN";;"";"SC";"SUPERINTENDENCIA REGIONAL DE NEGOCIOS NORTE VALE DO ITAJAI";"82508433007715.0";"2014/07/18 09:58:07.000";"Sim";"Não";"82508433000117.0";"3120"
"Sim";"3000.0";;"";"S420170000001";"";"";"";"SUL";"3237.0";"CASAN";"";"15ª REGIONAL DE SAÚDE- BLUMENAU";"2014/07/18 00:00:00.000";"SAA";"420125";"";"Sim";"APIUNA";"2014";"";"";"";"";"Regional";"COMPANHIA CATARINENSE DE AGUAS E SANEAMENTO";"CASAN";;"";"SC";"SUPERINTENDENCIA REGIONAL DE NEGOCIOS NORTE VALE DO ITAJAI";"82508433007715.0";"2014/07/18 09:58:07.000";"Sim";"Não";"82508433000117.0";"9510"
"Não";"5.0";;"";"S530025000002";"";"";"";"CENTRO-OESTE";"0.0";"PAPUDA";"";"UNICA";"2014/07/18 00:00:00.000";"SAA";"530025";"";"Sim";"SÃO SEBASTIAO";"2014";"";"";"";"";"Regional";"COMPANHIA DE SANEAMENTO AMBIENTAL DO DISTRITO FEDERAL";"CAESB";;"";"DF";"CAESB REGIONAL UNICA";"82024000137.0";"2014/07/18 10:09:10.000";"Não";"Sim";"82024000137.0";"17"
"Sim";"10511.0";;"";"S292520000001";"";"";"";"NORDESTE";"0.0";"SLAA DE POJUCA";"";"01 DIRES / SALVADOR / RMS / NUCLEO LESTE";"2014/02/20 00:00:00.000";"SAA";"292520";"";"Sim";"POJUCA";"2014";"";"";"";"";"Regional";"EMPRESA BAIANA DE AGUAS E SANEAMENTO SA";"EMBASA";;"";"BA";"UNA ALAGOINHAS";"13504675000110.0";"2014/07/18 10:45:49.000";"Sim";"Não";"13504675000110.0";"36158"
"Não";"3317.0";;"";"S290960000001";"";"";"";"NORDESTE";"0.0";"SLAA CRISOPOLIS";"";"03 DIRES / ALAGOINHAS / NUCLEO NORDESTE";"2014/02/20 00:00:00.000";"SAA";"290960";"";"Sim";"CRISOPOLIS";"2014";"";"";"";"";"Regional";"EMPRESA BAIANA DE AGUAS E SANEAMENTO SA";"EMBASA";;"";"BA";"UNA ALAGOINHAS";"13504675000110.0";"2014/07/18 11:02:18.000";"Não";"Sim";"13504675000110.0";"11046"
"Sim";"100000.0";;"";"S530009000001";"";"";"";"CENTRO-OESTE";"34732.0";"DESCOBERTO";"";"UNICA";"2014/07/18 00:00:00.000";"SAA";"530009";"";"Sim";"CEILANDIA";"2014";"";"";"";"";"Regional";"COMPANHIA DE SANEAMENTO AMBIENTAL DO DISTRITO FEDERAL";"CAESB";;"";"DF";"CAESB REGIONAL UNICA";"82024000137.0";"2014/07/18 10:51:56.000";"Sim";"Sim";"82024000137.0";"330000"
"Sim";"18186.0";;"";"S530009000001";"";"";"";"CENTRO-OESTE";;"DESCOBERTO";"";"UNICA";"2014/07/18 00:00:00.000";"SAA";"530030";"";"Sim";"VICENTE PIRES";"2014";"";"";"";"";"Regional";"COMPANHIA DE SANEAMENTO AMBIENTAL DO DISTRITO FEDERAL";"CAESB";;"";"DF";"CAESB REGIONAL UNICA";"82024000137.0";"2014/07/18 10:51:56.000";"Sim";"Sim";"82024000137.0";"60014"
"Sim";"30000.0";;"";"S530009000001";"";"";"";"CENTRO-OESTE";"47158.0";"DESCOBERTO";"";"UNICA";"2014/07/18 00:00:00.000";"SAA";"530020";"";"Sim";"AGUAS CLARAS";"2014";"";"";"";"";"Regional";"COMPANHIA DE SANEAMENTO AMBIENTAL DO DISTRITO FEDERAL";"CAESB";;"";"DF";"CAESB REGIONAL UNICA";"82024000137.0";"2014/07/18 10:51:56.000";"Sim";"Sim";"82024000137.0";"99000"
"Sim";"30000.0";;"";"S530009000001";"";"";"";"CENTRO-OESTE";"18992.0";"DESCOBERTO";"";"UNICA";"2014/07/18 00:00:00.000";"SAA";"530000";"";"Sim";"GUARA";"2014";"";"";"";"";"Regional";"COMPANHIA DE SANEAMENTO AMBIENTAL DO DISTRITO FEDERAL";"CAESB";;"";"DF";"CAESB REGIONAL UNICA";"82024000137.0";"2014/07/18 10:51:56.000";"Sim";"Sim";"82024000137.0";"99000"
"Sim";"6000.0";;"";"S530009000001";"";"";"";"CENTRO-OESTE";"2475.0";"DESCOBERTO";"";"UNICA";"2014/07/18 00:00:00.000";"SAA";"530008";"";"Sim";"NUCLEO BANDEIRANTE";"2014";"";"";"";"";"Regional";"COMPANHIA DE SANEAMENTO AMBIENTAL DO DISTRITO FEDERAL";"CAESB";;"";"DF";"CAESB REGIONAL UNICA";"82024000137.0";"2014/07/18 10:51:56.000";"Sim";"Sim";"82024000137.0";"19800"
"Sim";"30000.0";;"";"S530009000001";"";"";"";"CENTRO-OESTE";"15427.0";"DESCOBERTO";"";"UNICA";"2014/07/18 00:00:00.000";"SAA";"530002";"";"Sim";"GAMA";"2014";"";"";"";"";"Regional";"COMPANHIA DE SANEAMENTO AMBIENTAL DO DISTRITO FEDERAL";"CAESB";;"";"DF";"CAESB REGIONAL UNICA";"82024000137.0";"2014/07/18 10:51:56.000";"Sim";"Sim";"82024000137.0";"99000"
"Sim";"20000.0";;"";"S530009000001";"";"";"";"CENTRO-OESTE";"13338.0";"DESCOBERTO";"";"UNICA";"2014/07/18 00:00:00.000";"SAA";"530014";"";"Sim";"SANTA MARIA";"2014";"";"";"";"";"Regional";"COMPANHIA DE SANEAMENTO AMBIENTAL DO DISTRITO FEDERAL";"CAESB";;"";"DF";"CAESB REGIONAL UNICA";"82024000137.0";"2014/07/18 10:51:56.000";"Sim";"Sim";"82024000137.0";"66000"
"Não";"134.0";;"";"S431406000001";"";"";"";"SUL";;"PASSA SETE";"";"8ª CRS";"2014/04/14 00:00:00.000";"SAA";"431123";"";"Sim";"LAGOA BONITA DO SUL";"2014";"";"";"";"";"Regional";"COMPANHIA RIOGRANDENSE DE SANEAMENTO";"CORSAN";;"";"RS";"SUPERINTENDENCIA REGIONAL CENTRAL SURCEN";"92802784036208.0";"2014/04/14 08:26:11.000";"Não";"Sim";"92802784000190.0";"417"
"Não";"150.0";;"";"S230110000010";"";"";"";"NORDESTE";"0.0";"VENÂNCIO";"";"07 REGIONAL DE SAUDE ARACATI";"2014/08/04 00:00:00.000";"SAA";"230110";"";"Sim";"ARACATI";"2014";"";"";"";"";"Regional";"SISTEMA INTEGRADO DE SANEAMENTO RURAL";"SISAR";;"";"CE";"SISTEMA INTEGRADO DE SANEAMENTO RURAL DA BACIA DO BAIXO E MEDIO JAGUARIBE BBJ";"5033853000143.0";"2014/08/04 09:35:41.000";"Não";"Sim";"5033853000143.0";"524"
"Sim";"231.0";;"";"S230270000002";"";"";"";"NORDESTE";"100.0";"SISAR ACOCI";"";"20 REGIONAL DE SAUDE CRATO";"2014/08/04 00:00:00.000";"SAA";"230270";"";"Sim";"CAMPOS SALES";"2014";"";"";"";"";"Regional";"SISTEMA INTEGRADO DE SANEAMENTO RURAL";"SISAR";;"";"CE";"SISTEMA INTEGRADO DE SANEAMENTO RURAL DA BACIA DO ALTO JAGUARIBE BAJ";"5033853000143.0";"2014/08/04 10:02:12.000";"Sim";"Não";"5033853000143.0";"804"
"Não";"11.0";;"";"S220150000001";"";"";"";"NORDESTE";;"POCO 01 DA AGESPISA";"";"2 TD COCAIS";"2014/07/10 00:00:00.000";"SAA";"220150";"";"Sim";"BATALHA";"2014";"";"";"";"";"Regional";"AGUAS E ESGOTOS DO PIAUI SA";"AGESPISA";;"";"PI";"POLO DE PARNAIBA";"6845747000127.0";"2014/08/07 08:09:40.000";"Não";"Sim";"6845747000127.0";"41"
"Não";"0.0";;"";"S330610000011";"";"";"";"SUDESTE";"0.0";"UD CAMBOTA";"";"MEDIO PARAIBA";"2014/08/07 00:00:00.000";"SAA";"330610";"";"Sim";"VALENCA";"2014";"";"";"";"";"Regional";"COMPANHIA ESTADUAL DE AGUAS E ESGOTOS";"CEDAE";;"";"RJ";"MEDIO PARAIBA";"33352394000104.0";"2014/08/07 10:14:10.000";"Não";"Sim";"33352394000104.0";"0"
"Sim";"23400.0";;"";"S170950000001";"";"";"";"NORTE";"3400.0";"FOZ/SANEATINS-GURUPI";"";"ILHA DO BANANAL";"2014/07/31 00:00:00.000";"SAA";"170950";"";"Sim";"GURUPI";"2014";"";"";"";"";"Regional";"COMPANHIA DE SANEAMENTO DO TOCANTINS";"SANEATINS";;"";"TO";"BRK POLO GURUPI";"25089509000183.0";"2014/08/14 08:55:31.000";"Sim";"Não";"25089509000183.0";"76986"
"Não";"128.0";;"";"S230820000003";"";"";"";"NORDESTE";"22.0";"SISAR SANTO ANTONIO DOS FERNANDES";"";"11 REGIONAL DE SAUDE SOBRAL";"2014/08/14 00:00:00.000";"SAA";"230820";"";"Sim";"MERUOCA";"2014";"";"";"";"";"Regional";"SISTEMA INTEGRADO DE SANEAMENTO RURAL";"SISAR";;"";"CE";"SISTEMA INTEGRADO DE SANEAMENTO RURAL DA BACIA DO ACARAU E COREAU BAC";"1090080000186.0";"2014/08/14 09:21:21.000";"Não";"Sim";"5033853000143.0";"502"
"Sim";"1213.0";;"";"S352040000001";"";"";"";"SUDESTE";"0.0";"SAA POMBO";"";"GVS XXVIII - CARAGUATATUBA";"2014/08/14 00:00:00.000";"SAA";"352040";"";"Sim";"ILHABELA";"2014";"";"";"";"";"Regional";"COMPANHIA DE SANEAMENTO BASICO DO ESTADO DE SAO PAULO";"SABESP";;"";"SP";"ILHABELA SABESP";"43776517019875.0";"2014/08/14 11:38:57.000";"Sim";"Não";"43776517000180.0";"3772"
"Sim";"7529.0";;"";"S430450000001";"";"";"";"SUL";;"CANGUÇU";"";"3ª CRS";"2014/03/28 00:00:00.000";"SAA";"430450";"";"Sim";"CANGUCU";"2014";"";"";"";"";"Regional";"COMPANHIA RIOGRANDENSE DE SANEAMENTO";"CORSAN";;"";"RS";"SUPERINTENDENCIA REGIONAL SUL SURSUL";"92802784036461.0";"2014/03/28 09:00:01.000";"Sim";"Não";"92802784000190.0";"22738"
"Não";"279.0";;"";"S431406000001";"";"";"";"SUL";;"PASSA SETE";"";"8ª CRS";"2014/04/14 00:00:00.000";"SAA";"431406";"";"Sim";"PASSA SETE";"2014";"";"";"";"";"Regional";"COMPANHIA RIOGRANDENSE DE SANEAMENTO";"CORSAN";;"";"RS";"SUPERINTENDENCIA REGIONAL CENTRAL SURCEN";"92802784036208.0";"2014/04/14 08:26:11.000";"Não";"Sim";"92802784000190.0";"887"
"Não";"638.0";;"";"S431415000001";"";"";"";"SUL";"0.0";"PAVERAMA";"";"16ª CRS";"2014/04/14 00:00:00.000";"SAA";"431415";"";"Sim";"PAVERAMA";"2014";"";"";"";"";"Regional";"COMPANHIA RIOGRANDENSE DE SANEAMENTO";"CORSAN";;"";"RS";"SUPERINTENDENCIA REGIONAL NORDESTE SURNE";"92802784036895.0";"2014/04/14 09:09:58.000";"Não";"Sim";"92802784000190.0";"1780"
"Sim";"5446.0";;"";"S280010000001";"";"";"";"NORDESTE";"0.0";"ETA GILBERTO FREIRE";"";"PROPRIA";"2014/01/02 00:00:00.000";"SAA";"280020";"";"Sim";"AQUIDABA";"2014";"";"";"";"";"Regional";"COMPANHIA DE SANEAMENTO DE SERGIPE";"DESO";;"";"SE";"INTEGRADO SERTANEJA";"13018171000190.0";"2014/04/14 09:51:42.000";"Sim";"Não";"13018171000190.0";"18244"
"Sim";"800.0";;"";"S280010000001";"";"";"";"NORDESTE";"0.0";"ETA GILBERTO FREIRE";"";"PROPRIA";"2014/01/02 00:00:00.000";"SAA";"280110";"";"Sim";"CANHOBA";"2014";"";"";"";"";"Regional";"COMPANHIA DE SANEAMENTO DE SERGIPE";"DESO";;"";"SE";"INTEGRADO SERTANEJA";"13018171000190.0";"2014/04/14 09:51:42.000";"Sim";"Não";"13018171000190.0";"3024"
"Sim";"1111.0";;"";"S280010000001";"";"";"";"NORDESTE";"0.0";"ETA GILBERTO FREIRE";"";"NOSSA SENHORA DO SOCORRO";"2014/01/02 00:00:00.000";"SAA";"280190";"";"Sim";"CUMBE";"2014";"";"";"";"";"Regional";"COMPANHIA DE SANEAMENTO DE SERGIPE";"DESO";;"";"SE";"INTEGRADO SERTANEJA";"13018171000190.0";"2014/04/14 09:51:42.000";"Sim";"Não";"13018171000190.0";"3622"
"Sim";"1521.0";;"";"S280010000001";"";"";"";"NORDESTE";"0.0";"ETA GILBERTO FREIRE";"";"NOSSA SENHORA DA GLORIA";"2014/01/02 00:00:00.000";"SAA";"280220";"";"Sim";"FEIRA NOVA";"2014";"";"";"";"";"Regional";"COMPANHIA DE SANEAMENTO DE SERGIPE";"DESO";;"";"SE";"INTEGRADO SERTANEJA";"13018171000190.0";"2014/04/14 09:51:42.000";"Sim";"Não";"13018171000190.0";"5415"
"Sim";"1742.0";;"";"S280010000001";"";"";"";"NORDESTE";"0.0";"ETA GILBERTO FREIRE";"";"NOSSA SENHORA DA GLORIA";"2014/01/02 00:00:00.000";"SAA";"280260";"";"Sim";"GRACHO CARDOSO";"2014";"";"";"";"";"Regional";"COMPANHIA DE SANEAMENTO DE SERGIPE";"DESO";;"";"SE";"INTEGRADO SERTANEJA";"13018171000190.0";"2014/04/14 09:51:42.000";"Sim";"Não";"13018171000190.0";"5783"
"Sim";"1000.0";;"";"S280010000001";"";"";"";"NORDESTE";"0.0";"ETA GILBERTO FREIRE";"";"NOSSA SENHORA DA GLORIA";"2014/01/02 00:00:00.000";"SAA";"280310";"";"Sim";"ITABI";"2014";"";"";"";"";"Regional";"COMPANHIA DE SANEAMENTO DE SERGIPE";"DESO";;"";"SE";"INTEGRADO SERTANEJA";"13018171000190.0";"2014/04/14 09:51:42.000";"Sim";"Não";"13018171000190.0";"3140"
"Sim";"1510.0";;"";"S280010000001";"";"";"";"NORDESTE";"0.0";"ETA GILBERTO FREIRE";"";"PROPRIA";"2014/01/02 00:00:00.000";"SAA";"280470";"";"Sim";"NOSSA SENHORA DE LOURDES";"2014";"";"";"";"";"Regional";"COMPANHIA DE SANEAMENTO DE SERGIPE";"DESO";;"";"SE";"INTEGRADO SERTANEJA";"13018171000190.0";"2014/04/14 09:51:42.000";"Sim";"Não";"13018171000190.0";"5315"
"Não";"602.0";;"";"S431449000001";"";"";"";"SUL";;"PINHEIRINHO DO VALE";"";"2ª CRS";"2014/04/14 00:00:00.000";"SAA";"431449";"";"Sim";"PINHEIRINHO DO VALE";"2014";"";"";"";"";"Regional";"COMPANHIA RIOGRANDENSE DE SANEAMENTO";"CORSAN";;"";"RS";"SUPERINTENDENCIA REGIONAL PLANALTO SURPLA";"92802784036380.0";"2014/04/14 10:16:52.000";"Não";"Sim";"92802784000190.0";"1878"
"Não";"2037.0";;"";"S431580000001";"";"";"";"SUL";;"ROCA SALES";"";"16ª CRS";"2014/04/15 00:00:00.000";"SAA";"431580";"";"Sim";"ROCA SALES";"2014";"";"";"";"";"Regional";"COMPANHIA RIOGRANDENSE DE SANEAMENTO";"CORSAN";;"";"RS";"SUPERINTENDENCIA REGIONAL NORDESTE SURNE";"92802784036895.0";"2014/04/15 08:34:37.000";"Não";"Sim";"92802784000190.0";"5887"
"Não";"3878.0";;"";"S430520000001";"";"";"";"SUL";;"CERRO LARGO";"";"12ª CRS";"2014/04/15 00:00:00.000";"SAA";"430520";"";"Sim";"CERRO LARGO";"2014";"";"";"";"";"Regional";"COMPANHIA RIOGRANDENSE DE SANEAMENTO";"CORSAN";;"";"RS";"SUPERINTENDENCIA REGIONAL MISSOES SURMIS";"92802784036623.0";"2014/04/15 08:56:10.000";"Não";"Sim";"92802784000190.0";"11479"
"Sim";"1480.0";;"";"S420120000001";"";"";"";"SUL";"0.0";"SAA ANTÔNIO CARLOS";"";"18ª REGIONAL DE SAÚDE- GRANDE FLORIANÓPOLIS";"2014/03/25 00:00:00.000";"SAA";"420120";"";"Sim";"ANTONIO CARLOS";"2014";"";"";"";"";"Regional";"COMPANHIA CATARINENSE DE AGUAS E SANEAMENTO";"CASAN";;"";"SC";"SUPERINTENDENCIA REGIONAL METROPOLITANA DA GRANDE FLORIANOPOLIS";"82508433000460.0";"2014/04/15 09:18:35.000";"Sim";"Não";"82508433000117.0";"4854"
"Não";"674.0";;"";"S430560000001";"";"";"";"SUL";;"COLORADO";"";"9ª CRS";"2014/04/15 00:00:00.000";"SAA";"430560";"";"Sim";"COLORADO";"2014";"";"";"";"";"Regional";"COMPANHIA RIOGRANDENSE DE SANEAMENTO";"CORSAN";;"";"RS";"SUPERINTENDENCIA REGIONAL MISSOES SURMIS";"92802784036623.0";"2014/04/15 11:13:31.000";"Não";"Sim";"92802784000190.0";"1921"
"Sim";"2000.0";;"";"S280480000001";"";"";"";"NORDESTE";"0.0";"ETA JOAO EDNALDO";"";"NOSSA SENHORA DO SOCORRO";"2014/01/02 00:00:00.000";"SAA";"280480";"";"Sim";"NOSSA SENHORA DO SOCORRO";"2014";"";"";"";"";"Regional";"COMPANHIA DE SANEAMENTO DE SERGIPE";"DESO";;"";"SE";"INTEGRADO ADUTORA DO SAO FRANCISCO";"13018171000190.0";"2014/04/15 11:13:46.000";"Sim";"Não";"13018171000190.0";"7080"
"Sim";"80000.0";;"";"S280480000001";"";"";"";"NORDESTE";"0.0";"ETA JOAO EDNALDO";"";"ARACAJU";"2014/01/02 00:00:00.000";"SAA";"280030";"";"Sim";"ARACAJU";"2014";"";"";"";"";"Regional";"COMPANHIA DE SANEAMENTO DE SERGIPE";"DESO";;"";"SE";"INTEGRADO ADUTORA DO SAO FRANCISCO";"13018171000190.0";"2014/04/15 11:13:46.000";"Sim";"Não";"13018171000190.0";"268800"
"Sim";"5000.0";;"";"S280480000001";"";"";"";"NORDESTE";"0.0";"ETA JOAO EDNALDO";"";"ARACAJU";"2014/01/02 00:00:00.000";"SAA";"280060";"";"Sim";"BARRA DOS COQUEIROS";"2014";"";"";"";"";"Regional";"COMPANHIA DE SANEAMENTO DE SERGIPE";"DESO";;"";"SE";"INTEGRADO ADUTORA DO SAO FRANCISCO";"13018171000190.0";"2014/04/15 11:13:46.000";"Sim";"Não";"13018171000190.0";"18200"
"Não";"317.0";;"";"S431840000001";"";"";"";"SUL";"0.0";"SÃO JERÔNIMO";"";"1ª CRS";"2014/04/23 00:00:00.000";"SAA";"431840";"";"Sim";"SAO JERONIMO";"2014";"";"";"";"";"Regional";"COMPANHIA RIOGRANDENSE DE SANEAMENTO";"CORSAN";;"";"RS";"SUPERINTENDENCIA REGIONAL METROPOLITANA SURMET";"92802784036976.0";"2014/04/23 14:36:44.000";"Não";"Sim";"92802784000190.0";"948"
"Não";"533.0";;"";"S431844000001";"";"";"";"SUL";"27.0";"SÃO JORGE";"";"5ª CRS";"2014/04/23 00:00:00.000";"SAA";"431844";"";"Sim";"SAO JORGE";"2014";"";"";"";"";"Regional";"COMPANHIA RIOGRANDENSE DE SANEAMENTO";"CORSAN";;"";"RS";"SUPERINTENDENCIA REGIONAL NORDESTE SURNE";"92802784036895.0";"2014/04/23 15:45:05.000";"Não";"Sim";"92802784000190.0";"1626"
"Sim";"3835.0";;"";"S411620000001";"";"";"";"SUL";"0.0";"MORRETES UT1751";"";"01 RS - PARANAGUA";"2014/03/19 00:00:00.000";"SAA";"411620";"";"Sim";"MORRETES";"2014";"";"";"";"";"Regional";"COMPANHIA DE SANEAMENTO DO PARANA";"SANEPAR";;"";"PR";"UR LITORAL";"76484013000145.0";"2014/04/29 12:13:26.000";"Sim";"Não";"76484013000145.0";"12694"
"Não";"26.0";;"";"S410160000003";"";"";"";"SUL";"0.0";"VILA RURAL UNIAO UT9061";"";"03 RS - PONTA GROSSA";"2014/03/19 00:00:00.000";"SAA";"410160";"";"Sim";"ARAPOTI";"2014";"";"";"";"";"Regional";"COMPANHIA DE SANEAMENTO DO PARANA";"SANEPAR";;"";"PR";"UR TELEMACO BORBA";"76484013000145.0";"2014/04/29 12:42:30.000";"Não";"Sim";"76484013000145.0";"84"
"Não";"26.0";;"";"S411930000001";"";"";"";"SUL";;"BOM RETIRO UT4821";"";"05 RS - GUARAPUAVA";"2014/03/19 00:00:00.000";"SAA";"411930";"";"Sim";"PINHAO";"2014";"";"";"";"";"Regional";"COMPANHIA DE SANEAMENTO DO PARANA";"SANEPAR";;"";"PR";"UR GUARAPUAVA";"76484013000145.0";"2014/05/09 11:47:32.000";"Não";"Sim";"76484013000145.0";"92"
"Sim";"5287.0";;"";"S411930000003";"";"";"";"SUL";;"PINHAO UT2031";"";"05 RS - GUARAPUAVA";"2014/03/19 00:00:00.000";"SAA";"411930";"";"Sim";"PINHAO";"2014";"";"";"";"";"Regional";"COMPANHIA DE SANEAMENTO DO PARANA";"SANEPAR";;"";"PR";"UR GUARAPUAVA";"76484013000145.0";"2014/05/09 12:09:09.000";"Sim";"Não";"76484013000145.0";"18610"
"Sim";"2341.0";;"";"S350635000002";"";"";"";"SUDESTE";"0.0";"ETA INDAIA";"";"GVS XXV - SANTOS";"2014/03/18 00:00:00.000";"SAA";"350635";"";"Sim";"BERTIOGA";"2014";"";"";"";"";"Regional";"COMPANHIA DE SANEAMENTO BASICO DO ESTADO DE SAO PAULO";"SABESP";;"";"SP";"BERTIOGA";"43776517019603.0";"2014/05/13 14:41:31.000";"Sim";"Não";"43776517000180.0";"7632"
"Não";"4462.0";;"";"S350635000003";"";"";"";"SUDESTE";;"ETA BERTIOGA";"";"GVS XXV - SANTOS";"2014/03/17 00:00:00.000";"SAA";"350635";"";"Sim";"BERTIOGA";"2014";"";"";"";"";"Regional";"COMPANHIA DE SANEAMENTO BASICO DO ESTADO DE SAO PAULO";"SABESP";;"";"SP";"BERTIOGA";"43776517019603.0";"2014/05/13 14:58:48.000";"Sim";"Não";"43776517000180.0";"14546"
"Sim";"1855.0";;"";"S350635000005";"";"";"";"SUDESTE";;"ETA GUARATUBA";"";"GVS XXV - SANTOS";"2014/03/17 00:00:00.000";"SAA";"350635";"";"Sim";"BERTIOGA";"2014";"";"";"";"";"Regional";"COMPANHIA DE SANEAMENTO BASICO DO ESTADO DE SAO PAULO";"SABESP";;"";"SP";"BERTIOGA";"43776517019603.0";"2014/05/13 15:16:31.000";"Sim";"Não";"43776517000180.0";"6047"
"Sim";"4599.0";;"";"S250060000001";"";"";"";"NORDESTE";"0.0";"SAA DE ALHANDRA";"";"01 GERENCIA REGIONAL DE SAUDE";"2014/05/16 00:00:00.000";"SAA";"250060";"";"Sim";"ALHANDRA";"2014";"";"";"";"";"Regional";"COMPANHIA DE AGUA E ESGOTO DA PARAIBA";"CAGEPA";;"";"PB";"CAGEPA COMPANHIA DE AGUA E ESGOTO DA PARAIBA";"2168943000153.0";"2014/05/16 09:15:36.000";"Sim";"Sim";"9123654000187.0";"16418"
"Não";"2543.0";;"";"S250300000001";"";"";"";"NORDESTE";"0.0";"SAA DE CAAPORA";"";"01 GERENCIA REGIONAL DE SAUDE";"2014/05/16 00:00:00.000";"SAA";"250300";"";"Sim";"CAAPORA";"2014";"";"";"";"";"Regional";"COMPANHIA DE AGUA E ESGOTO DA PARAIBA";"CAGEPA";;"";"PB";"CAGEPA COMPANHIA DE AGUA E ESGOTO DA PARAIBA";"2168943000153.0";"2014/05/16 10:39:10.000";"Não";"Sim";"9123654000187.0";"9485"
"Sim";"588.0";;"";"S250403000001";"";"";"";"NORDESTE";"44.0";"SAA DE CAPIM";"";"01 GERENCIA REGIONAL DE SAUDE";"2014/05/16 00:00:00.000";"SAA";"250523";"";"Sim";"CUITE DE MAMANGUAPE";"2014";"";"";"";"";"Regional";"COMPANHIA DE AGUA E ESGOTO DA PARAIBA";"CAGEPA";;"";"PB";"CAGEPA COMPANHIA DE AGUA E ESGOTO DA PARAIBA";"2168943000153.0";"2014/05/16 10:54:40.000";"Sim";"Não";"9123654000187.0";"2111"
"Não";"86093.0";;"";"S354100000001";"";"";"";"SUDESTE";;"PC MELVI";"";"GVS XXV - SANTOS";"2014/03/10 00:00:00.000";"SAA";"354100";"";"Sim";"PRAIA GRANDE";"2014";"";"";"";"";"Regional";"COMPANHIA DE SANEAMENTO BASICO DO ESTADO DE SAO PAULO";"SABESP";;"";"SP";"PRAIA GRANDE";"43776517020962.0";"2014/05/13 09:46:56.000";"Sim";"Não";"43776517000180.0";"269471"
"Não";"225.0";;"";"S520330000001";"";"";"";"CENTRO-OESTE";;"ETA ROSELANDIA";"";"REGIONAL CENTRO SUL";"2014/01/06 00:00:00.000";"SAA";"520330";"";"Sim";"BELA VISTA DE GOIAS";"2014";"";"";"";"";"Regional";"SANEAMENTO DE GOIAS SA";"SANEAGO";;"";"GO";"PGPO GOIANIA";"1616929000102.0";"2014/06/02 09:33:28.000";"Não";"Sim";"1616929000102.0";"677"
"Sim";"9445.0";;"";"S231330000001";"";"";"";"NORDESTE";"766.0";"CAGECE TAUA";"";"14 REGIONAL DE SAUDE TAUA";"2014/06/02 00:00:00.000";"SAA";"231330";"";"Sim";"TAUA";"2014";"";"";"";"";"Regional";"COMPANHIA DE AGUA E ESGOTO DO CEARA";"CAGECE";;"";"CE";"UNIDADE DE NEGOCIO DA BACIA DO ALTO JAGUARIBE UNBAJ";"7040108000157.0";"2014/06/02 10:19:44.000";"Sim";"Não";"7040108000157.0";"32302"
"Não";"4834.0";;"";"S350420000001";"";"";"";"SUDESTE";"100.0";"CIA DE SANEAMENTO BASICO DO ESTADO DE SAO PAULO";"";"GVS XI - ARAÇATUBA";"2014/06/16 00:00:00.000";"SAA";"350420";"";"Sim";"AURIFLAMA";"2014";"";"";"";"";"Regional";"COMPANHIA DE SANEAMENTO BASICO DO ESTADO DE SAO PAULO";"SABESP";;"";"SP";"AURIFLAMA SABESP";"43776517058188.0";"2014/06/16 12:10:14.000";"Não";"Sim";"43776517000180.0";"14502"
"Não";"480.0";;"";"S350395000001";"";"";"";"SUDESTE";"0.0";"UTA ASPASIA";"";"GVS XXX - JALES";"2014/02/14 00:00:00.000";"SAA";"350395";"";"Sim";"ASPASIA";"2014";"";"";"";"";"Regional";"COMPANHIA DE SANEAMENTO BASICO DO ESTADO DE SAO PAULO";"SABESP";;"";"SP";"ASPASIA SABESP";"43776517071877.0";"2014/06/16 15:24:22.000";"Não";"Sim";"43776517000180.0";"1435"
"Não";"995.0";;"";"S270030000001";"";"";"";"NORDESTE";;"SAA DE ARAPIRACA BANANEIRA";"";"07 REGIÃO ARP AL";"2014/07/04 00:00:00.000";"SAA";"270030";"";"Sim";"ARAPIRACA";"2014";"";"";"";"";"Regional";"COMPANHIA DE SANEAMENTO DE ALAGOAS";"CASAL";;"";"AL";"UNIDADE AGRESTE ARAPIRACA";"12294708000181.0";"2014/07/04 09:43:48.000";"Sim";"Não";"12294708000181.0";"3642"
"Sim";"20000.0";;"";"S530001000001";"";"";"";"CENTRO-OESTE";"9535.0";"TORTO / SANTA MARIA";"";"UNICA";"2014/05/05 00:00:00.000";"SAA";"530022";"";"Sim";"SUDOESTE/OCTOGONAL";"2014";"";"";"";"";"Regional";"COMPANHIA DE SANEAMENTO AMBIENTAL DO DISTRITO FEDERAL";"CAESB";;"";"DF";"CAESB REGIONAL UNICA";"82024000137.0";"2014/06/27 14:10:04.000";"Sim";"Sim";"82024000137.0";"66000"
"Sim";"1906.0";;"";"S530001000001";"";"";"";"CENTRO-OESTE";;"TORTO / SANTA MARIA";"";"UNICA";"2014/05/05 00:00:00.000";"SAA";"530012";"";"Sim";"SIA";"2014";"";"";"";"";"Regional";"COMPANHIA DE SANEAMENTO AMBIENTAL DO DISTRITO FEDERAL";"CAESB";;"";"DF";"CAESB REGIONAL UNICA";"82024000137.0";"2014/06/27 14:10:04.000";"Sim";"Sim";"82024000137.0";"6290"
"Sim";"2686.0";;"";"S270170000001";"";"";"";"NORDESTE";;"SAA DE CAPELA URBANO CASAL";"";"04 REGIÃO ATL AL";"2014/07/04 00:00:00.000";"SAA";"270170";"";"Sim";"CAPELA";"2014";"";"";"";"";"Regional";"COMPANHIA DE SANEAMENTO DE ALAGOAS";"CASAL";;"";"AL";"UNIDADE SERRANA P DOS INDIOS";"12294708000181.0";"2014/07/04 22:23:28.000";"Sim";"Não";"12294708000181.0";"10771"
"Não";"44.0";;"";"S352070000002";"";"";"";"SUDESTE";"45.0";"UTA TUPINAMBÁ";"";"GVS XXX - JALES";"2014/02/17 00:00:00.000";"SAA";"352070";"";"Sim";"INDIAPORA";"2014";"";"";"";"";"Regional";"COMPANHIA DE SANEAMENTO BASICO DO ESTADO DE SAO PAULO";"SABESP";;"";"SP";"INDIAPORA SABESP";"43776517020024.0";"2014/07/28 13:37:32.000";"Não";"Sim";"43776517000180.0";"119"
"Sim";"98.0";;"";"S230110000009";"";"";"";"NORDESTE";"0.0";"SISAR QUIXABA DOS PAULOS E ADJACENCIAS";"";"07 REGIONAL DE SAUDE ARACATI";"2014/08/04 00:00:00.000";"SAA";"230110";"";"Sim";"ARACATI";"2014";"";"";"";"";"Regional";"SISTEMA INTEGRADO DE SANEAMENTO RURAL";"SISAR";;"";"CE";"SISTEMA INTEGRADO DE SANEAMENTO RURAL DA BACIA DO BAIXO E MEDIO JAGUARIBE BBJ";"5033853000143.0";"2014/08/04 09:28:29.000";"Sim";"Não";"5033853000143.0";"342"
"Sim";"641.0";;"";"S280290000003";"";"";"";"NORDESTE";"0.0";"ETA CAJAIBA";"";"ITABAIANA";"2014/08/06 00:00:00.000";"SAA";"280290";"";"Sim";"ITABAIANA";"2014";"";"";"";"";"Regional";"COMPANHIA DE SANEAMENTO DE SERGIPE";"DESO";;"";"SE";"INTEGRADO AGRESTE";"13018171000190.0";"2014/08/06 08:29:06.000";"Sim";"Não";"13018171000190.0";"2141"
"Sim";"4345.0";;"";"S280290000003";"";"";"";"NORDESTE";"0.0";"ETA CAJAIBA";"";"ITABAIANA";"2014/08/06 00:00:00.000";"SAA";"280100";"";"Sim";"CAMPO DO BRITO";"2014";"";"";"";"";"Regional";"COMPANHIA DE SANEAMENTO DE SERGIPE";"DESO";;"";"SE";"INTEGRADO AGRESTE";"13018171000190.0";"2014/08/06 08:29:06.000";"Sim";"Não";"13018171000190.0";"13991"
"Sim";"800.0";;"";"S280290000003";"";"";"";"NORDESTE";"0.0";"ETA CAJAIBA";"";"ITABAIANA";"2014/08/06 00:00:00.000";"SAA";"280370";"";"Sim";"MACAMBIRA";"2014";"";"";"";"";"Regional";"COMPANHIA DE SANEAMENTO DE SERGIPE";"DESO";;"";"SE";"INTEGRADO AGRESTE";"13018171000190.0";"2014/08/06 08:29:06.000";"Sim";"Não";"13018171000190.0";"2632"
"Sim";"500.0";;"";"S280290000003";"";"";"";"NORDESTE";"0.0";"ETA CAJAIBA";"";"ITABAIANA";"2014/08/06 00:00:00.000";"SAA";"280680";"";"Sim";"SAO DOMINGOS";"2014";"";"";"";"";"Regional";"COMPANHIA DE SANEAMENTO DE SERGIPE";"DESO";;"";"SE";"INTEGRADO AGRESTE";"13018171000190.0";"2014/08/06 08:29:06.000";"Sim";"Não";"13018171000190.0";"1645"
"Sim";"2185.0";;"";"S354300000001";"";"";"";"SUDESTE";"0.0";"ETA RIBEIRAO BRANCO";"";"GVS XXXII - ITAPEVA";"2014/03/12 00:00:00.000";"SAA";"354300";"";"Sim";"RIBEIRAO BRANCO";"2014";"";"";"";"";"Regional";"COMPANHIA DE SANEAMENTO BASICO DO ESTADO DE SAO PAULO";"SABESP";;"";"SP";"RIBEIRAO BRANCO SABESP";"43776517017406.0";"2014/08/06 08:58:58.000";"Sim";"Não";"43776517000180.0";"7495"
"Não";"1936.0";;"";"S261160000009";"";"";"";"NORDESTE";;"POCO FEBEM MANGABEIRA";"";"I REGIONAL DE SAUDE";"2014/05/12 00:00:00.000";"SAA";"261160";"";"Sim";"RECIFE";"2014";"";"";"";"";"Regional";"COMPANHIA PERNAMBUCANA DE SANEAMENTO";"COMPESA";;"";"PE";"GMN NORTE";"9769035000164.0";"2014/08/06 13:16:30.000";"Não";"Sim";"9769035000164.0";"6292"
"Não";"533.0";;"";"S522028000001";"";"";"";"CENTRO-OESTE";;"SAO PATRICIO";"";"REGIONAL SÃO PATRICIO";"2014/03/17 00:00:00.000";"SAA";"522028";"";"Sim";"SAO PATRICIO";"2014";"";"";"";"";"Regional";"SANEAMENTO DE GOIAS SA";"SANEAGO";;"";"GO";"GRS CERES";"1616929000102.0";"2014/08/11 08:15:24.000";"Não";"Sim";"1616929000102.0";"1514"
"Sim";"8104.0";;"";"S351050000002";"";"";"";"SUDESTE";"5673.0";"SISTEMA DE ABASTECIMENTO DE ÁGUA DO MASSAGUAÇU";"";"GVS XXVIII - CARAGUATATUBA";"2014/03/15 00:00:00.000";"SAA";"351050";"";"Sim";"CARAGUATATUBA";"2014";"";"";"";"";"Regional";"COMPANHIA DE SANEAMENTO BASICO DO ESTADO DE SAO PAULO";"SABESP";;"";"SP";"CARAGUATATUBA SABESP";"10142231000193.0";"2014/08/13 12:57:33.000";"Sim";"Não";"43776517000180.0";"25366"
"Não";"721.0";;"";"S420665000001";"";"";"";"SUL";"0.0";"GUATAMBU UNID1";"";"4ª REGIONAL DE SAÚDE- CHAPECÓ";"2014/08/13 00:00:00.000";"SAA";"420665";"";"Sim";"GUATAMBU";"2014";"";"";"";"";"Regional";"COMPANHIA CATARINENSE DE AGUAS E SANEAMENTO";"CASAN";;"";"SC";"SUPERINTENDENCIA REGIONAL DE NEGOCIOS OESTE";"82508433000974.0";"2014/08/13 13:32:45.000";"Não";"Sim";"82508433000117.0";"2372"
"Não";"4200.0";;"";"S171320000001";"";"";"";"NORTE";;"FOZ SANEATINS MIRACEMA DO TOCANTINS";"";"CAPIM DOURADO";"2014/07/07 00:00:00.000";"SAA";"171320";"";"Sim";"MIRACEMA DO TOCANTINS";"2014";"";"";"";"";"Regional";"COMPANHIA DE SANEAMENTO DO TOCANTINS";"SANEATINS";;"";"TO";"BRK POLO PARAISO DO TOCANTINS";"25089509000183.0";"2014/08/14 10:19:12.000";"Sim";"Não";"25089509000183.0";"14574"
"Sim";"94.0";;"";"S351760000001";"";"";"";"SUDESTE";"0.0";"ETA CAPELA DO ALTO";"";"GVS XXXII - ITAPEVA";"2014/03/10 00:00:00.000";"SAA";"351760";"";"Sim";"GUAPIARA";"2014";"";"";"";"";"Regional";"COMPANHIA DE SANEAMENTO BASICO DO ESTADO DE SAO PAULO";"SABESP";;"";"SP";"GUAPIARA SABESP";"43776517016345.0";"2014/08/15 09:43:20.000";"Sim";"Não";"43776517000180.0";"311"
"Não";"131.0";;"";"S351760000007";"";"";"";"SUDESTE";"0.0";"ETA BAIRRO DOS PAES E BAIRRO DOS MOTAS";"";"GVS XXXII - ITAPEVA";"2014/03/10 00:00:00.000";"SAA";"351760";"";"Sim";"GUAPIARA";"2014";"";"";"";"";"Regional";"COMPANHIA DE SANEAMENTO BASICO DO ESTADO DE SAO PAULO";"SABESP";;"";"SP";"GUAPIARA SABESP";"43776517016345.0";"2014/08/15 14:08:31.000";"Não";"Sim";"43776517000180.0";"434"
"Não";"250.0";;"";"S230110000014";"";"";"";"NORDESTE";"0.0";"COHAB";"";"07 REGIONAL DE SAUDE ARACATI";"2014/08/18 00:00:00.000";"SAA";"230110";"";"Não";"ARACATI";"2014";"";"";"";"";"Regional";"SISTEMA INTEGRADO DE SANEAMENTO RURAL";"SISAR";;"";"CE";"SISTEMA INTEGRADO DE SANEAMENTO RURAL DA BACIA DO BAIXO E MEDIO JAGUARIBE BBJ";"5033853000143.0";"2014/08/18 08:32:44.000";"Não";"Sim";"5033853000143.0";"873"
"Sim";"1493.0";;"";"S430905000001";"";"";"";"SUL";"0.0";"GLORINHA";"";"1ª CRS";"2014/03/31 00:00:00.000";"SAA";"430905";"";"Sim";"GLORINHA";"2014";"";"";"";"";"Regional";"COMPANHIA RIOGRANDENSE DE SANEAMENTO";"CORSAN";;"";"RS";"SUPERINTENDENCIA REGIONAL METROPOLITANA SURMET";"92802784036976.0";"2014/03/31 10:24:52.000";"Sim";"Não";"92802784000190.0";"4285"
"Sim";"7424.0";;"";"S430940000001";"";"";"";"SUL";"453.0";"GUAPORÉ";"";"5ª CRS";"2014/03/31 00:00:00.000";"SAA";"430940";"";"Sim";"GUAPORE";"2014";"";"";"";"";"Regional";"COMPANHIA RIOGRANDENSE DE SANEAMENTO";"CORSAN";;"";"RS";"SUPERINTENDENCIA REGIONAL NORDESTE SURNE";"92802784036895.0";"2014/03/31 10:49:14.000";"Sim";"Não";"92802784000190.0";"22049"
"Sim";"5067.0";;"";"S432200000001";"";"";"";"SUL";;"TRIUNFO";"";"1ª CRS";"2014/04/08 00:00:00.000";"SAA";"432200";"";"Sim";"TRIUNFO";"2014";"";"";"";"";"Regional";"COMPANHIA RIOGRANDENSE DE SANEAMENTO";"CORSAN";;"";"RS";"SUPERINTENDENCIA REGIONAL METROPOLITANA SURMET";"92802784036976.0";"2014/04/08 13:59:34.000";"Sim";"Não";"92802784000190.0";"15150"
"Sim";"16774.0";;"";"S432260000001";"";"";"";"SUL";"0.0";"VENÂNCIO AIRES";"";"13ª CRS";"2014/04/08 00:00:00.000";"SAA";"432260";"";"Sim";"VENANCIO AIRES";"2014";"";"";"";"";"Regional";"COMPANHIA RIOGRANDENSE DE SANEAMENTO";"CORSAN";;"";"RS";"SUPERINTENDENCIA REGIONAL CENTRAL SURCEN";"92802784036208.0";"2014/04/08 14:32:43.000";"Sim";"Sim";"92802784000190.0";"47806"
"Não";"861.0";;"";"S431575000001";"";"";"";"SUL";"0.0";"RIOZINHO";"";"1ª CRS";"2014/04/14 00:00:00.000";"SAA";"431575";"";"Sim";"RIOZINHO";"2014";"";"";"";"";"Regional";"COMPANHIA RIOGRANDENSE DE SANEAMENTO";"CORSAN";;"";"RS";"SUPERINTENDENCIA REGIONAL SINOS SURSIN";"92802784031150.0";"2014/04/14 15:58:47.000";"Não";"Sim";"92802784000190.0";"2566"
"Não";"575.0";;"";"S430495000001";"";"";"";"SUL";;"CASEIROS";"";"6ª CRS";"2014/04/14 00:00:00.000";"SAA";"430495";"";"Sim";"CASEIROS";"2014";"";"";"";"";"Regional";"COMPANHIA RIOGRANDENSE DE SANEAMENTO";"CORSAN";;"";"RS";"SUPERINTENDENCIA REGIONAL PLANALTO SURPLA";"92802784036380.0";"2014/04/14 17:11:12.000";"Não";"Sim";"92802784000190.0";"1725"
"Sim";"4305.0";;"";"S250750000001";"";"";"";"NORDESTE";"0.0";"SAA DE JOÃO PESSOA";"";"01 GERENCIA REGIONAL DE SAUDE";"2014/04/02 00:00:00.000";"SAA";"251370";"";"Sim";"SANTA RITA";"2014";"";"";"";"";"Regional";"COMPANHIA DE AGUA E ESGOTO DA PARAIBA";"CAGEPA";;"";"PB";"CAGEPA COMPANHIA DE AGUA E ESGOTO DA PARAIBA";"2168943000153.0";"2014/04/09 16:34:20.000";"Sim";"Não";"9123654000187.0";"15412"
"Não";"785.0";;"";"S431695000001";"";"";"";"SUL";"0.0";"SANTA MARIA DO HERVAL";"";"1ª CRS";"2014/04/16 00:00:00.000";"SAA";"431695";"";"Sim";"SANTA MARIA DO HERVAL";"2014";"";"";"";"";"Regional";"COMPANHIA RIOGRANDENSE DE SANEAMENTO";"CORSAN";;"";"RS";"SUPERINTENDENCIA REGIONAL SINOS SURSIN";"92802784031150.0";"2014/04/16 09:12:05.000";"Não";"Sim";"92802784000190.0";"2331"
"Não";"1814.0";;"";"S430590000001";"";"";"";"SUL";;"CORONEL BICACO";"";"15ª CRS";"2014/04/16 00:00:00.000";"SAA";"430590";"";"Sim";"CORONEL BICACO";"2014";"";"";"";"";"Regional";"COMPANHIA RIOGRANDENSE DE SANEAMENTO";"CORSAN";;"";"RS";"SUPERINTENDENCIA REGIONAL MISSOES SURMIS";"92802784036623.0";"2014/04/16 10:13:11.000";"Não";"Sim";"92802784000190.0";"5351"
"Não";"4384.0";;"";"S431780000001";"";"";"";"SUL";"0.0";"SANTO AUGUSTO";"";"17ª CRS";"2014/04/22 00:00:00.000";"SAA";"431780";"";"Sim";"SANTO AUGUSTO";"2014";"";"";"";"";"Regional";"COMPANHIA RIOGRANDENSE DE SANEAMENTO";"CORSAN";;"";"RS";"SUPERINTENDENCIA REGIONAL MISSOES SURMIS";"92802784036623.0";"2014/04/22 09:21:09.000";"Não";"Sim";"92802784000190.0";"12757"
"Não";"2901.0";;"";"S431790000001";"";"";"";"SUL";"0.0";"SANTO CRISTO";"";"14ª CRS";"2014/04/22 00:00:00.000";"SAA";"431790";"";"Sim";"SANTO CRISTO";"2014";"";"";"";"";"Regional";"COMPANHIA RIOGRANDENSE DE SANEAMENTO";"CORSAN";;"";"RS";"SUPERINTENDENCIA REGIONAL MISSOES SURMIS";"92802784036623.0";"2014/04/22 10:40:07.000";"Não";"Sim";"92802784000190.0";"8558"
"Não";"1028.0";;"";"S353760000002";"";"";"";"SUDESTE";;"PC GUARAU";"";"GVS XXV - SANTOS";"2014/03/12 00:00:00.000";"SAA";"353760";"";"Sim";"PERUIBE";"2014";"";"";"";"";"Regional";"COMPANHIA DE SANEAMENTO BASICO DO ESTADO DE SAO PAULO";"SABESP";;"";"SP";"PERUIBE";"43776517017236.0";"2014/05/05 11:17:08.000";"Sim";"Não";"43776517000180.0";"3177"
"Sim";"14107.0";;"";"S292860000001";"";"";"";"NORDESTE";"0.0";"SAA DE SANTO AMARO";"";"01 DIRES / SALVADOR / RMS / NUCLEO LESTE";"2014/02/25 00:00:00.000";"SAA";"292860";"";"Sim";"SANTO AMARO";"2014";"";"";"";"";"Regional";"EMPRESA BAIANA DE AGUAS E SANEAMENTO SA";"EMBASA";;"";"BA";"UMS CANDEIAS";"13504675000110.0";"2014/05/09 14:44:29.000";"Sim";"Não";"13504675000110.0";"47682"
"Não";"86.0";;"";"S411860000002";"";"";"";"SUL";;"VARGEM GRANDE UT6821";"";"06 RS - UNIAO DA VITORIA";"2014/02/19 00:00:00.000";"SAA";"411860";"";"Sim";"PAULA FREITAS";"2014";"";"";"";"";"Regional";"COMPANHIA DE SANEAMENTO DO PARANA";"SANEPAR";;"";"PR";"UR UNIAO DA VITORIA";"76484013000145.0";"2014/05/09 15:06:36.000";"Não";"Sim";"76484013000145.0";"281"
"Não";"703.0";;"";"S292860000004";"";"";"";"NORDESTE";"0.0";"SAA DO PLANALTO";"";"01 DIRES / SALVADOR / RMS / NUCLEO LESTE";"2014/02/11 00:00:00.000";"SAA";"292860";"";"Sim";"SANTO AMARO";"2014";"";"";"";"";"Regional";"EMPRESA BAIANA DE AGUAS E SANEAMENTO SA";"EMBASA";;"";"BA";"UMS CANDEIAS";"13504675000110.0";"2014/05/09 15:15:27.000";"Não";"Sim";"13504675000110.0";"2376"
"Sim";"1357.0";;"";"S430085000002";"";"";"";"SUL";"1898.0";"ARAMBARÉ";"";"1ª CRS";"2014/05/13 00:00:00.000";"SAA";"430085";"";"Sim";"ARAMBARE";"2014";"";"";"";"";"Regional";"COMPANHIA RIOGRANDENSE DE SANEAMENTO";"CORSAN";;"";"RS";"SUPERINTENDENCIA REGIONAL SUL SURSUL";"92802784036461.0";"2014/05/13 09:36:19.000";"Não";"Sim";"92802784000190.0";"3745"
"Sim";"1848.0";;"";"S270255000001";"";"";"";"NORDESTE";;"SAA DE ESTRELA DE ALAGOAS";"";"08 REGIÃO PLM AL";"2014/05/13 00:00:00.000";"SAA";"270255";"";"Sim";"ESTRELA DE ALAGOAS";"2014";"";"";"";"";"Regional";"COMPANHIA DE SANEAMENTO DE ALAGOAS";"CASAL";;"";"AL";"UNIDADE SERRANA P DOS INDIOS";"12294708000181.0";"2014/05/13 10:45:12.000";"Sim";"Não";"12294708000181.0";"6376"
"Sim";"951.0";;"";"S431470000001";"";"";"";"SUL";;"PLANALTO";"";"2ª CRS";"2014/03/27 00:00:00.000";"SAA";"430050";"";"Sim";"ALPESTRE";"2014";"";"";"";"";"Regional";"COMPANHIA RIOGRANDENSE DE SANEAMENTO";"CORSAN";;"";"RS";"SUPERINTENDENCIA REGIONAL PLANALTO SURPLA";"92802784036380.0";"2014/03/27 14:46:57.000";"Sim";"Não";"92802784000190.0";"2824"
"Sim";"800.0";;"";"S260290000001";"";"";"";"NORDESTE";"0.0";"ETA CHARNECA";"";"I REGIONAL DE SAUDE";"2014/05/22 00:00:00.000";"SAA";"260290";"";"Sim";"CABO DE SANTO AGOSTINHO";"2014";"";"";"";"";"Regional";"COMPANHIA PERNAMBUCANA DE SANEAMENTO";"COMPESA";;"";"PE";"GERENCIA REGIONAL SUL";"9769035000164.0";"2014/05/22 14:34:14.000";"Sim";"Não";"9769035000164.0";"2768"
"Sim";"1210.0";;"";"S520735000001";"";"";"";"CENTRO-OESTE";"0.0";"SISTEMA DE EDEALINA GOIAS";"";"REGIONAL CENTRO SUL";"2014/01/20 00:00:00.000";"SAA";"520735";"";"Sim";"EDEALINA";"2014";"";"";"";"";"Regional";"SANEAMENTO DE GOIAS SA";"SANEAGO";;"";"GO";"GRS PALMEIRAS";"1616929000102.0";"2014/05/30 12:51:30.000";"Sim";"Não";"1616929000102.0";"3303"
"Não";"254.0";;"";"S521710000002";"";"";"";"CENTRO-OESTE";;"PIRACANJUBA POVOADO ROCHEDO";"";"REGIONAL CENTRO SUL";"2014/03/17 00:00:00.000";"SAA";"521710";"";"Sim";"PIRACANJUBA";"2014";"";"";"";"";"Regional";"SANEAMENTO DE GOIAS SA";"SANEAGO";;"";"GO";"GRS MORRINHOS";"1616929000102.0";"2014/05/30 12:59:23.000";"Não";"Sim";"1616929000102.0";"716"
"Sim";"8300.0";;"";"S521710000004";"";"";"";"CENTRO-OESTE";"0.0";"SANEAGO PIRACANJUBA";"";"REGIONAL CENTRO SUL";"2014/03/17 00:00:00.000";"SAA";"521710";"";"Sim";"PIRACANJUBA";"2014";"";"";"";"";"Regional";"SANEAMENTO DE GOIAS SA";"SANEAGO";;"";"GO";"GRS MORRINHOS";"1616929000102.0";"2014/05/30 13:24:13.000";"Sim";"Não";"1616929000102.0";"23406"
"Não";"69.0";;"";"S520735000002";"";"";"";"CENTRO-OESTE";"0.0";"SISTEMA CERAMICA MATUTINA";"";"REGIONAL CENTRO SUL";"2014/01/20 00:00:00.000";"SAA";"520735";"";"Sim";"EDEALINA";"2014";"";"";"";"";"Regional";"SANEAMENTO DE GOIAS SA";"SANEAGO";;"";"GO";"GRS PALMEIRAS";"1616929000102.0";"2014/05/30 13:38:22.000";"Não";"Sim";"1616929000102.0";"188"
"Sim";"421.0";;"";"S410657000001";"";"";"";"SUL";;"FOZ DO CHOPIM UT6131";"";"08 RS - FRANCISCO BELTRAO";"2014/03/19 00:00:00.000";"SAA";"410657";"";"Sim";"CRUZEIRO DO IGUACU";"2014";"";"";"";"";"Regional";"COMPANHIA DE SANEAMENTO DO PARANA";"SANEPAR";;"";"PR";"UR FRANCISCO BELTRAO";"76484013000145.0";"2014/05/30 14:08:37.000";"Sim";"Não";"76484013000145.0";"1318"
"Sim";"726.0";;"";"S410657000002";"";"";"";"SUL";;"CRUZEIRO DO IGUACU UT3411";"";"08 RS - FRANCISCO BELTRAO";"2014/03/19 00:00:00.000";"SAA";"410657";"";"Sim";"CRUZEIRO DO IGUACU";"2014";"";"";"";"";"Regional";"COMPANHIA DE SANEAMENTO DO PARANA";"SANEPAR";;"";"PR";"UR FRANCISCO BELTRAO";"76484013000145.0";"2014/05/30 14:14:05.000";"Sim";"Sim";"76484013000145.0";"2272"
"Não";"1049.0";;"";"S522026000001";"";"";"";"CENTRO-OESTE";"0.0";"CASA DE CLORACAO";"";"REGIONAL CENTRO SUL";"2014/01/21 00:00:00.000";"SAA";"522026";"";"Sim";"SAO MIGUEL DO PASSA QUATRO";"2014";"";"";"";"";"Regional";"SANEAMENTO DE GOIAS SA";"SANEAGO";;"";"GO";"GRS OUVIDOR";"1616929000102.0";"2014/05/30 14:16:57.000";"Não";"Sim";"1616929000102.0";"3147"
"Sim";"682.0";;"";"S410785000001";"";"";"";"SUL";;"FLOR DA SERRA DO SUL UT3601";"";"08 RS - FRANCISCO BELTRAO";"2014/03/19 00:00:00.000";"SAA";"410785";"";"Sim";"FLOR DA SERRA DO SUL";"2014";"";"";"";"";"Regional";"COMPANHIA DE SANEAMENTO DO PARANA";"SANEPAR";;"";"PR";"UR FRANCISCO BELTRAO";"76484013000145.0";"2014/05/30 14:58:56.000";"Sim";"Não";"76484013000145.0";"2237"
"Sim";"3094.0";;"";"S411540000001";"";"";"";"SUL";;"MARMELEIRO UT1691";"";"08 RS - FRANCISCO BELTRAO";"2014/03/19 00:00:00.000";"SAA";"411540";"";"Sim";"MARMELEIRO";"2014";"";"";"";"";"Regional";"COMPANHIA DE SANEAMENTO DO PARANA";"SANEPAR";;"";"PR";"UR FRANCISCO BELTRAO";"76484013000145.0";"2014/05/30 15:17:41.000";"Sim";"Não";"76484013000145.0";"9777"
"Não";"342.0";;"";"S420243000001";"";"";"";"SUL";"0.0";"BOCAINA DO SUL";"";"27ª REGIONAL DE SAÚDE- LAGES";"2014/06/09 00:00:00.000";"SAA";"420243";"";"Sim";"BOCAINA DO SUL";"2014";"";"";"";"";"Regional";"COMPANHIA CATARINENSE DE AGUAS E SANEAMENTO";"CASAN";;"";"SC";"SUPERINTENDENCIA SUL SERRA SRS";"82508433000621.0";"2014/06/09 10:04:08.000";"Sim";"Sim";"82508433000117.0";"1070"
"Não";"335.0";;"";"S411925000001";"";"";"";"SUL";;"PINHAL DE SAO BENTO UT3431";"";"08 RS - FRANCISCO BELTRAO";"2014/03/19 00:00:00.000";"SAA";"411925";"";"Sim";"PINHAL DE SAO BENTO";"2014";"";"";"";"";"Regional";"COMPANHIA DE SANEAMENTO DO PARANA";"SANEPAR";;"";"PR";"UR FRANCISCO BELTRAO";"76484013000145.0";"2014/06/09 11:41:32.000";"Não";"Sim";"76484013000145.0";"1069"
"Não";"55.0";;"";"S412140000002";"";"";"";"SUL";;"SALTINHO UT4111";"";"08 RS - FRANCISCO BELTRAO";"2014/03/19 00:00:00.000";"SAA";"412140";"";"Sim";"REALEZA";"2014";"";"";"";"";"Regional";"COMPANHIA DE SANEAMENTO DO PARANA";"SANEPAR";;"";"PR";"UR FRANCISCO BELTRAO";"76484013000145.0";"2014/06/09 12:06:02.000";"Não";"Sim";"76484013000145.0";"168"
"Não";"1177.0";;"";"S412860000001";"";"";"";"SUL";;"VERE UT2871";"";"08 RS - FRANCISCO BELTRAO";"2014/03/19 00:00:00.000";"SAA";"412860";"";"Sim";"VERE";"2014";"";"";"";"";"Regional";"COMPANHIA DE SANEAMENTO DO PARANA";"SANEPAR";;"";"PR";"UR PATO BRANCO";"76484013000145.0";"2014/06/09 13:14:25.000";"Não";"Sim";"76484013000145.0";"3790"
"Sim";"1930.0";;"";"S410305000001";"";"";"";"SUL";;"BOA VISTA DA APARECIDA UT3041";"";"10 RS - CASCAVEL";"2014/03/19 00:00:00.000";"SAA";"410305";"";"Sim";"BOA VISTA DA APARECIDA";"2014";"";"";"";"";"Regional";"COMPANHIA DE SANEAMENTO DO PARANA";"SANEPAR";;"";"PR";"UR CASCAVEL";"76484013000145.0";"2014/06/09 14:14:46.000";"Sim";"Sim";"76484013000145.0";"6137"
"Não";"2150.0";;"";"S420530000001";"";"";"";"SUL";;"FAXINAL DOS GUEDES UNIDADE I";"";"5ª REGIONAL DE SAÚDE- XANXERÊ";"2014/06/10 00:00:00.000";"SAA";"420530";"";"Sim";"FAXINAL DOS GUEDES";"2014";"";"";"";"";"Regional";"COMPANHIA CATARINENSE DE AGUAS E SANEAMENTO";"CASAN";;"";"SC";"SUPERINTENDENCIA REGIONAL DE NEGOCIOS OESTE";"82508433000974.0";"2014/06/10 11:04:59.000";"Sim";"Não";"82508433000117.0";"7160"
"Sim";"7255.0";;"";"S521570000001";"";"";"";"CENTRO-OESTE";"0.0";"SISTEMA DE PALMEIRAS DE GOIAS";"";"REGIONAL OESTE II";"2014/06/10 00:00:00.000";"SAA";"521570";"";"Sim";"PALMEIRAS DE GOIAS";"2014";"";"";"";"";"Regional";"SANEAMENTO DE GOIAS SA";"SANEAGO";;"";"GO";"GRS PALMEIRAS";"1616929000102.0";"2014/06/10 10:43:09.000";"Sim";"Sim";"1616929000102.0";"21838"
"Não";"942.0";;"";"S520393000001";"";"";"";"CENTRO-OESTE";;"SISTEMA BURITI DE GOIAS";"";"REGIONAL OESTE II";"2014/03/10 00:00:00.000";"SAA";"520393";"";"Sim";"BURITI DE GOIAS";"2014";"";"";"";"";"Regional";"SANEAMENTO DE GOIAS SA";"SANEAGO";;"";"GO";"GRS SAO LUIS DE MONTES BELOS";"1616929000102.0";"2014/06/10 10:43:10.000";"Não";"Sim";"1616929000102.0";"2562"
"Sim";"3364.0";;"";"S521640000001";"";"";"";"CENTRO-OESTE";"0.0";"SISTEMA DE PARAUNA DE GOIAS";"";"REGIONAL OESTE II";"2014/01/20 00:00:00.000";"SAA";"521640";"";"Sim";"PARAUNA";"2014";"";"";"";"";"Regional";"SANEAMENTO DE GOIAS SA";"SANEAGO";;"";"GO";"GRS PALMEIRAS";"1616929000102.0";"2014/06/10 10:47:11.000";"Sim";"Não";"1616929000102.0";"10294"
"Sim";"90000.0";;"";"S410480000001";"";"";"";"SUL";"5004.0";"CASCAVEL UT0161";"";"10 RS - CASCAVEL";"2014/03/19 00:00:00.000";"SAA";"410480";"";"Sim";"CASCAVEL";"2014";"";"";"";"";"Regional";"COMPANHIA DE SANEAMENTO DO PARANA";"SANEPAR";;"";"PR";"UR CASCAVEL";"76484013000145.0";"2014/06/10 12:08:48.000";"Sim";"Sim";"76484013000145.0";"279000"
"Sim";"1773.0";;"";"S410500000001";"";"";"";"SUL";;"CATANDUVAS UT0711";"";"10 RS - CASCAVEL";"2014/03/19 00:00:00.000";"SAA";"410500";"";"Sim";"CATANDUVAS";"2014";"";"";"";"";"Regional";"COMPANHIA DE SANEAMENTO DO PARANA";"SANEPAR";;"";"PR";"UR CASCAVEL";"76484013000145.0";"2014/06/10 12:39:27.000";"Sim";"Não";"76484013000145.0";"5993"
"Não";"1390.0";;"";"S412110000001";"";"";"";"SUL";;"QUINTA DO SOL UT2181";"";"11 RS - CAMPO MOURAO";"2014/03/19 00:00:00.000";"SAA";"412110";"";"Sim";"QUINTA DO SOL";"2014";"";"";"";"";"Regional";"COMPANHIA DE SANEAMENTO DO PARANA";"SANEPAR";;"";"PR";"SANEPAR";"76484013000145.0";"2014/06/17 13:36:52.000";"Não";"Sim";"76484013000145.0";"4295"
"Não";"808.0";;"";"S412135000001";"";"";"";"SUL";;"RANCHO ALEGRE DO OESTE UT368";"";"11 RS - CAMPO MOURAO";"2014/03/19 00:00:00.000";"SAA";"412135";"";"Sim";"RANCHO ALEGRE D'OESTE";"2014";"";"";"";"";"Regional";"COMPANHIA DE SANEAMENTO DO PARANA";"SANEPAR";;"";"PR";"SANEPAR";"76484013000145.0";"2014/06/17 13:47:09.000";"Não";"Sim";"76484013000145.0";"2569"
"Não";"1400.0";;"";"S412670000001";"";"";"";"SUL";"147.0";"TAMBOARA UT2701";"";"14 RS - PARANAVAI";"2014/03/19 00:00:00.000";"SAA";"412670";"";"Sim";"TAMBOARA";"2014";"";"";"";"";"Regional";"COMPANHIA DE SANEAMENTO DO PARANA";"SANEPAR";;"";"PR";"UR PARANAVAI";"76484013000145.0";"2014/07/02 15:22:24.000";"Não";"Sim";"76484013000145.0";"4228"
"Não";"1124.0";;"";"S410870000001";"";"";"";"SUL";;"GRANDES RIOS UT1061";"";"16 RS - APUCARANA";"2014/03/19 00:00:00.000";"SAA";"410870";"";"Sim";"GRANDES RIOS";"2014";"";"";"";"";"Regional";"COMPANHIA DE SANEAMENTO DO PARANA";"SANEPAR";;"";"PR";"UR APUCARANA";"76484013000145.0";"2014/07/04 15:15:23.000";"Não";"Sim";"76484013000145.0";"3552"
"Sim";"1922.0";;"";"S270550000001";"";"";"";"NORDESTE";;"SAA DE MURICI URBANO";"";"03 REGIÃO UDP AL";"2014/07/04 00:00:00.000";"SAA";"270550";"";"Sim";"MURICI";"2014";"";"";"";"";"Regional";"COMPANHIA DE SANEAMENTO DE ALAGOAS";"CASAL";;"";"AL";"UNIDADE LESTE RIO LARGO";"12294708000181.0";"2014/07/04 15:18:33.000";"Sim";"Não";"12294708000181.0";"7823"
"Não";"104.0";;"";"S410870000002";"";"";"";"SUL";;"FLORIDA DO IVAI UT8041";"";"16 RS - APUCARANA";"2014/03/19 00:00:00.000";"SAA";"410870";"";"Sim";"GRANDES RIOS";"2014";"";"";"";"";"Regional";"COMPANHIA DE SANEAMENTO DO PARANA";"SANEPAR";;"";"PR";"UR APUCARANA";"76484013000145.0";"2014/07/04 15:22:09.000";"Não";"Sim";"76484013000145.0";"329"
"Não";"270.0";;"";"S410870000003";"";"";"";"SUL";;"RIBEIRAO BONITO UT8051";"";"16 RS - APUCARANA";"2014/03/19 00:00:00.000";"SAA";"410870";"";"Sim";"GRANDES RIOS";"2014";"";"";"";"";"Regional";"COMPANHIA DE SANEAMENTO DO PARANA";"SANEPAR";;"";"PR";"UR APUCARANA";"76484013000145.0";"2014/07/04 15:31:56.000";"Não";"Sim";"76484013000145.0";"853"
"Não";"214.0";;"";"S411210000002";"";"";"";"SUL";;"SAO JOSE UT5451";"";"16 RS - APUCARANA";"2014/03/19 00:00:00.000";"SAA";"411210";"";"Sim";"JANDAIA DO SUL";"2014";"";"";"";"";"Regional";"COMPANHIA DE SANEAMENTO DO PARANA";"SANEPAR";;"";"PR";"UR APUCARANA";"76484013000145.0";"2014/07/04 15:46:17.000";"Não";"Sim";"76484013000145.0";"657"
"Sim";"1970.0";;"";"S270550000002";"";"";"";"NORDESTE";;"SAA DE MURICI PAC";"";"03 REGIÃO UDP AL";"2014/07/04 00:00:00.000";"SAA";"270550";"";"Sim";"MURICI";"2014";"";"";"";"";"Regional";"COMPANHIA DE SANEAMENTO DE ALAGOAS";"CASAL";;"";"AL";"UNIDADE LESTE RIO LARGO";"12294708000181.0";"2014/07/04 15:42:29.000";"Sim";"Não";"12294708000181.0";"8018"
"Não";"1914.0";;"";"S411490000001";"";"";"";"SUL";;"MARILANDIA DO SUL UT1641";"";"16 RS - APUCARANA";"2014/03/19 00:00:00.000";"SAA";"411490";"";"Sim";"MARILANDIA DO SUL";"2014";"";"";"";"";"Regional";"COMPANHIA DE SANEAMENTO DO PARANA";"SANEPAR";;"";"PR";"UR APUCARANA";"76484013000145.0";"2014/07/04 15:52:23.000";"Não";"Sim";"76484013000145.0";"6048"
"Não";"157.0";;"";"S411490000002";"";"";"";"SUL";;"SAO JOSE UT 7391";"";"16 RS - APUCARANA";"2014/03/19 00:00:00.000";"SAA";"411490";"";"Sim";"MARILANDIA DO SUL";"2014";"";"";"";"";"Regional";"COMPANHIA DE SANEAMENTO DO PARANA";"SANEPAR";;"";"PR";"UR APUCARANA";"76484013000145.0";"2014/07/04 16:02:27.000";"Não";"Sim";"76484013000145.0";"496"
"Não";"2200.0";;"";"S270520000001";"";"";"";"NORDESTE";;"SAA DE MESSIAS SOUZA CASAL";"";"01 REGIÃO MCZ AL";"2014/07/04 00:00:00.000";"SAA";"270520";"";"Sim";"MESSIAS";"2014";"";"";"";"";"Regional";"COMPANHIA DE SANEAMENTO DE ALAGOAS";"CASAL";;"";"AL";"UNIDADE LESTE RIO LARGO";"12294708000181.0";"2014/07/04 16:01:32.000";"Sim";"Não";"12294708000181.0";"8734"
"Não";"2565.0";;"";"S411575000001";"";"";"";"SUL";;"MAUA DA SERRA UT3561";"";"16 RS - APUCARANA";"2014/03/19 00:00:00.000";"SAA";"411575";"";"Sim";"MAUA DA SERRA";"2014";"";"";"";"";"Regional";"COMPANHIA DE SANEAMENTO DO PARANA";"SANEPAR";;"";"PR";"UR APUCARANA";"76484013000145.0";"2014/07/04 16:11:10.000";"Não";"Sim";"76484013000145.0";"8516"
"Não";"625.0";;"";"S411729000001";"";"";"";"SUL";;"NOVO ITACOLOMI UT3541";"";"16 RS - APUCARANA";"2014/03/19 00:00:00.000";"SAA";"411729";"";"Sim";"NOVO ITACOLOMI";"2014";"";"";"";"";"Regional";"COMPANHIA DE SANEAMENTO DO PARANA";"SANEPAR";;"";"PR";"UR APUCARANA";"76484013000145.0";"2014/07/04 16:16:12.000";"Não";"Sim";"76484013000145.0";"1938"
"Não";"1853.0";;"";"S280410000001";"";"";"";"NORDESTE";;"ETA MOITA BONITA";"";"ITABAIANA";"2014/07/09 00:00:00.000";"SAA";"280410";"";"Sim";"MOITA BONITA";"2014";"";"";"";"";"Regional";"COMPANHIA DE SANEAMENTO DE SERGIPE";"DESO";;"";"SE";"DESO MOITA BONITA";"13018171000190.0";"2014/07/09 12:11:15.000";"Não";"Sim";"13018171000190.0";"5837"
"Sim";"21944.0";;"";"S280350000001";"";"";"";"NORDESTE";"0.0";"ETA LAGARTO";"";"LAGARTO";"2014/07/09 00:00:00.000";"SAA";"280350";"";"Sim";"LAGARTO";"2014";"";"";"";"";"Regional";"COMPANHIA DE SANEAMENTO DE SERGIPE";"DESO";;"";"SE";"LAGARTO";"13018171000190.0";"2014/07/09 12:50:46.000";"Sim";"Não";"13018171000190.0";"75268"
"Não";"1100.0";;"";"S521805000001";"";"";"";"CENTRO-OESTE";;"CASA DE CLORACAO PORTEIRAO";"";"REGIONAL SUDOESTE I";"2014/04/28 00:00:00.000";"SAA";"521805";"";"Sim";"PORTEIRAO";"2014";"";"";"";"";"Regional";"SANEAMENTO DE GOIAS SA";"SANEAGO";;"";"GO";"GRS SANTA HELENA DE GOIAS";"1616929000102.0";"2014/07/09 13:56:27.000";"Não";"Sim";"1616929000102.0";"3410"
"Não";"636.0";;"";"S432023000001";"";"";"";"SUL";;"SEDE NOVA";"";"17ª CRS";"2014/07/09 00:00:00.000";"SAA";"432023";"";"Sim";"SEDE NOVA";"2014";"";"";"";"";"Regional";"COMPANHIA RIOGRANDENSE DE SANEAMENTO";"CORSAN";;"";"RS";"SUPERINTENDENCIA REGIONAL MISSOES SURMIS";"92802784036623.0";"2014/07/09 14:00:42.000";"Não";"Sim";"92802784000190.0";"1863"
"Não";"110.0";;"";"S520130000002";"";"";"";"CENTRO-OESTE";;"SISTEMA CAPELINHA";"";"REGIONAL CENTRAL";"2014/03/10 00:00:00.000";"SAA";"520130";"";"Sim";"ANICUNS";"2014";"";"";"";"";"Regional";"SANEAMENTO DE GOIAS SA";"SANEAGO";;"";"GO";"GRS SAO LUIS DE MONTES BELOS";"1616929000102.0";"2014/07/09 15:06:15.000";"Não";"Sim";"1616929000102.0";"325"
"Não";"1721.0";;"";"S291910000001";"";"";"";"NORDESTE";"0.0";"SAA DE LAMARÃO";"";"12 DIRES / SERRINHA  / NUCLEO CENTRO-LESTE";"2014/05/06 00:00:00.000";"SAA";"291910";"";"Sim";"LAMARAO";"2014";"";"";"";"";"Regional";"EMPRESA BAIANA DE AGUAS E SANEAMENTO SA";"EMBASA";;"";"BA";"UNF FEIRA DE SANTANA";"13504675000110.0";"2014/07/09 15:48:41.000";"Não";"Sim";"13504675000110.0";"6695"
"Sim";"1895.0";;"";"S231380000001";"";"";"";"NORDESTE";"86.0";"SISTEMA URUBURETAMA";"";"06 REGIONAL DE SAUDE ITAPIPOCA";"2014/07/22 00:00:00.000";"SAA";"231355";"";"Sim";"TURURU";"2014";"";"";"";"";"Regional";"COMPANHIA DE AGUA E ESGOTO DO CEARA";"CAGECE";;"";"CE";"UNIDADE DE NEGOCIO DA BACIA DO CURU E LITORAL UNBCL";"7040108000157.0";"2014/07/22 09:04:17.000";"Sim";"Não";"7040108000157.0";"7163"
"Sim";"5589.0";;"";"S261240000001";"";"";"";"NORDESTE";;"ETA SANHARO";"";"IV REGIONAL DE SAUDE";"2014/07/22 00:00:00.000";"SAA";"261240";"";"Sim";"SANHARO";"2014";"";"";"";"";"Regional";"COMPANHIA PERNAMBUCANA DE SANEAMENTO";"COMPESA";;"";"PE";"GERENCIA DE NEGOCIOS REGIONAL IPOJUCA";"9769035000164.0";"2014/07/22 09:13:51.000";"Sim";"Não";"9769035000164.0";"20512"
"Sim";"3348.0";;"";"S231375000001";"";"";"";"NORDESTE";"218.0";"CAGECE UMIRIM";"";"06 REGIONAL DE SAUDE ITAPIPOCA";"2014/07/22 00:00:00.000";"SAA";"231375";"";"Sim";"UMIRIM";"2014";"";"";"";"";"Regional";"COMPANHIA DE AGUA E ESGOTO DO CEARA";"CAGECE";;"";"CE";"UNIDADE DE NEGOCIO DA BACIA DO CURU E LITORAL UNBCL";"7040108000157.0";"2014/07/22 09:49:34.000";"Sim";"Não";"7040108000157.0";"13225"
"Sim";"0.0";;"";"S430210000001";"";"";"";"SUL";;"BENTO GONÇALVES";"";"5ª CRS";"2014/07/01 00:00:00.000";"SAA";"430860";"";"Sim";"GARIBALDI";"2014";"";"";"";"";"Regional";"COMPANHIA RIOGRANDENSE DE SANEAMENTO";"CORSAN";;"";"RS";"SUPERINTENDENCIA REGIONAL NORDESTE SURNE";"92802784036895.0";"2014/07/01 13:21:48.000";"Sim";"Sim";"92802784000190.0";"0"
"Sim";"634.0";"0";"";"S231410000007";"";"";"";"NORDESTE";"21.0";"CAGECE LAMBEDOURO";"";"13 REGIONAL DE SAUDE TIANGUA";"2014/07/22 00:00:00.000";"SAA";"231410";"";"Sim";"VICOSA DO CEARA";"2014";"";"";"";"";"Regional";"COMPANHIA DE AGUA E ESGOTO DO CEARA";"CAGECE";"2568";"";"CE";"UNIDADE DE NEGOCIO DA BACIA DA SERRA DA IBIAPABA UNBSI";"7040108002281.0";"2014/07/22 14:09:56.000";"Não";"Sim";"7040108000157.0";"2568"
"Sim";"117.0";;"";"S410775000001";"";"";"";"SUL";;"FIGUEIRA UT3011";"";"19 RS - JACAREZINHO";"2014/03/19 00:00:00.000";"SAA";"410775";"";"Sim";"FIGUEIRA";"2014";"";"";"";"";"Regional";"COMPANHIA DE SANEAMENTO DO PARANA";"SANEPAR";;"";"PR";"UR CORNELIO PROCOPIO";"76484013000145.0";"2014/07/22 14:15:27.000";"Sim";"Sim";"76484013000145.0";"352"
"Não";"1213.0";;"";"S410900000001";"";"";"";"SUL";;"GUAPIRAMA UT1091";"";"19 RS - JACAREZINHO";"2014/03/19 00:00:00.000";"SAA";"410900";"";"Sim";"GUAPIRAMA";"2014";"";"";"";"";"Regional";"COMPANHIA DE SANEAMENTO DO PARANA";"SANEPAR";;"";"PR";"UR SANTO ANTONIO DA PLATINA";"76484013000145.0";"2014/07/22 14:20:57.000";"Não";"Sim";"76484013000145.0";"3700"
"Sim";"936.0";;"";"S230393000001";"";"";"";"NORDESTE";"76.0";"CAGECE CHORO";"";"08 REGIONAL DE SAUDE QUIXADA";"2014/07/22 00:00:00.000";"SAA";"230393";"";"Sim";"CHORO";"2014";"";"";"";"";"Regional";"COMPANHIA DE AGUA E ESGOTO DO CEARA";"CAGECE";;"";"CE";"UNIDADE DE NEGOCIO DA BACIA DE BANABUIU UNBBA";"7040108000157.0";"2014/07/22 14:48:10.000";"Sim";"Não";"7040108000157.0";"3660"
"Não";"1063.0";;"";"S350110000001";"";"";"";"SUDESTE";"0.0";"ALTO ALEGRE";"";"GVS XI - ARAÇATUBA";"2014/07/28 00:00:00.000";"SAA";"350110";"";"Não";"ALTO ALEGRE";"2014";"";"";"";"";"Regional";"COMPANHIA DE SANEAMENTO BASICO DO ESTADO DE SAO PAULO";"SABESP";;"";"SP";"ALTO ALEGRE SABESP";"43776517028947.0";"2014/07/28 14:07:03.000";"Não";"Sim";"43776517000180.0";"3168"
"Não";"85.0";;"";"S280490000003";"";"";"";"NORDESTE";"0.0";"ETA PONTA DOS MANGUES";"";"PROPRIA";"2014/07/31 00:00:00.000";"SAA";"280490";"";"Sim";"PACATUBA";"2014";"";"";"";"";"Regional";"COMPANHIA DE SANEAMENTO DE SERGIPE";"DESO";;"";"SE";"DESO PACATUBA";"13018171000190.0";"2014/07/31 09:56:14.000";"Não";"Sim";"13018171000190.0";"315"
"Não";"2718.0";;"";"S520551000001";"";"";"";"CENTRO-OESTE";"0.0";"COCALZINHO DE GOIAS";"";"REGIONAL PIRENEUS";"2014/03/10 00:00:00.000";"SAA";"520551";"";"Sim";"COCALZINHO DE GOIAS";"2014";"";"";"";"";"Regional";"SANEAMENTO DE GOIAS SA";"SANEAGO";;"";"GO";"GRS ANAPOLIS";"1616929000102.0";"2014/07/31 11:23:24.000";"Não";"Sim";"1616929000102.0";"8834"
"Sim";"465.0";;"";"S330610000003";"";"";"";"SUDESTE";"40.0";"ETA PARAPEÚNA";"";"MEDIO PARAIBA";"2014/07/31 00:00:00.000";"SAA";"330610";"";"Sim";"VALENCA";"2014";"";"";"";"";"Regional";"COMPANHIA ESTADUAL DE AGUAS E ESGOTOS";"CEDAE";;"";"RJ";"MEDIO PARAIBA";"33352394000104.0";"2014/07/31 14:56:43.000";"Sim";"Não";"33352394000104.0";"1437"
"Não";"1655.0";;"";"S520055000001";"";"";"";"CENTRO-OESTE";;"ALTO HORIZONTE";"";"REGIONAL SERRA DA MESA";"2014/03/27 00:00:00.000";"SAA";"520055";"";"Sim";"ALTO HORIZONTE";"2014";"";"";"";"";"Regional";"SANEAMENTO DE GOIAS SA";"SANEAGO";;"";"GO";"GRS PORANGATU";"1616929000102.0";"2014/08/12 11:23:51.000";"Não";"Sim";"1616929000102.0";"5131"
"Não";"3114.0";;"";"S521280000001";"";"";"";"CENTRO-OESTE";;"MARA ROSA";"";"REGIONAL SERRA DA MESA";"2014/03/27 00:00:00.000";"SAA";"521280";"";"Sim";"MARA ROSA";"2014";"";"";"";"";"Regional";"SANEAMENTO DE GOIAS SA";"SANEAGO";;"";"GO";"GRS PORANGATU";"1616929000102.0";"2014/08/12 11:26:29.000";"Não";"Sim";"1616929000102.0";"9529"
"Sim";"5804.0";;"";"S522020000001";"";"";"";"CENTRO-OESTE";"0.0";"ETA SÃO MIGUEL DO ARAGUAIA";"";"REGIONAL NORTE";"2014/03/27 00:00:00.000";"SAA";"522020";"";"Sim";"SAO MIGUEL DO ARAGUAIA";"2014";"";"";"";"";"Regional";"SANEAMENTO DE GOIAS SA";"SANEAGO";;"";"GO";"GRS PORANGATU";"1616929000102.0";"2014/08/12 13:16:43.000";"Sim";"Não";"1616929000102.0";"17702"
"Não";"771.0";;"";"S432310000001";"";"";"";"SUL";"0.0";"VICENTE DUTRA";"";"2ª CRS";"2014/08/12 00:00:00.000";"SAA";"432310";"";"Sim";"VICENTE DUTRA";"2014";"";"";"";"";"Regional";"COMPANHIA RIOGRANDENSE DE SANEAMENTO";"CORSAN";;"";"RS";"SUPERINTENDENCIA REGIONAL PLANALTO SURPLA";"92802784036380.0";"2014/08/12 14:31:38.000";"Não";"Sim";"92802784000190.0";"2352"
"Não";"44.0";;"";"S521890000002";"";"";"";"CENTRO-OESTE";;"GOIATABA";"";"REGIONAL SÃO PATRICIO";"2014/03/11 00:00:00.000";"SAA";"521890";"";"Sim";"RUBIATABA";"2014";"";"";"";"";"Regional";"SANEAMENTO DE GOIAS SA";"SANEAGO";;"";"GO";"GRS CERES";"1616929000102.0";"2014/08/15 08:52:06.000";"Não";"Sim";"1616929000102.0";"130"
"Sim";"10734.0";;"";"S431350000001";"";"";"";"SUL";"2876.0";"OSÓRIO";"";"18ª CRS";"2014/03/26 00:00:00.000";"SAA";"431350";"";"Sim";"OSORIO";"2014";"";"";"";"";"Regional";"COMPANHIA RIOGRANDENSE DE SANEAMENTO";"CORSAN";;"";"RS";"SUPERINTENDENCIA REGIONAL LITORAL SURLIT";"92802784036704.0";"2014/03/26 16:03:35.000";"Sim";"Sim";"92802784000190.0";"31129"
"Sim";"10413.0";;"";"S431370000001";"";"";"";"SUL";;"PALMEIRA DAS MISSÕES";"";"15ª CRS";"2014/03/26 00:00:00.000";"SAA";"431370";"";"Sim";"PALMEIRA DAS MISSOES";"2014";"";"";"";"";"Regional";"COMPANHIA RIOGRANDENSE DE SANEAMENTO";"CORSAN";;"";"RS";"SUPERINTENDENCIA REGIONAL PLANALTO SURPLA";"92802784036380.0";"2014/03/26 17:06:24.000";"Sim";"Sim";"92802784000190.0";"31968"
"Sim";"7624.0";;"";"S430466000001";"";"";"";"SUL";;"CAPÃO DO LEÃO";"";"3ª CRS";"2014/03/28 00:00:00.000";"SAA";"430466";"";"Sim";"CAPAO DO LEAO";"2014";"";"";"";"";"Regional";"COMPANHIA RIOGRANDENSE DE SANEAMENTO";"CORSAN";;"";"RS";"SUPERINTENDENCIA REGIONAL SUL SURSUL";"92802784036461.0";"2014/03/28 09:54:47.000";"Sim";"Não";"92802784000190.0";"23558"
"Sim";"11523.0";;"";"S430390000001";"";"";"";"SUL";"0.0";"CAMPO BOM";"";"1ª CRS";"2014/03/27 00:00:00.000";"SAA";"430760";"";"Sim";"ESTANCIA VELHA";"2014";"";"";"";"";"Regional";"COMPANHIA RIOGRANDENSE DE SANEAMENTO";"CORSAN";;"";"RS";"SUPERINTENDENCIA REGIONAL SINOS SURSIN";"92802784031150.0";"2014/03/27 14:52:57.000";"Sim";"Não";"92802784000190.0";"35145"
"Sim";"17607.0";;"";"S430390000001";"";"";"";"SUL";"0.0";"CAMPO BOM";"";"1ª CRS";"2014/03/27 00:00:00.000";"SAA";"431990";"";"Sim";"SAPIRANGA";"2014";"";"";"";"";"Regional";"COMPANHIA RIOGRANDENSE DE SANEAMENTO";"CORSAN";;"";"RS";"SUPERINTENDENCIA REGIONAL SINOS SURSIN";"92802784031150.0";"2014/03/27 14:52:57.000";"Sim";"Não";"92802784000190.0";"53877"
"Sim";"742.0";;"";"S430595000001";"";"";"";"SUL";;"COTIPORÃ";"";"5ª CRS";"2014/03/28 00:00:00.000";"SAA";"430595";"";"Sim";"COTIPORA";"2014";"";"";"";"";"Regional";"COMPANHIA RIOGRANDENSE DE SANEAMENTO";"CORSAN";;"";"RS";"SUPERINTENDENCIA REGIONAL NORDESTE SURNE";"92802784036895.0";"2014/03/28 10:52:20.000";"Sim";"Não";"92802784000190.0";"2330"
"Não";"278.0";;"";"S430055000001";"";"";"";"SUL";"0.0";"ALTO ALEGRE";"";"6ª CRS";"2014/03/28 00:00:00.000";"SAA";"430055";"";"Sim";"ALTO ALEGRE";"2014";"";"";"";"";"Regional";"COMPANHIA RIOGRANDENSE DE SANEAMENTO";"CORSAN";;"";"RS";"SUPERINTENDENCIA REGIONAL MISSOES SURMIS";"92802784036623.0";"2014/03/28 11:28:15.000";"Não";"Sim";"92802784000190.0";"823"
"Sim";"1935.0";;"";"S431050000001";"";"";"";"SUL";"0.0";"IRAÍ";"";"2ª CRS";"2014/03/31 00:00:00.000";"SAA";"431050";"";"Sim";"IRAI";"2014";"";"";"";"";"Regional";"COMPANHIA RIOGRANDENSE DE SANEAMENTO";"CORSAN";;"";"RS";"SUPERINTENDENCIA REGIONAL PLANALTO SURPLA";"92802784036380.0";"2014/03/31 14:59:50.000";"Sim";"Não";"92802784000190.0";"5824"
"Sim";"10362.0";;"";"S431180000001";"";"";"";"SUL";;"MARAU";"";"6ª CRS";"2014/04/02 00:00:00.000";"SAA";"431180";"";"Sim";"MARAU";"2014";"";"";"";"";"Regional";"COMPANHIA RIOGRANDENSE DE SANEAMENTO";"CORSAN";;"";"RS";"SUPERINTENDENCIA REGIONAL PLANALTO SURPLA";"92802784036380.0";"2014/04/02 09:29:22.000";"Sim";"Não";"92802784000190.0";"30879"
"Sim";"1061.0";;"";"S431220000001";"";"";"";"SUL";;"MAXIMILIANO DE ALMEIDA";"";"6ª CRS";"2014/04/02 00:00:00.000";"SAA";"431220";"";"Sim";"MAXIMILIANO DE ALMEIDA";"2014";"";"";"";"";"Regional";"COMPANHIA RIOGRANDENSE DE SANEAMENTO";"CORSAN";;"";"RS";"SUPERINTENDENCIA REGIONAL PLANALTO SURPLA";"92802784036380.0";"2014/04/02 09:57:26.000";"Sim";"Sim";"92802784000190.0";"3204"
"Não";"466.0";;"";"S431200000001";"";"";"";"SUL";;"MARIANO MORO";"";"11ª CRS";"2014/04/07 00:00:00.000";"SAA";"431200";"";"Sim";"MARIANO MORO";"2014";"";"";"";"";"Regional";"COMPANHIA RIOGRANDENSE DE SANEAMENTO";"CORSAN";;"";"RS";"SUPERINTENDENCIA REGIONAL PLANALTO SURPLA";"92802784036380.0";"2014/04/07 09:54:58.000";"Não";"Sim";"92802784000190.0";"1356"
"Sim";"16874.0";;"";"S431740000001";"";"";"";"SUL";"0.0";"SANTIAGO";"";"4ª CRS";"2014/04/07 00:00:00.000";"SAA";"431740";"";"Sim";"SANTIAGO";"2014";"";"";"";"";"Regional";"COMPANHIA RIOGRANDENSE DE SANEAMENTO";"CORSAN";;"";"RS";"SUPERINTENDENCIA REGIONAL PAMPA SURPA";"92802784005744.0";"2014/04/07 13:16:01.000";"Sim";"Não";"92802784000190.0";"47922"
"Não";"359.0";;"";"S431417000001";"";"";"";"SUL";;"PEDRAS ALTAS";"";"3ª CRS";"2014/04/14 00:00:00.000";"SAA";"431417";"";"Sim";"PEDRAS ALTAS";"2014";"";"";"";"";"Regional";"COMPANHIA RIOGRANDENSE DE SANEAMENTO";"CORSAN";;"";"RS";"SUPERINTENDENCIA REGIONAL SUL SURSUL";"92802784036461.0";"2014/04/14 09:32:43.000";"Não";"Sim";"92802784000190.0";"1048"
"Sim";"3889.0";;"";"S280560000001";"";"";"";"NORDESTE";"0.0";"ETA DELMIRO GOUVEIA";"";"NOSSA SENHORA DA GLORIA";"2014/01/02 00:00:00.000";"SAA";"280540";"";"Sim";"POCO REDONDO";"2014";"";"";"";"";"Regional";"COMPANHIA DE SANEAMENTO DE SERGIPE";"DESO";;"";"SE";"DESO PORTO DA FOLHA";"13018171000190.0";"2014/04/14 10:35:35.000";"Sim";"Não";"13018171000190.0";"15323"
"Sim";"1300.0";;"";"S280560000001";"";"";"";"NORDESTE";"0.0";"ETA DELMIRO GOUVEIA";"";"ITABAIANA";"2014/01/02 00:00:00.000";"SAA";"280520";"";"Sim";"PINHAO";"2014";"";"";"";"";"Regional";"COMPANHIA DE SANEAMENTO DE SERGIPE";"DESO";;"";"SE";"DESO PORTO DA FOLHA";"13018171000190.0";"2014/04/14 10:35:35.000";"Sim";"Não";"13018171000190.0";"4420"
"Sim";"800.0";;"";"S280560000001";"";"";"";"NORDESTE";"0.0";"ETA DELMIRO GOUVEIA";"";"ITABAIANA";"2014/01/02 00:00:00.000";"SAA";"280500";"";"Sim";"PEDRA MOLE";"2014";"";"";"";"";"Regional";"COMPANHIA DE SANEAMENTO DE SERGIPE";"DESO";;"";"SE";"DESO PORTO DA FOLHA";"13018171000190.0";"2014/04/14 10:35:35.000";"Sim";"Não";"13018171000190.0";"2728"
"Sim";"2590.0";;"";"S280560000001";"";"";"";"NORDESTE";"0.0";"ETA DELMIRO GOUVEIA";"";"ITABAIANA";"2014/01/02 00:00:00.000";"SAA";"280445";"";"Sim";"NOSSA SENHORA APARECIDA";"2014";"";"";"";"";"Regional";"COMPANHIA DE SANEAMENTO DE SERGIPE";"DESO";;"";"SE";"DESO PORTO DA FOLHA";"13018171000190.0";"2014/04/14 10:35:35.000";"Sim";"Não";"13018171000190.0";"8495"
"Sim";"3293.0";;"";"S280560000001";"";"";"";"NORDESTE";"0.0";"ETA DELMIRO GOUVEIA";"";"NOSSA SENHORA DA GLORIA";"2014/01/02 00:00:00.000";"SAA";"280420";"";"Sim";"MONTE ALEGRE DE SERGIPE";"2014";"";"";"";"";"Regional";"COMPANHIA DE SANEAMENTO DE SERGIPE";"DESO";;"";"SE";"DESO PORTO DA FOLHA";"13018171000190.0";"2014/04/14 10:35:35.000";"Sim";"Não";"13018171000190.0";"12316"
"Sim";"3453.0";;"";"S280560000001";"";"";"";"NORDESTE";"0.0";"ETA DELMIRO GOUVEIA";"";"ITABAIANA";"2014/01/02 00:00:00.000";"SAA";"280230";"";"Sim";"FREI PAULO";"2014";"";"";"";"";"Regional";"COMPANHIA DE SANEAMENTO DE SERGIPE";"DESO";;"";"SE";"DESO PORTO DA FOLHA";"13018171000190.0";"2014/04/14 10:35:35.000";"Sim";"Não";"13018171000190.0";"12016"
"Não";"875.0";;"";"S431500000001";"";"";"";"SUL";;"PORTO LUCENA";"";"14ª CRS";"2014/04/14 00:00:00.000";"SAA";"431500";"";"Sim";"PORTO LUCENA";"2014";"";"";"";"";"Regional";"COMPANHIA RIOGRANDENSE DE SANEAMENTO";"CORSAN";;"";"RS";"SUPERINTENDENCIA REGIONAL MISSOES SURMIS";"92802784036623.0";"2014/04/14 10:52:06.000";"Não";"Sim";"92802784000190.0";"2380"
"Não";"1996.0";;"";"S430530000001";"";"";"";"SUL";;"CHAPADA";"";"15ª CRS";"2014/04/15 00:00:00.000";"SAA";"430530";"";"Sim";"CHAPADA";"2014";"";"";"";"";"Regional";"COMPANHIA RIOGRANDENSE DE SANEAMENTO";"CORSAN";;"";"RS";"SUPERINTENDENCIA REGIONAL PLANALTO SURPLA";"92802784036380.0";"2014/04/15 09:58:09.000";"Não";"Sim";"92802784000190.0";"5609"
"Não";"2207.0";;"";"S431610000001";"";"";"";"SUL";"0.0";"RONDA ALTA";"";"15ª CRS";"2014/04/15 00:00:00.000";"SAA";"431610";"";"Sim";"RONDA ALTA";"2014";"";"";"";"";"Regional";"COMPANHIA RIOGRANDENSE DE SANEAMENTO";"CORSAN";;"";"RS";"SUPERINTENDENCIA REGIONAL PLANALTO SURPLA";"92802784036380.0";"2014/04/15 09:25:36.000";"Não";"Sim";"92802784000190.0";"7349"
"Não";"1042.0";;"";"S430540000001";"";"";"";"SUL";;"CHIAPETTA";"";"17ª CRS";"2014/04/15 00:00:00.000";"SAA";"430540";"";"Sim";"CHIAPETTA";"2014";"";"";"";"";"Regional";"COMPANHIA RIOGRANDENSE DE SANEAMENTO";"CORSAN";;"";"RS";"SUPERINTENDENCIA REGIONAL MISSOES SURMIS";"92802784036623.0";"2014/04/15 10:24:44.000";"Não";"Sim";"92802784000190.0";"3105"
"Não";"26419.0";;"";"S355100000001";"";"";"";"SUDESTE";;"PC RIO BRANCO";"";"GVS XXV - SANTOS";"2014/04/17 00:00:00.000";"SAA";"355100";"";"Sim";"SAO VICENTE";"2014";"";"";"";"";"Regional";"COMPANHIA DE SANEAMENTO BASICO DO ESTADO DE SAO PAULO";"SABESP";;"";"SP";"SAO VICENTE";"43776517019956.0";"2014/04/17 11:16:03.000";"Sim";"Não";"43776517000180.0";"85862"
"Não";"9248.0";;"";"S290570000006";"";"";"";"NORDESTE";"4369.0";"SIAA JORDAO";"";"01 DIRES / SALVADOR / RMS / NUCLEO LESTE";"2014/02/10 00:00:00.000";"SAA";"290570";"";"Sim";"CAMACARI";"2014";"";"";"";"";"Regional";"EMPRESA BAIANA DE AGUAS E SANEAMENTO SA";"EMBASA";;"";"BA";"UMC CAMACARI";"13504675000110.0";"2014/04/28 11:26:40.000";"Não";"Sim";"13504675000110.0";"30333"
"Não";"72.0";;"";"S410160000002";"";"";"";"SUL";"0.0";"CERRADO DAS CINZAS UT4991";"";"03 RS - PONTA GROSSA";"2014/03/19 00:00:00.000";"SAA";"410160";"";"Sim";"ARAPOTI";"2014";"";"";"";"";"Regional";"COMPANHIA DE SANEAMENTO DO PARANA";"SANEPAR";;"";"PR";"UR TELEMACO BORBA";"76484013000145.0";"2014/04/29 12:38:16.000";"Não";"Sim";"76484013000145.0";"233"
"Sim";"4883.0";;"";"S410465000001";"";"";"";"SUL";;"CARAMBEI UT3791";"";"03 RS - PONTA GROSSA";"2014/03/19 00:00:00.000";"SAA";"410465";"";"Sim";"CARAMBEI";"2014";"";"";"";"";"Regional";"COMPANHIA DE SANEAMENTO DO PARANA";"SANEPAR";;"";"PR";"UR TELEMACO BORBA";"76484013000145.0";"2014/04/29 12:51:27.000";"Sim";"Sim";"76484013000145.0";"16700"
"Não";"226.0";;"";"S410490000002";"";"";"";"SUL";;"ABAPA UT4671";"";"03 RS - PONTA GROSSA";"2014/03/19 00:00:00.000";"SAA";"410490";"";"Sim";"CASTRO";"2014";"";"";"";"";"Regional";"COMPANHIA DE SANEAMENTO DO PARANA";"SANEPAR";;"";"PR";"UR TELEMACO BORBA";"76484013000145.0";"2014/04/29 13:45:19.000";"Não";"Sim";"76484013000145.0";"759"
"Sim";"15778.0";;"";"S410490000004";"";"";"";"SUL";"0.0";"CASTRO UT0021";"";"03 RS - PONTA GROSSA";"2014/03/19 00:00:00.000";"SAA";"410490";"";"Sim";"CASTRO";"2014";"";"";"";"";"Regional";"COMPANHIA DE SANEAMENTO DO PARANA";"SANEPAR";;"";"PR";"UR TELEMACO BORBA";"76484013000145.0";"2014/04/29 14:03:55.000";"Sim";"Sim";"76484013000145.0";"53014"
"Não";"916.0";;"";"S430673000001";"";"";"";"SUL";"0.0";"DOUTOR MAURICIO CARDOSO";"";"14ª CRS";"2014/04/29 00:00:00.000";"SAA";"430673";"";"Sim";"DOUTOR MAURICIO CARDOSO";"2014";"";"";"";"";"Regional";"COMPANHIA RIOGRANDENSE DE SANEAMENTO";"CORSAN";;"";"RS";"SUPERINTENDENCIA REGIONAL MISSOES SURMIS";"92802784036623.0";"2014/04/29 13:37:17.000";"Não";"Sim";"92802784000190.0";"2574"
"Não";"1303.0";;"";"S431920000001";"";"";"";"SUL";"0.0";"SÃO NICOLAU";"";"12ª CRS";"2014/04/29 00:00:00.000";"SAA";"431920";"";"Sim";"SAO NICOLAU";"2014";"";"";"";"";"Regional";"COMPANHIA RIOGRANDENSE DE SANEAMENTO";"CORSAN";;"";"RS";"SUPERINTENDENCIA REGIONAL MISSOES SURMIS";"92802784036623.0";"2014/04/29 14:05:19.000";"Não";"Sim";"92802784000190.0";"3701"
"Sim";"70782.0";;"";"S351870000002";"";"";"";"SUDESTE";;"ETA JURUBATUBA";"";"GVS XXV - SANTOS";"2014/03/17 00:00:00.000";"SAA";"351870";"";"Sim";"GUARUJA";"2014";"";"";"";"";"Regional";"COMPANHIA DE SANEAMENTO BASICO DO ESTADO DE SAO PAULO";"SABESP";;"";"SP";"GUARUJA";"43776517019522.0";"2014/05/14 08:25:41.000";"Sim";"Não";"43776517000180.0";"242074"
"Sim";"150.0";;"";"S351870000002";"";"";"";"SUDESTE";;"ETA JURUBATUBA";"";"GVS XXV - SANTOS";"2014/03/17 00:00:00.000";"SAA";"354850";"";"Sim";"SANTOS";"2014";"";"";"";"";"Regional";"COMPANHIA DE SANEAMENTO BASICO DO ESTADO DE SAO PAULO";"SABESP";;"";"SP";"GUARUJA";"43776517019522.0";"2014/05/14 08:25:41.000";"Sim";"Não";"43776517000180.0";"434"
"Não";"112.0";;"";"S411740000001";"";"";"";"SUL";;"OURIZONA UT1861";"";"15 RS - MARINGA";"2014/03/19 00:00:00.000";"SAA";"411740";"";"Sim";"OURIZONA";"2014";"";"";"";"";"Regional";"COMPANHIA DE SANEAMENTO DO PARANA";"SANEPAR";;"";"PR";"UR MARINGA";"76484013000145.0";"2014/05/28 14:59:26.000";"Não";"Sim";"76484013000145.0";"347"
"Não";"300.0";;"";"S411810000001";"";"";"";"SUL";"78.0";"PARANACITY UT1911";"";"15 RS - MARINGA";"2014/03/19 00:00:00.000";"SAA";"411810";"";"Sim";"PARANACITY";"2014";"";"";"";"";"Regional";"COMPANHIA DE SANEAMENTO DO PARANA";"SANEPAR";;"";"PR";"UR PARANAVAI";"76484013000145.0";"2014/05/28 15:24:44.000";"Não";"Sim";"76484013000145.0";"942"
"Sim";"8224.0";;"";"S521010000001";"";"";"";"CENTRO-OESTE";"0.0";"SAA IPAMERI";"";"REGIONAL ESTRADA DE FERRO";"2014/01/21 00:00:00.000";"SAA";"521010";"";"Sim";"IPAMERI";"2014";"";"";"";"";"Regional";"SANEAMENTO DE GOIAS SA";"SANEAGO";;"";"GO";"GRS OUVIDOR";"1616929000102.0";"2014/06/25 11:01:13.000";"Sim";"Não";"1616929000102.0";"24836"
"Sim";"900.0";;"";"S522130000001";"";"";"";"CENTRO-OESTE";;"ETA TRES RANCHOS";"";"REGIONAL ESTRADA DE FERRO";"2014/01/21 00:00:00.000";"SAA";"522130";"";"Sim";"TRES RANCHOS";"2014";"";"";"";"";"Regional";"SANEAMENTO DE GOIAS SA";"SANEAGO";;"";"GO";"GRS OUVIDOR";"1616929000102.0";"2014/06/25 11:11:00.000";"Sim";"Não";"1616929000102.0";"2682"
"Sim";"18252.0";;"";"S270630000001";"";"";"";"NORDESTE";;"SAA DE PALMEIRA DOS INDIOS";"";"08 REGIÃO PLM AL";"2014/06/28 00:00:00.000";"SAA";"270630";"";"Sim";"PALMEIRA DOS INDIOS";"2014";"";"";"";"";"Regional";"COMPANHIA DE SANEAMENTO DE ALAGOAS";"CASAL";;"";"AL";"UNIDADE SERRANA P DOS INDIOS";"12294708000181.0";"2014/06/28 22:14:09.000";"Sim";"Não";"12294708000181.0";"62787"
"Não";"542.0";;"";"S250620000001";"";"";"";"NORDESTE";"0.0";"SISTEMA DE ABASTECIMENTO DE FREI MARTINHO";"";"04 GERENCIA REGIONAL DE SAUDE";"2014/06/02 00:00:00.000";"SAA";"250620";"";"Sim";"FREI MARTINHO";"2014";"";"";"";"";"Regional";"COMPANHIA DE AGUA E ESGOTO DA PARAIBA";"CAGEPA";;"";"PB";"CAGEPA COMPANHIA DE AGUA E ESGOTO DA PARAIBA";"2168943000153.0";"2014/07/03 07:58:25.000";"Sim";"Não";"9123654000187.0";"1653"
"Não";"1058.0";;"";"S352830000001";"";"";"";"SUDESTE";"5.0";"CIA SANEAMENTO BÁSICO DO ESTADO DE SÃO PAULO-SABESP";"";"GVS XXIX  - SÃO JOSÉ DO RIO PRETO";"2014/07/03 00:00:00.000";"SAA";"352830";"";"Sim";"MAGDA";"2014";"";"";"";"";"Regional";"COMPANHIA DE SANEAMENTO BASICO DO ESTADO DE SAO PAULO";"SABESP";;"";"SP";"MAGDA SABESP";"19383661000171.0";"2014/07/03 09:57:50.000";"Não";"Sim";"43776517000180.0";"2973"
"Não";"883.0";;"";"S521080000001";"";"";"";"CENTRO-OESTE";"0.0";"ITAJA";"";"REGIONAL SUDOESTE I";"2014/03/20 00:00:00.000";"SAA";"521080";"";"Sim";"ITAJA";"2014";"";"";"";"";"Regional";"SANEAMENTO DE GOIAS SA";"SANEAGO";;"";"GO";"GRS RIO VERDE";"1616929000102.0";"2014/07/03 10:45:57.000";"Não";"Sim";"1616929000102.0";"2605"
"Sim";"1630.0";;"";"S521130000001";"";"";"";"CENTRO-OESTE";"0.0";"ITARUMA";"";"REGIONAL SUDOESTE I";"2014/03/20 00:00:00.000";"SAA";"521130";"";"Sim";"ITARUMA";"2014";"";"";"";"";"Regional";"SANEAMENTO DE GOIAS SA";"SANEAGO";;"";"GO";"GRS RIO VERDE";"1616929000102.0";"2014/07/03 10:43:26.000";"Sim";"Sim";"1616929000102.0";"4923"
"Sim";"2987.0";;"";"S521375000001";"";"";"";"CENTRO-OESTE";"0.0";"MONTIVIDIU";"";"REGIONAL SUDOESTE I";"2014/03/20 00:00:00.000";"SAA";"521375";"";"Sim";"MONTIVIDIU";"2014";"";"";"";"";"Regional";"SANEAMENTO DE GOIAS SA";"SANEAGO";;"";"GO";"GRS RIO VERDE";"1616929000102.0";"2014/07/03 10:58:51.000";"Sim";"Não";"1616929000102.0";"9529"
"Sim";"430.0";;"";"S520013000002";"";"";"";"CENTRO-OESTE";;"CASA DE CLORACAO DOMINGOS ALVES";"";"REGIONAL SUDOESTE I";"2014/04/03 00:00:00.000";"SAA";"520013";"";"Sim";"ACREUNA";"2014";"";"";"";"";"Regional";"SANEAMENTO DE GOIAS SA";"SANEAGO";;"";"GO";"GRS SANTA HELENA DE GOIAS";"1616929000102.0";"2014/07/03 11:29:52.000";"Não";"Sim";"1616929000102.0";"1342"
"Não";"1059.0";;"";"S520505000001";"";"";"";"CENTRO-OESTE";"0.0";"CASTELANDIA";"";"REGIONAL SUDOESTE I";"2014/04/28 00:00:00.000";"SAA";"520505";"";"Sim";"CASTELANDIA";"2014";"";"";"";"";"Regional";"SANEAMENTO DE GOIAS SA";"SANEAGO";;"";"GO";"GRS SANTA HELENA DE GOIAS";"1616929000102.0";"2014/07/03 10:42:49.000";"Não";"Sim";"1616929000102.0";"3188"
"Sim";"3964.0";;"";"S270210000001";"";"";"";"NORDESTE";"0.0";"SAA DE COLONIA DE LEOPOLDINA CASAL";"";"03 REGIÃO UDP AL";"2014/07/03 00:00:00.000";"SAA";"270210";"";"Sim";"COLONIA LEOPOLDINA";"2014";"";"";"";"";"Regional";"COMPANHIA DE SANEAMENTO DE ALAGOAS";"CASAL";;"";"AL";"UNIDADE LESTE RIO LARGO";"12294708000181.0";"2014/07/03 13:57:59.000";"Sim";"Não";"12294708000181.0";"15063"
"Sim";"820.0";;"";"S260710000001";"";"";"";"NORDESTE";;"ETA INGAZEIRA";"";"X REGIONAL DE SAUDE";"2014/07/11 00:00:00.000";"SAA";"260710";"";"Sim";"INGAZEIRA";"2014";"";"";"";"";"Regional";"COMPANHIA PERNAMBUCANA DE SANEAMENTO";"COMPESA";;"";"PE";"GNR ALTO DO PAJEU";"9769035000164.0";"2014/07/11 08:33:47.000";"Sim";"Não";"9769035000164.0";"2845"
"Não";"90.0";;"";"S521520000002";"";"";"";"CENTRO-OESTE";;"NOVO GOIAS";"";"REGIONAL OESTE I";"2014/05/14 00:00:00.000";"SAA";"521520";"";"Sim";"NOVO BRASIL";"2014";"";"";"";"";"Regional";"SANEAMENTO DE GOIAS SA";"SANEAGO";;"";"GO";"GRS IPORA";"1616929000102.0";"2014/07/11 10:21:46.000";"Não";"Sim";"1616929000102.0";"237"
"Não";"7008.0";;"";"S230370000003";"";"";"";"NORDESTE";"208.0";"SISTEMA CAPUAN";"";"02 REGIONAL DE SAUDE CAUCAIA";"2014/07/11 00:00:00.000";"SAA";"230370";"";"Sim";"CAUCAIA";"2014";"";"";"";"";"Regional";"COMPANHIA DE AGUA E ESGOTO DO CEARA";"CAGECE";;"";"CE";"UNIDADE DE NEGOCIO DA BACIA METROPOLITANA UNBME";"7040108000157.0";"2014/07/11 10:26:43.000";"Não";"Sim";"7040108000157.0";"25509"
"Sim";"24986.0";;"";"S410420000004";"";"";"";"SUL";"0.0";"CAMPO LARGO UT 0121";"";"02 RS - CURITIBA";"2014/03/19 00:00:00.000";"SAA";"410420";"";"Sim";"CAMPO LARGO";"2014";"";"";"";"";"Regional";"COMPANHIA DE SANEAMENTO DO PARANA";"SANEPAR";;"";"PR";"US PRODUCAO DE CURITIBA USPD";"76484013000145.0";"2014/07/11 10:29:16.000";"Sim";"Sim";"76484013000145.0";"81954"
"Não";"2438.0";;"";"S410420000005";"";"";"";"SUL";"0.0";"CAMPO LARGO UT 0122";"";"02 RS - CURITIBA";"2014/03/19 00:00:00.000";"SAA";"410420";"";"Sim";"CAMPO LARGO";"2014";"";"";"";"";"Regional";"COMPANHIA DE SANEAMENTO DO PARANA";"SANEPAR";;"";"PR";"US PRODUCAO DE CURITIBA USPD";"76484013000145.0";"2014/07/11 10:38:01.000";"Não";"Sim";"76484013000145.0";"7997"
"Sim";"100.0";;"";"S280330000003";"";"";"";"NORDESTE";"100.0";"ETA CAMARA";"";"NOSSA SENHORA DO SOCORRO";"2014/07/11 00:00:00.000";"SAA";"280330";"";"Sim";"JAPARATUBA";"2014";"";"";"";"";"Regional";"COMPANHIA DE SANEAMENTO DE SERGIPE";"DESO";;"";"SE";"DESO JAPARATUBA";"13018171000190.0";"2014/07/11 10:48:16.000";"Sim";"Não";"13018171000190.0";"356"
"Sim";"60.0";;"";"S280330000004";"";"";"";"NORDESTE";"0.0";"ETA FORGES";"";"NOSSA SENHORA DO SOCORRO";"2014/07/11 00:00:00.000";"SAA";"280330";"";"Sim";"JAPARATUBA";"2014";"";"";"";"";"Regional";"COMPANHIA DE SANEAMENTO DE SERGIPE";"DESO";;"";"SE";"DESO JAPARATUBA";"13018171000190.0";"2014/07/11 10:55:54.000";"Sim";"Não";"13018171000190.0";"214"
"Não";"104.0";;"";"S410425000003";"";"";"";"SUL";;"CAMPO NOVO UT8641";"";"02 RS - CURITIBA";"2014/03/19 00:00:00.000";"SAA";"410425";"";"Sim";"CAMPO MAGRO";"2014";"";"";"";"";"Regional";"COMPANHIA DE SANEAMENTO DO PARANA";"SANEPAR";;"";"PR";"US PRODUCAO DE CURITIBA USPD";"76484013000145.0";"2014/07/11 10:59:27.000";"Não";"Sim";"76484013000145.0";"348"
"Sim";"8883.0";;"";"S292630000003";"";"";"";"NORDESTE";"0.0";"SIAA DE RIACHÃO DO JACUÍPE";"";"02 DIRES / FEIRA DE SANTANA / NUCLEO CENTRO-LESTE";"2014/05/06 00:00:00.000";"SAA";"292630";"";"Sim";"RIACHAO DO JACUIPE";"2014";"";"";"";"";"Regional";"EMPRESA BAIANA DE AGUAS E SANEAMENTO SA";"EMBASA";;"";"BA";"UNF FEIRA DE SANTANA";"13504675000110.0";"2014/07/11 11:03:22.000";"Sim";"Não";"13504675000110.0";"29047"
"Sim";"147.0";;"";"S292630000003";"";"";"";"NORDESTE";"0.0";"SIAA DE RIACHÃO DO JACUÍPE";"";"02 DIRES / FEIRA DE SANTANA / NUCLEO CENTRO-LESTE";"2014/05/06 00:00:00.000";"SAA";"292750";"";"Sim";"SANTA BARBARA";"2014";"";"";"";"";"Regional";"EMPRESA BAIANA DE AGUAS E SANEAMENTO SA";"EMBASA";;"";"BA";"UNF FEIRA DE SANTANA";"13504675000110.0";"2014/07/11 11:03:22.000";"Sim";"Não";"13504675000110.0";"517"
"Sim";"1344.0";;"";"S292630000003";"";"";"";"NORDESTE";"0.0";"SIAA DE RIACHÃO DO JACUÍPE";"";"02 DIRES / FEIRA DE SANTANA / NUCLEO CENTRO-LESTE";"2014/05/06 00:00:00.000";"SAA";"291330";"";"Sim";"ICHU";"2014";"";"";"";"";"Regional";"EMPRESA BAIANA DE AGUAS E SANEAMENTO SA";"EMBASA";;"";"BA";"UNF FEIRA DE SANTANA";"13504675000110.0";"2014/07/11 11:03:22.000";"Sim";"Não";"13504675000110.0";"4529"
"Não";"321.0";;"";"S410580000001";"";"";"";"SUL";"0.0";"ITAJACURU UT8581";"";"02 RS - CURITIBA";"2014/03/19 00:00:00.000";"SAA";"410580";"";"Sim";"COLOMBO";"2014";"";"";"";"";"Regional";"COMPANHIA DE SANEAMENTO DO PARANA";"SANEPAR";;"";"PR";"US PRODUCAO DE CURITIBA USPD";"76484013000145.0";"2014/07/11 11:29:57.000";"Não";"Sim";"76484013000145.0";"1072"
"Não";"140.0";;"";"S410580000002";"";"";"";"SUL";"0.0";"BACAETAVA UT8631";"";"02 RS - CURITIBA";"2014/03/19 00:00:00.000";"SAA";"410580";"";"Sim";"COLOMBO";"2014";"";"";"";"";"Regional";"COMPANHIA DE SANEAMENTO DO PARANA";"SANEPAR";;"";"PR";"US PRODUCAO DE CURITIBA USPD";"76484013000145.0";"2014/07/11 11:33:59.000";"Não";"Sim";"76484013000145.0";"468"
"Sim";"3181.0";;"";"S280330000008";"";"";"";"NORDESTE";"3181.0";"ETA SAO JOSE";"";"NOSSA SENHORA DO SOCORRO";"2014/07/11 00:00:00.000";"SAA";"280330";"";"Sim";"JAPARATUBA";"2014";"";"";"";"";"Regional";"COMPANHIA DE SANEAMENTO DE SERGIPE";"DESO";;"";"SE";"DESO JAPARATUBA";"13018171000190.0";"2014/07/11 11:46:34.000";"Sim";"Não";"13018171000190.0";"11324"
"Não";"180.0";;"";"S410620000002";"";"";"";"SUL";"0.0";"CATANDUVAS DO SUL UT4191";"";"02 RS - CURITIBA";"2014/03/19 00:00:00.000";"SAA";"410620";"";"Sim";"CONTENDA";"2014";"";"";"";"";"Regional";"COMPANHIA DE SANEAMENTO DO PARANA";"SANEPAR";;"";"PR";"US PRODUCAO DE CURITIBA USPD";"76484013000145.0";"2014/07/11 12:06:51.000";"Não";"Sim";"76484013000145.0";"610"
"Sim";"133.0";;"";"S411320000004";"";"";"";"SUL";"0.0";"JOANESDORF UT4361";"";"02 RS - CURITIBA";"2014/03/19 00:00:00.000";"SAA";"411320";"";"Sim";"LAPA";"2014";"";"";"";"";"Regional";"COMPANHIA DE SANEAMENTO DO PARANA";"SANEPAR";;"";"PR";"US PRODUCAO DE CURITIBA USPD";"76484013000145.0";"2014/07/11 13:47:30.000";"Não";"Sim";"76484013000145.0";"423"
"Sim";"9008.0";;"";"S411320000005";"";"";"";"SUL";"0.0";"LAPA UT0231";"";"02 RS - CURITIBA";"2014/03/19 00:00:00.000";"SAA";"411320";"";"Sim";"LAPA";"2014";"";"";"";"";"Regional";"COMPANHIA DE SANEAMENTO DO PARANA";"SANEPAR";;"";"PR";"US PRODUCAO DE CURITIBA USPD";"76484013000145.0";"2014/07/11 13:53:08.000";"Sim";"Sim";"76484013000145.0";"28645"
"Não";"702.0";;"";"S231025000002";"";"";"";"NORDESTE";"82.0";"SISTEMA LAGOINHA PARAIPABA";"";"02 REGIONAL DE SAUDE CAUCAIA";"2014/07/16 00:00:00.000";"SAA";"231025";"";"Sim";"PARAIPABA";"2014";"";"";"";"";"Regional";"COMPANHIA DE AGUA E ESGOTO DO CEARA";"CAGECE";;"";"CE";"UNIDADE DE NEGOCIO DA BACIA DO CURU E LITORAL UNBCL";"7040108000157.0";"2014/07/16 08:27:26.000";"Não";"Sim";"7040108000157.0";"2569"
"Não";;;"";"S351550000001";"";"";"";"SUDESTE";;"UTA FERNANDOPOLIS";"";"GVS XXX - JALES";"2014/07/10 00:00:00.000";"SAA";"353690";"";"Sim";"PEDRANOPOLIS";"2014";"";"";"";"";"Regional";"COMPANHIA DE SANEAMENTO BASICO DO ESTADO DE SAO PAULO";"SABESP";;"";"SP";"FERNANDOPOLIS SABESP";"71544878000136.0";"2014/07/10 10:55:50.000";"Não";"Sim";"43776517000180.0";"0"
"Não";"812.0";;"";"S500510000001";"";"";"";"CENTRO-OESTE";"0.0";"JATEI CENTRO";"";"MACRORREGIÃO DE DOURADOS - MICRO DE DOURADOS";"2014/07/18 00:00:00.000";"SAA";"500510";"";"Sim";"JATEI";"2014";"";"";"";"";"Regional";"EMPRESA DE SANEAMENTO DO MATO GROSSO DO SUL SA";"SANESUL";;"";"MS";"LESTE";"3982931000120.0";"2014/07/18 08:53:53.000";"Não";"Sim";"3982931000120.0";"2485"
"Não";"1395.0";;"";"S292660000002";"";"";"";"NORDESTE";"0.0";"SLAA DE VILA RODRIGUES";"";"11 DIRES / CICERO DANTAS / NUCLEO NORDESTE";"2014/02/20 00:00:00.000";"SAA";"292660";"";"Sim";"RIBEIRA DO POMBAL";"2014";"";"";"";"";"Regional";"EMPRESA BAIANA DE AGUAS E SANEAMENTO SA";"EMBASA";;"";"BA";"UNA ALAGOINHAS";"13504675000110.0";"2014/07/18 10:18:58.000";"Não";"Sim";"13504675000110.0";"4785"
"Sim";"583.0";;"";"S530002000001";"";"";"";"CENTRO-OESTE";"0.0";"ENGENHO DAS LAJES";"";"UNICA";"2014/07/18 00:00:00.000";"SAA";"530002";"";"Sim";"GAMA";"2014";"";"";"";"";"Regional";"COMPANHIA DE SANEAMENTO AMBIENTAL DO DISTRITO FEDERAL";"CAESB";;"";"DF";"CAESB REGIONAL UNICA";"82024000137.0";"2014/07/18 13:40:42.000";"Sim";"Não";"82024000137.0";"1924"
"Não";"2096.0";;"";"S421660000002";"";"";"";"SUL";"0.0";"ETA COLONIA SANTANA";"";"18ª REGIONAL DE SAÚDE- GRANDE FLORIANÓPOLIS";"2014/07/18 00:00:00.000";"SAA";"421660";"";"Sim";"SAO JOSE";"2014";"";"";"";"";"Regional";"COMPANHIA CATARINENSE DE AGUAS E SANEAMENTO";"CASAN";;"";"SC";"SUPERINTENDENCIA REGIONAL METROPOLITANA DA GRANDE FLORIANOPOLIS";"82508433000460.0";"2014/07/18 14:16:00.000";"Sim";"Não";"82508433000117.0";"6288"
"Não";"996.0";;"";"S530004000002";"";"";"";"CENTRO-OESTE";;"INCRA VIII";"";"UNICA";"2014/07/18 00:00:00.000";"SAA";"530004";"";"Sim";"BRAZLANDIA";"2014";"";"";"";"";"Regional";"COMPANHIA DE SANEAMENTO AMBIENTAL DO DISTRITO FEDERAL";"CAESB";;"";"DF";"CAESB REGIONAL UNICA";"82024000137.0";"2014/07/18 14:22:01.000";"Não";"Sim";"82024000137.0";"3287"
"Não";"37.0";;"";"S431010000001";"";"";"";"SUL";;"IGREJINHA";"";"1ª CRS";"2014/07/15 00:00:00.000";"SAA";"432120";"";"Sim";"TAQUARA";"2014";"";"";"";"";"Regional";"COMPANHIA RIOGRANDENSE DE SANEAMENTO";"CORSAN";;"";"RS";"SUPERINTENDENCIA REGIONAL SINOS SURSIN";"92802784031150.0";"2014/07/15 11:17:39.000";"Não";"Sim";"92802784000190.0";"108"
"Sim";"40909.0";;"";"S530006000001";"";"";"";"CENTRO-OESTE";"0.0";"SOBRADINHO / PLANALTINA";"";"UNICA";"2014/07/18 00:00:00.000";"SAA";"530006";"";"Sim";"PLANALTINA";"2014";"";"";"";"";"Regional";"COMPANHIA DE SANEAMENTO AMBIENTAL DO DISTRITO FEDERAL";"CAESB";;"";"DF";"CAESB REGIONAL UNICA";"82024000137.0";"2014/07/18 16:32:38.000";"Sim";"Sim";"82024000137.0";"135000"
"Sim";"15000.0";;"";"S530006000001";"";"";"";"CENTRO-OESTE";"3069.0";"SOBRADINHO / PLANALTINA";"";"UNICA";"2014/07/18 00:00:00.000";"SAA";"530005";"";"Sim";"SOBRADINHO";"2014";"";"";"";"";"Regional";"COMPANHIA DE SANEAMENTO AMBIENTAL DO DISTRITO FEDERAL";"CAESB";;"";"DF";"CAESB REGIONAL UNICA";"82024000137.0";"2014/07/18 16:32:38.000";"Sim";"Sim";"82024000137.0";"49500"
"Sim";"20000.0";;"";"S530006000001";"";"";"";"CENTRO-OESTE";"3789.0";"SOBRADINHO / PLANALTINA";"";"UNICA";"2014/07/18 00:00:00.000";"SAA";"530026";"";"Sim";"SOBRADINHO II";"2014";"";"";"";"";"Regional";"COMPANHIA DE SANEAMENTO AMBIENTAL DO DISTRITO FEDERAL";"CAESB";;"";"DF";"CAESB REGIONAL UNICA";"82024000137.0";"2014/07/18 16:32:38.000";"Sim";"Sim";"82024000137.0";"66000"
"Sim";"1796.0";;"";"S530006000001";"";"";"";"CENTRO-OESTE";;"SOBRADINHO / PLANALTINA";"";"UNICA";"2014/07/18 00:00:00.000";"SAA";"530031";"";"Sim";"FERCAL";"2014";"";"";"";"";"Regional";"COMPANHIA DE SANEAMENTO AMBIENTAL DO DISTRITO FEDERAL";"CAESB";;"";"DF";"CAESB REGIONAL UNICA";"82024000137.0";"2014/07/18 16:32:38.000";"Sim";"Sim";"82024000137.0";"5927"
"Sim";"166.0";;"";"S350535000003";"";"";"";"SUDESTE";"0.0";"ETA BAIRRO MORRO AGUDO";"";"GVS XXXII - ITAPEVA";"2014/03/03 00:00:00.000";"SAA";"350535";"";"Sim";"BARRA DO CHAPEU";"2014";"";"";"";"";"Regional";"COMPANHIA DE SANEAMENTO BASICO DO ESTADO DE SAO PAULO";"SABESP";;"";"SP";"APIAI SABESP";"43776517068906.0";"2014/07/21 11:45:16.000";"Sim";"Não";"43776517000180.0";"554"
"Não";"53.0";;"";"S412620000002";"";"";"";"SUL";;"LAMBARY UT8981";"";"18 RS - CORNELIO PROCOPIO";"2014/03/19 00:00:00.000";"SAA";"412620";"";"Sim";"SAPOPEMA";"2014";"";"";"";"";"Regional";"COMPANHIA DE SANEAMENTO DO PARANA";"SANEPAR";;"";"PR";"UR CORNELIO PROCOPIO";"76484013000145.0";"2014/07/21 12:38:20.000";"Não";"Sim";"76484013000145.0";"172"
"Sim";"854.0";;"";"S431620000001";"";"";"";"SUL";;"RONDINHA";"";"15ª CRS";"2014/03/27 00:00:00.000";"SAA";"431620";"";"Sim";"RONDINHA";"2014";"";"";"";"";"Regional";"COMPANHIA RIOGRANDENSE DE SANEAMENTO";"CORSAN";;"";"RS";"SUPERINTENDENCIA REGIONAL PLANALTO SURPLA";"92802784036380.0";"2014/03/27 16:06:49.000";"Sim";"Sim";"92802784000190.0";"2818"
"Não";"506.0";;"";"S430005000001";"";"";"";"SUL";"0.0";"ÁGUA SANTA";"";"6ª CRS";"2014/03/27 00:00:00.000";"SAA";"430005";"";"Sim";"AGUA SANTA";"2014";"";"";"";"";"Regional";"COMPANHIA RIOGRANDENSE DE SANEAMENTO";"CORSAN";;"";"RS";"SUPERINTENDENCIA REGIONAL PLANALTO SURPLA";"92802784036380.0";"2014/03/27 16:10:24.000";"Não";"Sim";"92802784000190.0";"1609"
"Não";"106.0";;"";"S430050000001";"";"";"";"SUL";"0.0";"ALPESTRE";"";"2ª CRS";"2014/03/27 00:00:00.000";"SAA";"430050";"";"Sim";"ALPESTRE";"2014";"";"";"";"";"Regional";"COMPANHIA RIOGRANDENSE DE SANEAMENTO";"CORSAN";;"";"RS";"SUPERINTENDENCIA REGIONAL PLANALTO SURPLA";"92802784036380.0";"2014/03/27 16:37:28.000";"Não";"Sim";"92802784000190.0";"315"
"Sim";"50000.0";;"";"S280030000001";"";"";"";"NORDESTE";"1.0";"ETA POXIM";"";"ARACAJU";"2014/01/02 00:00:00.000";"SAA";"280030";"";"Sim";"ARACAJU";"2014";"";"";"";"";"Regional";"COMPANHIA DE SANEAMENTO DE SERGIPE";"DESO";;"";"SE";"INTEGRADO ADUTORA DO SAO FRANCISCO";"13018171000190.0";"2014/04/03 10:12:08.000";"Sim";"Não";"13018171000190.0";"168000"
"Sim";"10758.0";;"";"S280030000001";"";"";"";"NORDESTE";"0.0";"ETA POXIM";"";"ARACAJU";"2014/01/02 00:00:00.000";"SAA";"280670";"";"Sim";"SAO CRISTOVAO";"2014";"";"";"";"";"Regional";"COMPANHIA DE SANEAMENTO DE SERGIPE";"DESO";;"";"SE";"INTEGRADO ADUTORA DO SAO FRANCISCO";"13018171000190.0";"2014/04/03 10:12:08.000";"Sim";"Não";"13018171000190.0";"37761"
"Sim";"1260.0";;"";"S280040000001";"";"";"";"NORDESTE";"0.0";"ETA ARAUA";"";"ESTANCIA";"2014/01/02 00:00:00.000";"SAA";"280040";"";"Sim";"ARAUA";"2014";"";"";"";"";"Regional";"COMPANHIA DE SANEAMENTO DE SERGIPE";"DESO";;"";"SE";"DESO ARAUA";"13018171000190.0";"2014/04/03 10:32:02.000";"Sim";"Não";"13018171000190.0";"4612"
"Sim";"830.0";;"";"S430430000001";"";"";"";"SUL";;"CÂNDIDO GODÓI";"";"14ª CRS";"2014/04/14 00:00:00.000";"SAA";"430430";"";"Sim";"CANDIDO GODOI";"2014";"";"";"";"";"Regional";"COMPANHIA RIOGRANDENSE DE SANEAMENTO";"CORSAN";;"";"RS";"SUPERINTENDENCIA REGIONAL MISSOES SURMIS";"92802784036623.0";"2014/04/14 15:01:44.000";"Sim";"Sim";"92802784000190.0";"2507"
"Não";"66.0";;"";"S430468000001";"";"";"";"SUL";;"CAPELA DE SANTANA";"";"1ª CRS";"2014/04/14 00:00:00.000";"SAA";"430468";"";"Sim";"CAPELA DE SANTANA";"2014";"";"";"";"";"Regional";"COMPANHIA RIOGRANDENSE DE SANEAMENTO";"CORSAN";;"";"RS";"SUPERINTENDENCIA REGIONAL NORDESTE SURNE";"92802784036895.0";"2014/04/14 15:16:31.000";"Não";"Sim";"92802784000190.0";"196"
"Não";"2613.0";;"";"S430580000001";"";"";"";"SUL";;"CONSTANTINA";"";"15ª CRS";"2014/04/16 00:00:00.000";"SAA";"430580";"";"Sim";"CONSTANTINA";"2014";"";"";"";"";"Regional";"COMPANHIA RIOGRANDENSE DE SANEAMENTO";"CORSAN";;"";"RS";"SUPERINTENDENCIA REGIONAL PLANALTO SURPLA";"92802784036380.0";"2014/04/16 09:20:49.000";"Não";"Sim";"92802784000190.0";"8309"
"Não";"391.0";;"";"S430632000001";"";"";"";"SUL";"0.0";"DERRUBADAS";"";"2ª CRS";"2014/04/16 00:00:00.000";"SAA";"430632";"";"Sim";"DERRUBADAS";"2014";"";"";"";"";"Regional";"COMPANHIA RIOGRANDENSE DE SANEAMENTO";"CORSAN";;"";"RS";"SUPERINTENDENCIA REGIONAL MISSOES SURMIS";"92802784036623.0";"2014/04/16 11:33:35.000";"Não";"Sim";"92802784000190.0";"1181"
"Não";"5413.0";;"";"S431810000001";"";"";"";"SUL";"0.0";"SÃO FRANCISCO DE ASSIS";"";"4ª CRS";"2014/04/23 00:00:00.000";"SAA";"431810";"";"Sim";"SAO FRANCISCO DE ASSIS";"2014";"";"";"";"";"Regional";"COMPANHIA RIOGRANDENSE DE SANEAMENTO";"CORSAN";;"";"RS";"SUPERINTENDENCIA REGIONAL PAMPA SURPA";"92802784005744.0";"2014/04/23 08:53:34.000";"Não";"Sim";"92802784000190.0";"15265"
"Sim";"100.0";;"";"S280670000001";"";"";"";"NORDESTE";"0.0";"ETA CABRITA";"";"ARACAJU";"2014/01/02 00:00:00.000";"SAA";"280670";"";"Sim";"SAO CRISTOVAO";"2014";"";"";"";"";"Regional";"COMPANHIA DE SANEAMENTO DE SERGIPE";"DESO";;"";"SE";"INTEGRADO ADUTORA DO SAO FRANCISCO";"13018171000190.0";"2014/04/23 10:22:05.000";"Sim";"Não";"13018171000190.0";"351"
"Sim";"50000.0";;"";"S280670000001";"";"";"";"NORDESTE";"0.0";"ETA CABRITA";"";"ARACAJU";"2014/01/02 00:00:00.000";"SAA";"280030";"";"Sim";"ARACAJU";"2014";"";"";"";"";"Regional";"COMPANHIA DE SANEAMENTO DE SERGIPE";"DESO";;"";"SE";"INTEGRADO ADUTORA DO SAO FRANCISCO";"13018171000190.0";"2014/04/23 10:22:05.000";"Sim";"Não";"13018171000190.0";"168000"
"Não";"0.0";;"";"S290570000004";"";"";"";"NORDESTE";"0.0";"SLA FORD";"";"01 DIRES / SALVADOR / RMS / NUCLEO LESTE";"2014/02/10 00:00:00.000";"SAA";"290570";"";"Sim";"CAMACARI";"2014";"";"";"";"";"Regional";"EMPRESA BAIANA DE AGUAS E SANEAMENTO SA";"EMBASA";;"";"BA";"UMC CAMACARI";"13504675000110.0";"2014/04/25 15:31:56.000";"Não";"Sim";"13504675000110.0";"0"
"Não";"872.0";;"";"S430740000001";"";"";"";"SUL";"11.0";"ESMERALDA";"";"5ª CRS";"2014/04/30 00:00:00.000";"SAA";"430740";"";"Sim";"ESMERALDA";"2014";"";"";"";"";"Regional";"COMPANHIA RIOGRANDENSE DE SANEAMENTO";"CORSAN";;"";"RS";"SUPERINTENDENCIA REGIONAL PLANALTO SURPLA";"92802784036380.0";"2014/04/30 10:47:45.000";"Não";"Sim";"92802784000190.0";"2529"
"Não";"391.0";;"";"S432055000001";"";"";"";"SUL";"0.0";"SERTÃO SANTANA";"";"1ª CRS";"2014/05/02 00:00:00.000";"SAA";"432055";"";"Sim";"SERTAO SANTANA";"2014";"";"";"";"";"Regional";"COMPANHIA RIOGRANDENSE DE SANEAMENTO";"CORSAN";;"";"RS";"SUPERINTENDENCIA REGIONAL NORDESTE SURNE";"92802784036895.0";"2014/05/02 08:59:05.000";"Não";"Sim";"92802784000190.0";"1134"
"Não";"2878.0";;"";"S430810000001";"";"";"";"SUL";"0.0";"FELIZ";"";"5ª CRS";"2014/05/02 00:00:00.000";"SAA";"430810";"";"Sim";"FELIZ";"2014";"";"";"";"";"Regional";"COMPANHIA RIOGRANDENSE DE SANEAMENTO";"CORSAN";;"";"RS";"SUPERINTENDENCIA REGIONAL NORDESTE SURNE";"92802784036895.0";"2014/05/02 09:35:19.000";"Não";"Sim";"92802784000190.0";"8490"
"Não";"6469.0";;"";"S432220000001";"";"";"";"SUL";;"TUPANCIRETÃ";"";"4ª CRS";"2014/05/07 00:00:00.000";"SAA";"432220";"";"Sim";"TUPANCIRETA";"2014";"";"";"";"";"Regional";"COMPANHIA RIOGRANDENSE DE SANEAMENTO";"CORSAN";;"";"RS";"SUPERINTENDENCIA REGIONAL CENTRAL SURCEN";"92802784036208.0";"2014/05/07 09:24:34.000";"Não";"Sim";"92802784000190.0";"19278"
"Sim";"1362.0";;"";"S412700000002";"";"";"";"SUL";;"TEIXEIRA SOARES UT 2731";"";"04 RS - IRATI";"2014/03/19 00:00:00.000";"SAA";"412700";"";"Sim";"TEIXEIRA SOARES";"2014";"";"";"";"";"Regional";"COMPANHIA DE SANEAMENTO DO PARANA";"SANEPAR";;"";"PR";"UR PONTA GROSSA";"76484013000145.0";"2014/05/07 12:03:11.000";"Sim";"Sim";"76484013000145.0";"4644"
"Sim";"2793.0";;"";"S410445000001";"";"";"";"SUL";;"CANTAGALO UT3091";"";"05 RS - GUARAPUAVA";"2014/03/19 00:00:00.000";"SAA";"410445";"";"Sim";"CANTAGALO";"2014";"";"";"";"";"Regional";"COMPANHIA DE SANEAMENTO DO PARANA";"SANEPAR";;"";"PR";"UR GUARAPUAVA";"76484013000145.0";"2014/05/07 12:31:53.000";"Sim";"Sim";"76484013000145.0";"9664"
"Não";"671.0";;"";"S410865000001";"";"";"";"SUL";;"GOIOXIM UT3861";"";"05 RS - GUARAPUAVA";"2014/03/19 00:00:00.000";"SAA";"410865";"";"Sim";"GOIOXIM";"2014";"";"";"";"";"Regional";"COMPANHIA DE SANEAMENTO DO PARANA";"SANEPAR";;"";"PR";"UR GUARAPUAVA";"76484013000145.0";"2014/05/07 12:49:13.000";"Não";"Sim";"76484013000145.0";"2395"
"Não";"1034.0";;"";"S431230000002";"";"";"";"SUL";;"MIRAGUAÍ";"";"15ª CRS";"2014/05/15 00:00:00.000";"SAA";"431230";"";"Sim";"MIRAGUAI";"2014";"";"";"";"";"Regional";"COMPANHIA RIOGRANDENSE DE SANEAMENTO";"CORSAN";;"";"RS";"SUPERINTENDENCIA REGIONAL MISSOES SURMIS";"92802784036623.0";"2014/05/15 10:28:59.000";"Não";"Sim";"92802784000190.0";"3092"
"Sim";"2217.0";;"";"S432020000001";"";"";"";"SUL";;"SEBERI";"";"2ª CRS";"2014/05/15 00:00:00.000";"SAA";"432020";"";"Sim";"SEBERI";"2014";"";"";"";"";"Regional";"COMPANHIA RIOGRANDENSE DE SANEAMENTO";"CORSAN";;"";"RS";"SUPERINTENDENCIA REGIONAL PLANALTO SURPLA";"92802784036380.0";"2014/05/15 11:29:00.000";"Sim";"Não";"92802784000190.0";"6540"
"Sim";"11856.0";;"";"S411760000001";"";"";"";"SUL";;"PALMAS UT1881";"";"07 RS - PATO BRANCO";"2014/03/19 00:00:00.000";"SAA";"411760";"";"Sim";"PALMAS";"2014";"";"";"";"";"Regional";"COMPANHIA DE SANEAMENTO DO PARANA";"SANEPAR";;"";"PR";"UR PATO BRANCO";"76484013000145.0";"2014/05/15 11:34:06.000";"Sim";"Não";"76484013000145.0";"42207"
"Não";"371.0";;"";"S410480000002";"";"";"";"SUL";;"JUVINOPOLIS UT5851";"";"10 RS - CASCAVEL";"2014/03/19 00:00:00.000";"SAA";"410480";"";"Sim";"CASCAVEL";"2014";"";"";"";"";"Regional";"COMPANHIA DE SANEAMENTO DO PARANA";"SANEPAR";;"";"PR";"UR CASCAVEL";"76484013000145.0";"2014/06/10 12:20:27.000";"Não";"Sim";"76484013000145.0";"1150"
"Sim";"580.0";;"";"S522005000001";"";"";"";"CENTRO-OESTE";"0.0";"ETA SAO JOAO";"";"REGIONAL OESTE II";"2014/01/20 00:00:00.000";"SAA";"522005";"";"Sim";"SAO JOAO DA PARAUNA";"2014";"";"";"";"";"Regional";"SANEAMENTO DE GOIAS SA";"SANEAGO";;"";"GO";"GRS PALMEIRAS";"1616929000102.0";"2014/06/10 13:07:28.000";"Sim";"Não";"1616929000102.0";"1607"
"Não";"724.0";;"";"S411065000001";"";"";"";"SUL";;"IRACEMA DO OESTE UT3311";"";"10 RS - CASCAVEL";"2014/03/19 00:00:00.000";"SAA";"411065";"";"Sim";"IRACEMA DO OESTE";"2014";"";"";"";"";"Regional";"COMPANHIA DE SANEAMENTO DO PARANA";"SANEPAR";;"";"PR";"UR TOLEDO";"76484013000145.0";"2014/06/10 15:12:05.000";"Não";"Sim";"76484013000145.0";"2186"
"Não";"313.0";;"";"S412800000002";"";"";"";"SUL";;"YOLANDA UT5441";"";"11 RS - CAMPO MOURAO";"2014/03/19 00:00:00.000";"SAA";"412800";"";"Sim";"UBIRATA";"2014";"";"";"";"";"Regional";"COMPANHIA DE SANEAMENTO DO PARANA";"SANEPAR";;"";"PR";"SANEPAR";"76484013000145.0";"2014/06/17 14:44:13.000";"Não";"Sim";"76484013000145.0";"948"
"Não";;;"";"S352480000001";"";"";"";"SUDESTE";;"UTA JALES";"";"GVS XXX - JALES";"2014/02/17 00:00:00.000";"SAA";"354765";"";"Sim";"SANTA SALETE";"2014";"";"";"";"";"Regional";"COMPANHIA DE SANEAMENTO BASICO DO ESTADO DE SAO PAULO";"SABESP";;"";"SP";"JALES SABESP";"18521342000112.0";"2014/06/24 09:34:59.000";"Não";"Sim";"43776517000180.0";"0"
"Sim";"750.0";;"";"S521580000001";"";"";"";"CENTRO-OESTE";;"ETA PALMELO";"";"REGIONAL ESTRADA DE FERRO";"2014/01/21 00:00:00.000";"SAA";"521580";"";"Sim";"PALMELO";"2014";"";"";"";"";"Regional";"SANEAMENTO DE GOIAS SA";"SANEAGO";;"";"GO";"GRS OUVIDOR";"1616929000102.0";"2014/06/26 09:37:33.000";"Sim";"Não";"1616929000102.0";"2183"
"Não";"316.0";;"";"S420540000004";"";"";"";"SUL";"0.0";"MONTE VERDE";"";"18ª REGIONAL DE SAÚDE- GRANDE FLORIANÓPOLIS";"2014/03/18 00:00:00.000";"SAA";"420540";"";"Sim";"FLORIANOPOLIS";"2014";"";"";"";"";"Regional";"COMPANHIA CATARINENSE DE AGUAS E SANEAMENTO";"CASAN";;"";"SC";"SUPERINTENDENCIA REGIONAL METROPOLITANA DA GRANDE FLORIANOPOLIS";"82508433000460.0";"2014/06/30 10:16:27.000";"Sim";"Não";"82508433000117.0";"897"
"Não";"4074.0";;"";"S410060000001";"";"";"";"SUL";;"ALTO PARANA UT0361";"";"14 RS - PARANAVAI";"2014/03/19 00:00:00.000";"SAA";"410060";"";"Sim";"ALTO PARANA";"2014";"";"";"";"";"Regional";"COMPANHIA DE SANEAMENTO DO PARANA";"SANEPAR";;"";"PR";"UR PARANAVAI";"76484013000145.0";"2014/06/30 10:32:21.000";"Não";"Sim";"76484013000145.0";"12874"
"Não";"1414.0";;"";"S410090000001";"";"";"";"SUL";;"AMAPORA UT0391";"";"14 RS - PARANAVAI";"2014/03/19 00:00:00.000";"SAA";"410090";"";"Sim";"AMAPORA";"2014";"";"";"";"";"Regional";"COMPANHIA DE SANEAMENTO DO PARANA";"SANEPAR";;"";"PR";"UR PARANAVAI";"76484013000145.0";"2014/06/30 10:43:10.000";"Não";"Sim";"76484013000145.0";"4680"
"Não";"1000.0";;"";"S410670000001";"";"";"";"SUL";"157.0";"CRUZEIRO DO SUL UT0871";"";"14 RS - PARANAVAI";"2014/03/19 00:00:00.000";"SAA";"410670";"";"Sim";"CRUZEIRO DO SUL";"2014";"";"";"";"";"Regional";"COMPANHIA DE SANEAMENTO DO PARANA";"SANEPAR";;"";"PR";"UR PARANAVAI";"76484013000145.0";"2014/06/30 10:47:48.000";"Não";"Sim";"76484013000145.0";"3170"
"Não";"1868.0";;"";"S410890000001";"";"";"";"SUL";;"GUAIRACA UT1081";"";"14 RS - PARANAVAI";"2014/03/19 00:00:00.000";"SAA";"410890";"";"Sim";"GUAIRACA";"2014";"";"";"";"";"Regional";"COMPANHIA DE SANEAMENTO DO PARANA";"SANEPAR";;"";"PR";"UR PARANAVAI";"76484013000145.0";"2014/06/30 10:57:02.000";"Não";"Sim";"76484013000145.0";"5847"
"Não";"316.0";;"";"S420540000006";"";"";"";"SUL";"0.0";"RIO TAVARES";"";"18ª REGIONAL DE SAÚDE- GRANDE FLORIANÓPOLIS";"2014/03/18 00:00:00.000";"SAA";"420540";"";"Sim";"FLORIANOPOLIS";"2014";"";"";"";"";"Regional";"COMPANHIA CATARINENSE DE AGUAS E SANEAMENTO";"CASAN";;"";"SC";"SUPERINTENDENCIA REGIONAL METROPOLITANA DA GRANDE FLORIANOPOLIS";"82508433000460.0";"2014/06/30 12:12:41.000";"Sim";"Não";"82508433000117.0";"897"
"Não";"580.0";;"";"S355530000001";"";"";"";"SUDESTE";"0.0";"UTA TURMALINA";"";"GVS XXX - JALES";"2014/02/17 00:00:00.000";"SAA";"355530";"";"Sim";"TURMALINA";"2014";"";"";"";"";"Regional";"COMPANHIA DE SANEAMENTO BASICO DO ESTADO DE SAO PAULO";"SABESP";;"";"SP";"TURMALINA SABESP";"43776517026227.0";"2014/06/30 13:42:10.000";"Não";"Sim";"43776517000180.0";"1601"
"Não";"740.0";;"";"S351420000001";"";"";"";"SUDESTE";"818.0";"UTA DOLCINOPOLIS";"";"GVS XXX - JALES";"2014/06/30 00:00:00.000";"SAA";"351420";"";"Sim";"DOLCINOPOLIS";"2014";"";"";"";"";"Regional";"COMPANHIA DE SANEAMENTO BASICO DO ESTADO DE SAO PAULO";"SABESP";;"";"SP";"DOLCINOPOLIS SABESP";"43776517054000.0";"2014/06/30 13:10:43.000";"Não";"Sim";"43776517000180.0";"2124"
"Sim";"600.0";;"";"S280390000001";"";"";"";"NORDESTE";;"ETA MALHADOR";"";"ITABAIANA";"2014/07/09 00:00:00.000";"SAA";"280390";"";"Sim";"MALHADOR";"2014";"";"";"";"";"Regional";"COMPANHIA DE SANEAMENTO DE SERGIPE";"DESO";;"";"SE";"DESO MALHADOR";"13018171000190.0";"2014/07/09 12:28:31.000";"Sim";"Não";"13018171000190.0";"2028"
"Não";"200.0";;"";"S354425000001";"";"";"";"SUDESTE";;"ROSANA 138";"";"GVS XXII -PRESIDENTE VENCESLAU";"2014/07/31 00:00:00.000";"SAA";"354425";"";"Sim";"ROSANA";"2014";"";"";"";"";"Regional";"COMPANHIA DE SANEAMENTO BASICO DO ESTADO DE SAO PAULO";"SABESP";;"";"SP";"ROSANA SABESP";"43776517068060.0";"2014/07/31 08:23:55.000";"Não";"Sim";"43776517000180.0";"640"
"Sim";"300.0";;"";"S330620000006";"";"";"";"SUDESTE";;"FERREIROS";"";"CENTRO SUL FLUMINENSE";"2014/07/31 00:00:00.000";"SAA";"330620";"";"Sim";"VASSOURAS";"2014";"";"";"";"";"Regional";"COMPANHIA ESTADUAL DE AGUAS E ESGOTOS";"CEDAE";;"";"RJ";"MEDIO PARAIBA";"33352394000104.0";"2014/07/31 08:54:33.000";"Sim";"Não";"33352394000104.0";"927"
"Não";"3290.0";;"";"S430080000001";"";"";"";"SUL";"376.0";"ANTONIO PRADO";"";"5ª CRS";"2014/07/31 00:00:00.000";"SAA";"430080";"";"Sim";"ANTONIO PRADO";"2014";"";"";"";"";"Regional";"COMPANHIA RIOGRANDENSE DE SANEAMENTO";"CORSAN";;"";"RS";"SUPERINTENDENCIA REGIONAL NORDESTE SURNE";"92802784036895.0";"2014/07/31 08:37:24.000";"Não";"Sim";"92802784000190.0";"9936"
"Não";"1005.0";;"";"S230750000003";"";"";"";"NORDESTE";"26.0";"SISTEMA AMANIUTUBA";"";"17 REGIONAL DE SAUDE ICO";"2014/07/31 00:00:00.000";"SAA";"230750";"";"Sim";"LAVRAS DA MANGABEIRA";"2014";"";"";"";"";"Regional";"COMPANHIA DE AGUA E ESGOTO DO CEARA";"CAGECE";;"";"CE";"UNIDADE DE NEGOCIO DA BACIA DO SALGADO UNBSA";"7040108000157.0";"2014/07/31 09:33:45.000";"Sim";"Não";"7040108000157.0";"3608"
"Sim";"3254.0";;"";"S260790000005";"";"";"";"NORDESTE";"0.0";"MURIBEQUINHA";"";"I REGIONAL DE SAUDE";"2014/07/18 00:00:00.000";"SAA";"260790";"";"Sim";"JABOATAO DOS GUARARAPES";"2014";"";"";"";"";"Regional";"COMPANHIA PERNAMBUCANA DE SANEAMENTO";"COMPESA";;"";"PE";"GERENCIA REGIONAL SUL";"9769035000164.0";"2014/08/07 11:08:24.000";"Sim";"Não";"9769035000164.0";"10641"
"Não";"385.0";;"";"S520870000005";"";"";"";"CENTRO-OESTE";"0.0";"SISTEMA INDEPENDENTE IRISVILLE";"";"REGIONAL CENTRAL";"2014/03/28 00:00:00.000";"SAA";"520870";"";"Sim";"GOIANIA";"2014";"";"";"";"";"Regional";"SANEAMENTO DE GOIAS SA";"SANEAGO";;"";"GO";"PGPO GOIANIA";"1616929000102.0";"2014/08/08 11:06:10.000";"Não";"Sim";"1616929000102.0";"1182"
"Sim";"278.0";;"";"S291360000002";"";"";"";"NORDESTE";"0.0";"SAA DE BANCO CENTRAL";"";"06 DIRES / ILHEUS / NUCLEO SUL";"2014/07/09 00:00:00.000";"SAA";"291360";"";"Sim";"ILHEUS";"2014";"";"";"";"";"Regional";"EMPRESA BAIANA DE AGUAS E SANEAMENTO SA";"EMBASA";;"";"BA";"USI ITABUNA";"13504675000110.0";"2014/08/12 07:10:39.000";"Sim";"Não";"13504675000110.0";"912"
"Sim";"5436.0";;"";"S293220000001";"";"";"";"NORDESTE";"0.0";"SIAA DE AURELINO LEAL - UBAITABA";"";"07 DIRES / ITABUNA / NUCLEO SUL";"2014/07/09 00:00:00.000";"SAA";"293220";"";"Sim";"UBAITABA";"2014";"";"";"";"";"Regional";"EMPRESA BAIANA DE AGUAS E SANEAMENTO SA";"EMBASA";;"";"BA";"USI ITABUNA";"13504675000110.0";"2014/08/12 07:24:39.000";"Sim";"Não";"13504675000110.0";"18591"
"Sim";"4052.0";;"";"S293250000002";"";"";"";"NORDESTE";"0.0";"SAA DE UNA";"";"06 DIRES / ILHEUS / NUCLEO SUL";"2014/07/11 00:00:00.000";"SAA";"293250";"";"Sim";"UNA";"2014";"";"";"";"";"Regional";"EMPRESA BAIANA DE AGUAS E SANEAMENTO SA";"EMBASA";;"";"BA";"USI ITABUNA";"13504675000110.0";"2014/08/12 12:45:49.000";"Sim";"Não";"13504675000110.0";"13453"
"Sim";"3544.0";;"";"S430190000001";"";"";"";"SUL";"0.0";"BARRA DO RIBEIRO";"";"1ª CRS";"2014/03/27 00:00:00.000";"SAA";"430190";"";"Sim";"BARRA DO RIBEIRO";"2014";"";"";"";"";"Regional";"COMPANHIA RIOGRANDENSE DE SANEAMENTO";"CORSAN";;"";"RS";"SUPERINTENDENCIA REGIONAL METROPOLITANA SURMET";"92802784036976.0";"2014/03/27 08:37:39.000";"Sim";"Sim";"92802784000190.0";"10419"
"Sim";"1313.0";;"";"S430200000001";"";"";"";"SUL";"0.0";"BARROS CASSAL";"";"6ª CRS";"2014/03/27 00:00:00.000";"SAA";"430200";"";"Sim";"BARROS CASSAL";"2014";"";"";"";"";"Regional";"COMPANHIA RIOGRANDENSE DE SANEAMENTO";"CORSAN";;"";"RS";"SUPERINTENDENCIA REGIONAL CENTRAL SURCEN";"92802784036208.0";"2014/03/27 08:51:08.000";"Sim";"Não";"92802784000190.0";"4044"
"Sim";"1695.0";;"";"S430220000001";"";"";"";"SUL";;"BOA VISTA DO BURICÁ";"";"14ª CRS";"2014/03/27 00:00:00.000";"SAA";"430220";"";"Sim";"BOA VISTA DO BURICA";"2014";"";"";"";"";"Regional";"COMPANHIA RIOGRANDENSE DE SANEAMENTO";"CORSAN";;"";"RS";"SUPERINTENDENCIA REGIONAL MISSOES SURMIS";"92802784036623.0";"2014/03/27 09:20:16.000";"Sim";"Não";"92802784000190.0";"4949"
"Sim";"3573.0";;"";"S430240000001";"";"";"";"SUL";;"BOM RETIRO DO SUL";"";"16ª CRS";"2014/03/27 00:00:00.000";"SAA";"430240";"";"Sim";"BOM RETIRO DO SUL";"2014";"";"";"";"";"Regional";"COMPANHIA RIOGRANDENSE DE SANEAMENTO";"CORSAN";;"";"RS";"SUPERINTENDENCIA REGIONAL NORDESTE SURNE";"92802784036895.0";"2014/03/27 09:47:52.000";"Sim";"Sim";"92802784000190.0";"10112"
"Sim";"984.0";;"";"S430030000001";"";"";"";"SUL";"0.0";"ALECRIM";"";"14ª CRS";"2014/03/27 00:00:00.000";"SAA";"430030";"";"Sim";"ALECRIM";"2014";"";"";"";"";"Regional";"COMPANHIA RIOGRANDENSE DE SANEAMENTO";"CORSAN";;"";"RS";"SUPERINTENDENCIA REGIONAL MISSOES SURMIS";"92802784036623.0";"2014/03/27 10:12:19.000";"Sim";"Não";"92802784000190.0";"2804"
"Sim";"2764.0";;"";"S431395000001";"";"";"";"SUL";;"PANTANO GRANDE";"";"13ª CRS";"2014/03/27 00:00:00.000";"SAA";"431395";"";"Sim";"PANTANO GRANDE";"2014";"";"";"";"";"Regional";"COMPANHIA RIOGRANDENSE DE SANEAMENTO";"CORSAN";;"";"RS";"SUPERINTENDENCIA REGIONAL CENTRAL SURCEN";"92802784036208.0";"2014/03/27 11:12:14.000";"Sim";"Não";"92802784000190.0";"8071"
"Sim";"8293.0";;"";"S431405000001";"";"";"";"SUL";"0.0";"PAROBÉ";"";"1ª CRS";"2014/03/27 00:00:00.000";"SAA";"431405";"";"Sim";"PAROBE";"2014";"";"";"";"";"Regional";"COMPANHIA RIOGRANDENSE DE SANEAMENTO";"CORSAN";;"";"RS";"SUPERINTENDENCIA REGIONAL SINOS SURSIN";"92802784031150.0";"2014/03/27 11:35:57.000";"Sim";"Não";"92802784000190.0";"25377"
"Sim";"4321.0";;"";"S431405000001";"";"";"";"SUL";"0.0";"PAROBÉ";"";"1ª CRS";"2014/03/27 00:00:00.000";"SAA";"431010";"";"Sim";"IGREJINHA";"2014";"";"";"";"";"Regional";"COMPANHIA RIOGRANDENSE DE SANEAMENTO";"CORSAN";;"";"RS";"SUPERINTENDENCIA REGIONAL SINOS SURSIN";"92802784031150.0";"2014/03/27 11:35:57.000";"Sim";"Não";"92802784000190.0";"12877"
"Sim";"7777.0";;"";"S421280000001";"";"";"";"SUL";"3844.0";"SISTEMA INTEGRADO DE ABASTECIMENTO DE ÁGUA DE PIÇARRAS/PENHA";"";"17ª REGIONAL DE SAÚDE- ITAJAÍ";"2014/02/20 00:00:00.000";"SAA";"421250";"";"Sim";"PENHA";"2014";"";"";"";"";"Regional";"COMPANHIA CATARINENSE DE AGUAS E SANEAMENTO";"CASAN";;"";"SC";"SUPERINTENDENCIA REGIONAL METROPOLITANA DA GRANDE FLORIANOPOLIS";"82508433000460.0";"2014/03/27 11:23:35.000";"Sim";"Não";"82508433000117.0";"24186"
"Sim";"64142.0";;"";"S431410000001";"";"";"";"SUL";;"PASSO FUNDO";"";"6ª CRS";"2014/03/27 00:00:00.000";"SAA";"431410";"";"Sim";"PASSO FUNDO";"2014";"";"";"";"";"Regional";"COMPANHIA RIOGRANDENSE DE SANEAMENTO";"CORSAN";;"";"RS";"SUPERINTENDENCIA REGIONAL PLANALTO SURPLA";"92802784036380.0";"2014/03/27 11:45:22.000";"Sim";"Não";"92802784000190.0";"190502"
"Não";"1571.0";;"";"S430020000001";"";"";"";"SUL";"0.0";"AJURICABA";"";"17ª CRS";"2014/03/28 00:00:00.000";"SAA";"430020";"";"Sim";"AJURICABA";"2014";"";"";"";"";"Regional";"COMPANHIA RIOGRANDENSE DE SANEAMENTO";"CORSAN";;"";"RS";"SUPERINTENDENCIA REGIONAL MISSOES SURMIS";"92802784036623.0";"2014/03/28 09:26:21.000";"Não";"Sim";"92802784000190.0";"4619"
"Não";"2077.0";;"";"S431175000001";"";"";"";"SUL";"0.0";"MANOEL VIANA";"";"10ª CRS";"2014/04/07 00:00:00.000";"SAA";"431175";"";"Sim";"MANOEL VIANA";"2014";"";"";"";"";"Regional";"COMPANHIA RIOGRANDENSE DE SANEAMENTO";"CORSAN";;"";"RS";"SUPERINTENDENCIA REGIONAL FRONTEIRA SURFRO";"92802784036542.0";"2014/04/07 09:18:50.000";"Não";"Sim";"92802784000190.0";"5857"
"Sim";"1549.0";;"";"S280760000001";"";"";"";"NORDESTE";"0.0";"ETA UMBAUBA";"";"ESTANCIA";"2014/01/02 00:00:00.000";"SAA";"280760";"";"Sim";"UMBAUBA";"2014";"";"";"";"";"Regional";"COMPANHIA DE SANEAMENTO DE SERGIPE";"DESO";;"";"SE";"DESO UMBAUBA";"13018171000190.0";"2014/04/07 09:52:36.000";"Sim";"Não";"13018171000190.0";"5638"
"Sim";"943.0";;"";"S280510000001";"";"";"";"NORDESTE";;"ETA PEDRINHAS";"";"ESTANCIA";"2014/01/02 00:00:00.000";"SAA";"280510";"";"Sim";"PEDRINHAS";"2014";"";"";"";"";"Regional";"COMPANHIA DE SANEAMENTO DE SERGIPE";"DESO";;"";"SE";"DESO PEDRINHAS";"13018171000190.0";"2014/04/07 09:58:51.000";"Sim";"Não";"13018171000190.0";"3461"
"Sim";"3119.0";;"";"S280320000001";"";"";"";"NORDESTE";"0.0";"ETA ITAPORANGA";"";"ARACAJU";"2014/01/02 00:00:00.000";"SAA";"280320";"";"Sim";"ITAPORANGA D'AJUDA";"2014";"";"";"";"";"Regional";"COMPANHIA DE SANEAMENTO DE SERGIPE";"DESO";;"";"SE";"DESO ITAPORANGA";"13018171000190.0";"2014/04/07 10:15:00.000";"Sim";"Não";"13018171000190.0";"11384"
"Sim";"1488.0";;"";"S431910000001";"";"";"";"SUL";"0.0";"SÃO MARTINHO";"";"17ª CRS";"2014/04/07 00:00:00.000";"SAA";"431910";"";"Sim";"SAO MARTINHO";"2014";"";"";"";"";"Regional";"COMPANHIA RIOGRANDENSE DE SANEAMENTO";"CORSAN";;"";"RS";"SUPERINTENDENCIA REGIONAL MISSOES SURMIS";"92802784036623.0";"2014/04/07 17:03:45.000";"Sim";"Sim";"92802784000190.0";"4152"
"Sim";"5674.0";;"";"S432170000001";"";"";"";"SUL";"0.0";"TRÊS COROAS";"";"1ª CRS";"2014/04/08 00:00:00.000";"SAA";"432170";"";"Sim";"TRES COROAS";"2014";"";"";"";"";"Regional";"COMPANHIA RIOGRANDENSE DE SANEAMENTO";"CORSAN";;"";"RS";"SUPERINTENDENCIA REGIONAL SINOS SURSIN";"92802784031150.0";"2014/04/08 13:49:33.000";"Sim";"Sim";"92802784000190.0";"17079"
"Não";"1097.0";;"";"S431310000001";"";"";"";"SUL";;"NOVA PALMA";"";"4ª CRS";"2014/04/09 00:00:00.000";"SAA";"431310";"";"Sim";"NOVA PALMA";"2014";"";"";"";"";"Regional";"COMPANHIA RIOGRANDENSE DE SANEAMENTO";"CORSAN";;"";"RS";"SUPERINTENDENCIA REGIONAL CENTRAL SURCEN";"92802784036208.0";"2014/04/09 08:57:58.000";"Não";"Sim";"92802784000190.0";"3653"
"Sim";"12910.0";;"";"S431390000001";"";"";"";"SUL";"0.0";"PANAMBI";"";"17ª CRS";"2014/04/10 00:00:00.000";"SAA";"431390";"";"Sim";"PANAMBI";"2014";"";"";"";"";"Regional";"COMPANHIA RIOGRANDENSE DE SANEAMENTO";"CORSAN";;"";"RS";"SUPERINTENDENCIA REGIONAL MISSOES SURMIS";"92802784036623.0";"2014/04/10 08:40:09.000";"Sim";"Sim";"92802784000190.0";"37697"
"Não";"4137.0";;"";"S280360000001";"";"";"";"NORDESTE";"0.0";"ETA LARANJEIRAS";"";"ARACAJU";"2014/01/02 00:00:00.000";"SAA";"280360";"";"Sim";"LARANJEIRAS";"2014";"";"";"";"";"Regional";"COMPANHIA DE SANEAMENTO DE SERGIPE";"DESO";;"";"SE";"DESO LARANJEIRAS";"13018171000190.0";"2014/04/10 09:54:59.000";"Não";"Sim";"13018171000190.0";"16134"
"Sim";"1908.0";;"";"S280590000001";"";"";"";"NORDESTE";"0.0";"ETA RIACHUELO";"";"ARACAJU";"2014/01/02 00:00:00.000";"SAA";"280590";"";"Sim";"RIACHUELO";"2014";"";"";"";"";"Regional";"COMPANHIA DE SANEAMENTO DE SERGIPE";"DESO";;"";"SE";"DESO RIACHUELO";"13018171000190.0";"2014/04/10 10:12:34.000";"Sim";"Não";"13018171000190.0";"7308"
"Sim";"775.0";;"";"S280240000001";"";"";"";"NORDESTE";"0.0";"ETA GARARU";"";"NOSSA SENHORA DA GLORIA";"2014/01/02 00:00:00.000";"SAA";"280240";"";"Sim";"GARARU";"2014";"";"";"";"";"Regional";"COMPANHIA DE SANEAMENTO DE SERGIPE";"DESO";;"";"SE";"DESO GARARU";"13018171000190.0";"2014/04/10 11:22:18.000";"Sim";"Não";"13018171000190.0";"2720"
"Não";"605.0";;"";"S431862000001";"";"";"";"SUL";;"SÃO JOSÉ DOS AUSENTES";"";"5ª CRS";"2014/04/24 00:00:00.000";"SAA";"431862";"";"Sim";"SAO JOSE DOS AUSENTES";"2014";"";"";"";"";"Regional";"COMPANHIA RIOGRANDENSE DE SANEAMENTO";"CORSAN";;"";"RS";"SUPERINTENDENCIA REGIONAL NORDESTE SURNE";"92802784036895.0";"2014/04/24 14:49:42.000";"Não";"Sim";"92802784000190.0";"1815"
"Não";"102.0";;"";"S290570000006";"";"";"";"NORDESTE";"0.0";"SIAA JORDAO";"";"01 DIRES / SALVADOR / RMS / NUCLEO LESTE";"2014/02/10 00:00:00.000";"SAA";"291005";"";"Sim";"DIAS D'AVILA";"2014";"";"";"";"";"Regional";"EMPRESA BAIANA DE AGUAS E SANEAMENTO SA";"EMBASA";;"";"BA";"UMC CAMACARI";"13504675000110.0";"2014/04/28 11:26:40.000";"Não";"Sim";"13504675000110.0";"340"
"Não";"2346.0";;"";"S431980000001";"";"";"";"SUL";;"SÃO VICENTE DO SUL";"";"4ª CRS";"2014/04/30 00:00:00.000";"SAA";"431980";"";"Sim";"SAO VICENTE DO SUL";"2014";"";"";"";"";"Regional";"COMPANHIA RIOGRANDENSE DE SANEAMENTO";"CORSAN";;"";"RS";"SUPERINTENDENCIA REGIONAL PAMPA SURPA";"92802784005744.0";"2014/04/30 08:40:37.000";"Não";"Sim";"92802784000190.0";"6921"
"Não";"948.0";;"";"S430720000001";"";"";"";"SUL";"0.0";"ERVAL GRANDE";"";"11ª CRS";"2014/04/30 00:00:00.000";"SAA";"430720";"";"Sim";"ERVAL GRANDE";"2014";"";"";"";"";"Regional";"COMPANHIA RIOGRANDENSE DE SANEAMENTO";"CORSAN";;"";"RS";"SUPERINTENDENCIA REGIONAL PLANALTO SURPLA";"92802784036380.0";"2014/04/30 10:38:46.000";"Não";"Sim";"92802784000190.0";"2958"
"Não";"517.0";;"";"S432060000001";"";"";"";"SUL";"0.0";"SEVERIANO DE ALMEIDA";"";"11ª CRS";"2014/05/02 00:00:00.000";"SAA";"432060";"";"Sim";"SEVERIANO DE ALMEIDA";"2014";"";"";"";"";"Regional";"COMPANHIA RIOGRANDENSE DE SANEAMENTO";"CORSAN";;"";"RS";"SUPERINTENDENCIA REGIONAL PLANALTO SURPLA";"92802784036380.0";"2014/05/02 09:13:52.000";"Não";"Sim";"92802784000190.0";"1567"
"Não";"68.0";;"";"S421003000003";"";"";"";"SUL";"0.0";"SAA DO DISTRITO DE VILA KENNEDY";"";"7ª REGIONAÇ DE SAÚDE- JOAÇABA";"2014/02/26 00:00:00.000";"SAA";"421003";"";"Sim";"LUZERNA";"2014";"";"";"";"";"Regional";"SERVICO INTERMUNICIPAL DE AGUA E ESGOTO JOACABA";"SIMAE";;"";"SC";"SERVICO INTERMUNICIPAL DE AGUA E ESGOTO SIMAE";"84591890000143.0";"2014/04/15 07:52:32.000";"Não";"Sim";"84591890000143.0";"199"
"Não";"1900.0";;"";"S430950000001";"";"";"";"SUL";;"GUARANI DAS MISSÕES";"";"12ª CRS";"2014/05/05 00:00:00.000";"SAA";"430950";"";"Sim";"GUARANI DAS MISSOES";"2014";"";"";"";"";"Regional";"COMPANHIA RIOGRANDENSE DE SANEAMENTO";"CORSAN";;"";"RS";"SUPERINTENDENCIA REGIONAL MISSOES SURMIS";"92802784036623.0";"2014/05/05 10:32:11.000";"Não";"Sim";"92802784000190.0";"5681"
"Não";"104.0";;"";"S411930000004";"";"";"";"SUL";;"NOVA DIVINEIA";"";"05 RS - GUARAPUAVA";"2014/03/19 00:00:00.000";"SAA";"411930";"";"Sim";"PINHAO";"2014";"";"";"";"";"Regional";"COMPANHIA DE SANEAMENTO DO PARANA";"SANEPAR";;"";"PR";"UR GUARAPUAVA";"76484013000145.0";"2014/05/09 12:26:33.000";"Não";"Sim";"76484013000145.0";"366"
"Sim";"7919.0";;"";"S412060000001";"";"";"";"SUL";;"PRUDENTOPOLIS UT2141";"";"05 RS - GUARAPUAVA";"2014/03/19 00:00:00.000";"SAA";"412060";"";"Sim";"PRUDENTOPOLIS";"2014";"";"";"";"";"Regional";"COMPANHIA DE SANEAMENTO DO PARANA";"SANEPAR";;"";"PR";"UR PONTA GROSSA";"76484013000145.0";"2014/05/09 12:43:41.000";"Sim";"Não";"76484013000145.0";"26054"
"Sim";"1815.0";;"";"S412796000001";"";"";"";"SUL";;"TURVO UT3101";"";"05 RS - GUARAPUAVA";"2014/03/19 00:00:00.000";"SAA";"412796";"";"Sim";"TURVO";"2014";"";"";"";"";"Regional";"COMPANHIA DE SANEAMENTO DO PARANA";"SANEPAR";;"";"PR";"UR GUARAPUAVA";"76484013000145.0";"2014/05/09 12:50:42.000";"Sim";"Sim";"76484013000145.0";"6117"
"Não";"492.0";;"";"S410130000001";"";"";"";"SUL";;"ANTONIO OLINTO UT0421";"";"06 RS - UNIAO DA VITORIA";"2014/03/19 00:00:00.000";"SAA";"410130";"";"Sim";"ANTONIO OLINTO";"2014";"";"";"";"";"Regional";"COMPANHIA DE SANEAMENTO DO PARANA";"SANEPAR";;"";"PR";"UR UNIAO DA VITORIA";"76484013000145.0";"2014/05/09 13:15:31.000";"Não";"Sim";"76484013000145.0";"1486"
"Sim";"44.0";;"";"S410680000001";"";"";"";"SUL";;"NOVA CONCORDIA UT6441";"";"06 RS - UNIAO DA VITORIA";"2014/03/19 00:00:00.000";"SAA";"410680";"";"Sim";"CRUZ MACHADO";"2014";"";"";"";"";"Regional";"COMPANHIA DE SANEAMENTO DO PARANA";"SANEPAR";;"";"PR";"UR UNIAO DA VITORIA";"76484013000145.0";"2014/05/09 14:29:31.000";"Não";"Sim";"76484013000145.0";"154"
"Não";"91.0";;"";"S410680000002";"";"";"";"SUL";;"SANTANA UT6451";"";"06 RS - UNIAO DA VITORIA";"2014/03/19 00:00:00.000";"SAA";"410680";"";"Sim";"CRUZ MACHADO";"2014";"";"";"";"";"Regional";"COMPANHIA DE SANEAMENTO DO PARANA";"SANEPAR";;"";"PR";"UR UNIAO DA VITORIA";"76484013000145.0";"2014/05/09 14:41:28.000";"Não";"Sim";"76484013000145.0";"318"
"Sim";"62.0";;"";"S410850000001";"";"";"";"SUL";;"JANGADA DO SUL UT6741";"";"06 RS - UNIAO DA VITORIA";"2014/03/19 00:00:00.000";"SAA";"410850";"";"Sim";"GENERAL CARNEIRO";"2014";"";"";"";"";"Regional";"COMPANHIA DE SANEAMENTO DO PARANA";"SANEPAR";;"";"PR";"UR UNIAO DA VITORIA";"76484013000145.0";"2014/05/09 14:52:39.000";"Não";"Sim";"76484013000145.0";"221"
"Sim";"1049.0";;"";"S430467000001";"";"";"";"SUL";;"CAPIVARI DO SUL";"";"18ª CRS";"2014/05/14 00:00:00.000";"SAA";"430467";"";"Sim";"CAPIVARI DO SUL";"2014";"";"";"";"";"Regional";"COMPANHIA RIOGRANDENSE DE SANEAMENTO";"CORSAN";;"";"RS";"SUPERINTENDENCIA REGIONAL LITORAL SURLIT";"92802784036704.0";"2014/05/14 14:14:38.000";"Não";"Sim";"92802784000190.0";"3178"
"Sim";"1780.0";;"";"S430605000001";"";"";"";"SUL";;"CRISTAL";"";"1ª CRS";"2014/05/14 00:00:00.000";"SAA";"430605";"";"Sim";"CRISTAL";"2014";"";"";"";"";"Regional";"COMPANHIA RIOGRANDENSE DE SANEAMENTO";"CORSAN";;"";"RS";"SUPERINTENDENCIA REGIONAL SUL SURSUL";"92802784036461.0";"2014/05/14 14:40:24.000";"Não";"Sim";"92802784000190.0";"5500"
"Não";"564.0";;"";"S431171000001";"";"";"";"SUL";;"MAÇAMBARÁ";"";"10ª CRS";"2014/05/14 00:00:00.000";"SAA";"431171";"";"Sim";"MACAMBARA";"2014";"";"";"";"";"Regional";"COMPANHIA RIOGRANDENSE DE SANEAMENTO";"CORSAN";;"";"RS";"SUPERINTENDENCIA REGIONAL FRONTEIRA SURFRO";"92802784036542.0";"2014/05/14 16:37:08.000";"Não";"Sim";"92802784000190.0";"1788"
"Não";"550.0";;"";"S431205000001";"";"";"";"SUL";;"MARQUES DE SOUZA";"";"16ª CRS";"2014/05/14 00:00:00.000";"SAA";"431205";"";"Sim";"MARQUES DE SOUZA";"2014";"";"";"";"";"Regional";"COMPANHIA RIOGRANDENSE DE SANEAMENTO";"CORSAN";;"";"RS";"SUPERINTENDENCIA REGIONAL NORDESTE SURNE";"92802784036895.0";"2014/05/14 16:59:46.000";"Não";"Sim";"92802784000190.0";"1557"
"Não";"154.0";;"";"S411520000002";"";"";"";"SUL";;"SAO DOMINGOS UT8071";"";"15 RS - MARINGA";"2014/03/19 00:00:00.000";"SAA";"411520";"";"Sim";"MARINGA";"2014";"";"";"";"";"Regional";"COMPANHIA DE SANEAMENTO DO PARANA";"SANEPAR";;"";"PR";"UR MARINGA";"76484013000145.0";"2014/05/28 14:22:59.000";"Não";"Sim";"76484013000145.0";"468"
"Não";"1333.0";;"";"S411750000001";"";"";"";"SUL";;"PAICANDU UT1871";"";"15 RS - MARINGA";"2014/03/19 00:00:00.000";"SAA";"411750";"";"Sim";"PAICANDU";"2014";"";"";"";"";"Regional";"COMPANHIA DE SANEAMENTO DO PARANA";"SANEPAR";;"";"PR";"UR MARINGA";"76484013000145.0";"2014/05/28 15:05:53.000";"Não";"Sim";"76484013000145.0";"4252"
"Não";"442.0";;"";"S411750000002";"";"";"";"SUL";;"AGUA BOA UT4801";"";"15 RS - MARINGA";"2014/03/19 00:00:00.000";"SAA";"411750";"";"Sim";"PAICANDU";"2014";"";"";"";"";"Regional";"COMPANHIA DE SANEAMENTO DO PARANA";"SANEPAR";;"";"PR";"UR MARINGA";"76484013000145.0";"2014/05/28 15:20:04.000";"Não";"Sim";"76484013000145.0";"1410"
"Não";"223.0";;"";"S411095000004";"";"";"";"SUL";;"SANTA INES UT9041";"";"09 RS - FOZ DO IGUACU";"2014/03/19 00:00:00.000";"SAA";"411095";"";"Sim";"ITAIPULANDIA";"2014";"";"";"";"";"Regional";"COMPANHIA DE SANEAMENTO DO PARANA";"SANEPAR";;"";"PR";"UR FOZ DO IGUACU";"76484013000145.0";"2014/05/29 11:07:38.000";"Não";"Sim";"76484013000145.0";"700"
"Não";"319.0";;"";"S411095000005";"";"";"";"SUL";;"SAO JOSE DO ITAVO UT6001";"";"09 RS - FOZ DO IGUACU";"2014/03/19 00:00:00.000";"SAA";"411095";"";"Sim";"ITAIPULANDIA";"2014";"";"";"";"";"Regional";"COMPANHIA DE SANEAMENTO DO PARANA";"SANEPAR";;"";"PR";"UR FOZ DO IGUACU";"76484013000145.0";"2014/05/29 11:12:21.000";"Não";"Sim";"76484013000145.0";"1002"
"Não";"2066.0";;"";"S411605000001";"";"";"";"SUL";;"MISSAL UT3021";"";"09 RS - FOZ DO IGUACU";"2014/03/19 00:00:00.000";"SAA";"411605";"";"Sim";"MISSAL";"2014";"";"";"";"";"Regional";"COMPANHIA DE SANEAMENTO DO PARANA";"SANEPAR";;"";"PR";"UR FOZ DO IGUACU";"76484013000145.0";"2014/05/29 11:41:20.000";"Não";"Sim";"76484013000145.0";"6219"
"Sim";"725.0";;"";"S412125000001";"";"";"";"SUL";;"RAMILANDIA UT3531";"";"09 RS - FOZ DO IGUACU";"2014/03/19 00:00:00.000";"SAA";"412125";"";"Sim";"RAMILANDIA";"2014";"";"";"";"";"Regional";"COMPANHIA DE SANEAMENTO DO PARANA";"SANEPAR";;"";"PR";"UR CASCAVEL";"76484013000145.0";"2014/05/29 11:47:23.000";"Sim";"Sim";"76484013000145.0";"2429"
"Sim";"1300.0";;"";"S522100000001";"";"";"";"CENTRO-OESTE";"0.0";"TAQUARAL DE GOIAS";"";"REGIONAL CENTRAL";"2014/05/29 00:00:00.000";"SAA";"522100";"";"Sim";"TAQUARAL DE GOIAS";"2014";"";"";"";"";"Regional";"SANEAMENTO DE GOIAS SA";"SANEAGO";;"";"GO";"GRS INHUMAS";"1616929000102.0";"2014/05/29 11:16:46.000";"Sim";"Não";"1616929000102.0";"3575"
"Não";"4572.0";;"";"S412570000004";"";"";"";"SUL";;"SAO MIGUEL DO IGUACU UT2612";"";"09 RS - FOZ DO IGUACU";"2014/03/19 00:00:00.000";"SAA";"412570";"";"Sim";"SAO MIGUEL DO IGUACU";"2014";"";"";"";"";"Regional";"COMPANHIA DE SANEAMENTO DO PARANA";"SANEPAR";;"";"PR";"UR FOZ DO IGUACU";"76484013000145.0";"2014/05/29 12:19:40.000";"Não";"Sim";"76484013000145.0";"14676"
"Sim";"222377.0";;"";"S520870000001";"";"";"";"CENTRO-OESTE";"0.0";"SAA JOÃO LEITE";"";"REGIONAL CENTRAL";"2014/03/28 00:00:00.000";"SAA";"520870";"";"Sim";"GOIANIA";"2014";"";"";"";"";"Regional";"SANEAMENTO DE GOIAS SA";"SANEAGO";;"";"GO";"PGPO GOIANIA";"1616929000102.0";"2014/05/29 12:43:12.000";"Sim";"Não";"1616929000102.0";"682697"
"Não";"1500.0";;"";"S521973000003";"";"";"";"CENTRO-OESTE";"0.0";"SANTO ANTONIO";"";"REGIONAL CENTRAL";"2014/03/17 00:00:00.000";"SAA";"521973";"";"Sim";"SANTO ANTONIO DE GOIAS";"2014";"";"";"";"";"Regional";"SANEAMENTO DE GOIAS SA";"SANEAGO";;"";"GO";"GRS INHUMAS";"1616929000102.0";"2014/05/29 13:25:51.000";"Não";"Sim";"1616929000102.0";"5010"
"Sim";"15012.0";;"";"S521000000001";"";"";"";"CENTRO-OESTE";"0.0";"INHUMAS";"";"REGIONAL CENTRAL";"2014/03/14 00:00:00.000";"SAA";"521000";"";"Sim";"INHUMAS";"2014";"";"";"";"";"Regional";"SANEAMENTO DE GOIAS SA";"SANEAGO";;"";"GO";"GRS INHUMAS";"1616929000102.0";"2014/05/29 13:20:30.000";"Sim";"Não";"1616929000102.0";"46837"
"Sim";"1309.0";;"";"S520160000001";"";"";"";"CENTRO-OESTE";"0.0";"ETA DE ARACU";"";"REGIONAL CENTRAL";"2014/03/12 00:00:00.000";"SAA";"520160";"";"Sim";"ARACU";"2014";"";"";"";"";"Regional";"SANEAMENTO DE GOIAS SA";"SANEAGO";;"";"GO";"GRS INHUMAS";"1616929000102.0";"2014/05/29 13:02:11.000";"Sim";"Não";"1616929000102.0";"3822"
"Sim";"2352.0";;"";"S521140000002";"";"";"";"CENTRO-OESTE";"0.0";"SISTEMA DE ABASTECIMENTO DE AGUA ITAUCU";"";"REGIONAL CENTRAL";"2014/05/29 00:00:00.000";"SAA";"521140";"";"Sim";"ITAUCU";"2014";"";"";"";"";"Regional";"SANEAMENTO DE GOIAS SA";"SANEAGO";;"";"GO";"GRS INHUMAS";"1616929000102.0";"2014/05/29 13:53:21.000";"Sim";"Não";"1616929000102.0";"6962"
"Não";"0.0";;"";"S410450000003";"";"";"";"SUL";;"SANTA CLARA UT8231";"";"08 RS - FRANCISCO BELTRAO";"2014/03/19 00:00:00.000";"SAA";"410450";"";"Sim";"CAPANEMA";"2014";"";"";"";"";"Regional";"COMPANHIA DE SANEAMENTO DO PARANA";"SANEPAR";;"";"PR";"UR FRANCISCO BELTRAO";"76484013000145.0";"2014/05/29 14:44:09.000";"Não";"Sim";"76484013000145.0";"0"
"Não";"1399.0";;"";"S521450000002";"";"";"";"CENTRO-OESTE";;"SAO PAULO II JOAO RAMOS";"";"REGIONAL CENTRAL";"2014/01/02 00:00:00.000";"SAA";"521450";"";"Sim";"NEROPOLIS";"2014";"";"";"";"";"Regional";"SANEAMENTO DE GOIAS SA";"SANEAGO";;"";"GO";"PGPO GOIANIA";"1616929000102.0";"2014/05/29 14:44:09.000";"Não";"Sim";"1616929000102.0";"4575"
"Não";"77.0";;"";"S411080000003";"";"";"";"SUL";;"MARILU UT8891";"";"11 RS - CAMPO MOURAO";"2014/03/19 00:00:00.000";"SAA";"411080";"";"Sim";"IRETAMA";"2014";"";"";"";"";"Regional";"COMPANHIA DE SANEAMENTO DO PARANA";"SANEPAR";;"";"PR";"SANEPAR";"76484013000145.0";"2014/06/17 10:15:25.000";"Não";"Sim";"76484013000145.0";"236"
"Não";"1780.0";;"";"S411295000001";"";"";"";"SUL";;"JURANDA UT3031";"";"11 RS - CAMPO MOURAO";"2014/03/19 00:00:00.000";"SAA";"411295";"";"Sim";"JURANDA";"2014";"";"";"";"";"Regional";"COMPANHIA DE SANEAMENTO DO PARANA";"SANEPAR";;"";"PR";"SANEPAR";"76484013000145.0";"2014/06/17 10:56:19.000";"Não";"Sim";"76484013000145.0";"5554"
"Não";"1822.0";;"";"S411373000001";"";"";"";"SUL";;"LUIZIANA UT3161";"";"11 RS - CAMPO MOURAO";"2014/02/19 00:00:00.000";"SAA";"411373";"";"Sim";"LUIZIANA";"2014";"";"";"";"";"Regional";"COMPANHIA DE SANEAMENTO DO PARANA";"SANEPAR";;"";"PR";"SANEPAR";"76484013000145.0";"2014/06/17 11:28:13.000";"Não";"Sim";"76484013000145.0";"5849"
"Não";"3352.0";;"";"S411400000001";"";"";"";"SUL";;"MAMBORE UT1561";"";"11 RS - CAMPO MOURAO";"2014/03/19 00:00:00.000";"SAA";"411400";"";"Sim";"MAMBORE";"2014";"";"";"";"";"Regional";"COMPANHIA DE SANEAMENTO DO PARANA";"SANEPAR";;"";"PR";"SANEPAR";"76484013000145.0";"2014/06/17 11:40:15.000";"Não";"Sim";"76484013000145.0";"10090"
"Não";"497.0";;"";"S411610000002";"";"";"";"SUL";;"PARANA DO OESTE UT5071";"";"11 RS - CAMPO MOURAO";"2014/03/19 00:00:00.000";"SAA";"411610";"";"Sim";"MOREIRA SALES";"2014";"";"";"";"";"Regional";"COMPANHIA DE SANEAMENTO DO PARANA";"SANEPAR";;"";"PR";"SANEPAR";"76484013000145.0";"2014/06/17 12:05:59.000";"Não";"Sim";"76484013000145.0";"1481"
"Não";"2916.0";;"";"S410660000001";"";"";"";"SUL";;"CRUZEIRO DO OESTE UT0861";"";"12 RS - UMUARAMA";"2014/03/19 00:00:00.000";"SAA";"410660";"";"Sim";"CRUZEIRO DO OESTE";"2014";"";"";"";"";"Regional";"COMPANHIA DE SANEAMENTO DO PARANA";"SANEPAR";;"";"PR";"UR UMUARAMA";"76484013000145.0";"2014/06/26 11:22:03.000";"Não";"Sim";"76484013000145.0";"8661"
"Não";"431.0";;"";"S412590000001";"";"";"";"SUL";;"SAO PEDRO DO PARANA UT2631";"";"14 RS - PARANAVAI";"2014/03/19 00:00:00.000";"SAA";"412590";"";"Sim";"SAO PEDRO DO PARANA";"2014";"";"";"";"";"Regional";"COMPANHIA DE SANEAMENTO DO PARANA";"SANEPAR";;"";"PR";"UR PARANAVAI";"76484013000145.0";"2014/07/02 15:16:28.000";"Não";"Sim";"76484013000145.0";"1289"
"Não";"1100.0";;"";"S270710000001";"";"";"";"NORDESTE";;"SAA DE PIRANHAS ENTREMONTES CASAL";"";"10 REGIÃO DEG AL";"2014/07/05 00:00:00.000";"SAA";"270710";"";"Sim";"PIRANHAS";"2014";"";"";"";"";"Regional";"COMPANHIA DE SANEAMENTO DE ALAGOAS";"CASAL";;"";"AL";"UNIDADE SERTAO DELMIRO GOUVEIA";"12294708000181.0";"2014/07/05 16:49:20.000";"Sim";"Não";"12294708000181.0";"4356"
"Sim";"1404.0";;"";"S270710000002";"";"";"";"NORDESTE";;"SAA DE PIRANHAS XINGO CASAL";"";"10 REGIÃO DEG AL";"2014/07/05 00:00:00.000";"SAA";"270710";"";"Sim";"PIRANHAS";"2014";"";"";"";"";"Regional";"COMPANHIA DE SANEAMENTO DE ALAGOAS";"CASAL";;"";"AL";"UNIDADE SERTAO DELMIRO GOUVEIA";"12294708000181.0";"2014/07/05 16:56:11.000";"Sim";"Não";"12294708000181.0";"5560"
"Sim";"3285.0";;"";"S411280000001";"";"";"";"SUL";;"JOAQUIM TAVORA UT1451";"";"19 RS - JACAREZINHO";"2014/03/19 00:00:00.000";"SAA";"411280";"";"Sim";"JOAQUIM TAVORA";"2014";"";"";"";"";"Regional";"COMPANHIA DE SANEAMENTO DO PARANA";"SANEPAR";;"";"PR";"UR SANTO ANTONIO DA PLATINA";"76484013000145.0";"2014/07/24 10:42:55.000";"Sim";"Não";"76484013000145.0";"9921"
"Não";"905.0";;"";"S411290000001";"";"";"";"SUL";;"JUNDIAI DO SUL UT1461";"";"19 RS - JACAREZINHO";"2014/03/19 00:00:00.000";"SAA";"411290";"";"Sim";"JUNDIAI DO SUL";"2014";"";"";"";"";"Regional";"COMPANHIA DE SANEAMENTO DO PARANA";"SANEPAR";;"";"PR";"UR SANTO ANTONIO DA PLATINA";"76484013000145.0";"2014/07/24 11:25:24.000";"Não";"Sim";"76484013000145.0";"2787"
"Não";"1303.0";;"";"S412400000001";"";"";"";"SUL";;"SANTANA DO ITARARE UT2461";"";"19 RS - JACAREZINHO";"2014/03/19 00:00:00.000";"SAA";"412400";"";"Sim";"SANTANA DO ITARARE";"2014";"";"";"";"";"Regional";"COMPANHIA DE SANEAMENTO DO PARANA";"SANEPAR";;"";"PR";"UR SANTO ANTONIO DA PLATINA";"76484013000145.0";"2014/07/24 11:48:40.000";"Não";"Sim";"76484013000145.0";"3935"
"Sim";"5559.0";;"";"S412660000001";"";"";"";"SUL";"100.0";"SIQUEIRA CAMPOS UT0271";"";"19 RS - JACAREZINHO";"2014/03/19 00:00:00.000";"SAA";"412660";"";"Sim";"SIQUEIRA CAMPOS";"2014";"";"";"";"";"Regional";"COMPANHIA DE SANEAMENTO DO PARANA";"SANEPAR";;"";"PR";"UR SANTO ANTONIO DA PLATINA";"76484013000145.0";"2014/07/24 13:02:01.000";"Sim";"Não";"76484013000145.0";"16621"
"Sim";"3151.0";;"";"S410700000001";"";"";"";"SUL";;"CURIUVA UT0891";"";"21 RS - TELEMACO BORBA";"2014/03/19 00:00:00.000";"SAA";"410700";"";"Sim";"CURIUVA";"2014";"";"";"";"";"Regional";"COMPANHIA DE SANEAMENTO DO PARANA";"SANEPAR";;"";"PR";"UR CORNELIO PROCOPIO";"76484013000145.0";"2014/07/24 14:24:31.000";"Sim";"Sim";"76484013000145.0";"9957"
"Sim";"101.0";;"";"S411730000005";"";"";"";"SUL";;"BRIOLANDIA UT7111";"";"21 RS - TELEMACO BORBA";"2014/03/19 00:00:00.000";"SAA";"411730";"";"Sim";"ORTIGUEIRA";"2014";"";"";"";"";"Regional";"COMPANHIA DE SANEAMENTO DO PARANA";"SANEPAR";;"";"PR";"UR TELEMACO BORBA";"76484013000145.0";"2014/07/25 10:37:16.000";"Sim";"Sim";"76484013000145.0";"321"
"Sim";"22527.0";;"";"S412710000001";"";"";"";"SUL";"0.0";"TELEMACO BORBA UT2741";"";"21 RS - TELEMACO BORBA";"2014/03/19 00:00:00.000";"SAA";"412710";"";"Sim";"TELEMACO BORBA";"2014";"";"";"";"";"Regional";"COMPANHIA DE SANEAMENTO DO PARANA";"SANEPAR";;"";"PR";"UR TELEMACO BORBA";"76484013000145.0";"2014/07/25 11:08:52.000";"Sim";"Não";"76484013000145.0";"72086"
"Não";"173.0";;"";"S412750000003";"";"";"";"SUL";;"ALTO DO AMPARO UT8971";"";"21 RS - TELEMACO BORBA";"2014/03/19 00:00:00.000";"SAA";"412750";"";"Sim";"TIBAGI";"2014";"";"";"";"";"Regional";"COMPANHIA DE SANEAMENTO DO PARANA";"SANEPAR";;"";"PR";"UR TELEMACO BORBA";"76484013000145.0";"2014/07/25 11:27:39.000";"Não";"Sim";"76484013000145.0";"581"
"Sim";"3646.0";;"";"S230780000001";"";"";"";"NORDESTE";"220.0";"CAGECE DE MARCO";"";"12 REGIONAL DE SAUDE ACARAU";"2014/07/25 00:00:00.000";"SAA";"230780";"";"Sim";"MARCO";"2014";"";"";"";"";"Regional";"COMPANHIA DE AGUA E ESGOTO DO CEARA";"CAGECE";;"";"CE";"UNIDADE DE NEGOCIO DA BACIA DO ACARAU E COREAU UNBAC";"7040108000157.0";"2014/07/25 14:51:31.000";"Não";"Sim";"7040108000157.0";"15022"
"Sim";"1182.0";;"";"S291130000001";"";"";"";"NORDESTE";"0.0";"SAA DE GENTIO DO OURO";"";"21 DIRES / IRECE / NUCLEO CENTRO-NORTE";"2014/03/10 00:00:00.000";"SAA";"291130";"";"Sim";"GENTIO DO OURO";"2014";"";"";"";"";"Regional";"EMPRESA BAIANA DE AGUAS E SANEAMENTO SA";"EMBASA";;"";"BA";"UNI IRECE";"13504675000110.0";"2014/08/11 13:58:15.000";"Sim";"Sim";"13504675000110.0";"4208"
"Sim";"1300.0";;"";"S520495000001";"";"";"";"CENTRO-OESTE";;"CAMPOS VERDES";"";"REGIONAL SÃO PATRICIO";"2014/03/28 00:00:00.000";"SAA";"520495";"";"Sim";"CAMPOS VERDES";"2014";"";"";"";"";"Regional";"SANEAMENTO DE GOIAS SA";"SANEAGO";;"";"GO";"GRS CERES";"1616929000102.0";"2014/08/11 15:03:10.000";"Sim";"Sim";"1616929000102.0";"3900"
"Sim";"68.0";;"";"S522020000002";"";"";"";"CENTRO-OESTE";;"TATAÍRAS";"";"REGIONAL NORTE";"2014/03/27 00:00:00.000";"SAA";"522020";"";"Sim";"SAO MIGUEL DO ARAGUAIA";"2014";"";"";"";"";"Regional";"SANEAMENTO DE GOIAS SA";"SANEAGO";;"";"GO";"GRS PORANGATU";"1616929000102.0";"2014/08/12 14:06:46.000";"Não";"Sim";"1616929000102.0";"207"
"Sim";"38571.0";;"";"S320520000001";"";"";"";"SUDESTE";"9573.0";"ETA COBI";"";"SUPERINTENDÊNCIA REGIONAL DE SAÚDE METROPOLITANA";"2014/08/12 00:00:00.000";"SAA";"320530";"";"Sim";"VITORIA";"2014";"";"";"";"";"Regional";"COMPANHIA ESPIRITO SANTENSE DE SANEAMENTO";"CESAN";;"";"ES";"GRANDE VITORIA GERENCIA DE PESQUISA E CONTROLE DA QUALIDADE";"28151363000147.0";"2014/08/12 15:57:46.000";"Sim";"Não";"28151363000147.0";"116099"
"Sim";"300.0";;"";"S292090000002";"";"";"";"NORDESTE";"0.0";"SAA DE PIMENTA";"";"06 DIRES / ILHEUS / NUCLEO SUL";"2014/07/11 00:00:00.000";"SAA";"292090";"";"Sim";"MASCOTE";"2014";"";"";"";"";"Regional";"EMPRESA BAIANA DE AGUAS E SANEAMENTO SA";"EMBASA";;"";"BA";"USI ITABUNA";"13504675000110.0";"2014/08/13 09:26:40.000";"Sim";"Não";"13504675000110.0";"1059"
"Não";"948.0";;"";"S522015000001";"";"";"";"CENTRO-OESTE";;"SAO LUIZ DO NORTE";"";"REGIONAL SÃO PATRICIO";"2014/03/20 00:00:00.000";"SAA";"522015";"";"Sim";"SAO LUIZ DO NORTE";"2014";"";"";"";"";"Regional";"SANEAMENTO DE GOIAS SA";"SANEAGO";;"";"GO";"GRS CERES";"1616929000102.0";"2014/08/13 10:45:04.000";"Não";"Sim";"1616929000102.0";"2910"
"Não";"86.0";;"";"S350850000003";"";"";"";"SUDESTE";"0.0";"SABESP CACAPAVA SANTA HELENA";"";"GVS XXVII - SÃO JOSÉ DOS CAMPOS";"2014/08/13 00:00:00.000";"SAA";"350850";"";"Sim";"CACAPAVA";"2014";"";"";"";"";"Regional";"COMPANHIA DE SANEAMENTO BASICO DO ESTADO DE SAO PAULO";"SABESP";;"";"SP";"CACAPAVA SABESP";"43776517000341.0";"2014/08/13 13:24:51.000";"Não";"Sim";"43776517000180.0";"292"
"Sim";"585.0";;"";"S292090000003";"";"";"";"NORDESTE";"0.0";"SAA DE MASCOTE";"";"06 DIRES / ILHEUS / NUCLEO SUL";"2014/07/09 00:00:00.000";"SAA";"292090";"";"Sim";"MASCOTE";"2014";"";"";"";"";"Regional";"EMPRESA BAIANA DE AGUAS E SANEAMENTO SA";"EMBASA";;"";"BA";"USI ITABUNA";"13504675000110.0";"2014/08/13 16:13:53.000";"Sim";"Não";"13504675000110.0";"2065"
"Não";"6065.0";;"";"S355430000001";"";"";"";"SUDESTE";"0.0";"TEODORO SAMPAIO (145)";"";"GVS XXII -PRESIDENTE VENCESLAU";"2014/08/13 00:00:00.000";"SAA";"355430";"";"Sim";"TEODORO SAMPAIO";"2014";"";"";"";"";"Regional";"COMPANHIA DE SANEAMENTO BASICO DO ESTADO DE SAO PAULO";"SABESP";;"";"SP";"TEODORO SAMPAIO SABESP";"43776517029323.0";"2014/08/13 15:47:50.000";"Não";"Sim";"43776517000180.0";"19529"
"Sim";"3285.0";;"";"S430230000001";"";"";"";"SUL";;"BOM JESUS";"";"5ª CRS";"2014/03/27 00:00:00.000";"SAA";"430230";"";"Sim";"BOM JESUS";"2014";"";"";"";"";"Regional";"COMPANHIA RIOGRANDENSE DE SANEAMENTO";"CORSAN";;"";"RS";"SUPERINTENDENCIA REGIONAL NORDESTE SURNE";"92802784036895.0";"2014/03/27 09:29:33.000";"Sim";"Sim";"92802784000190.0";"9888"
"Sim";"6000.0";;"";"S421280000001";"";"";"";"SUL";"10116.0";"SISTEMA INTEGRADO DE ABASTECIMENTO DE ÁGUA DE PIÇARRAS/PENHA";"";"17ª REGIONAL DE SAÚDE- ITAJAÍ";"2014/02/20 00:00:00.000";"SAA";"421280";"";"Sim";"BALNEARIO PICARRAS";"2014";"";"";"";"";"Regional";"COMPANHIA CATARINENSE DE AGUAS E SANEAMENTO";"CASAN";;"";"SC";"SUPERINTENDENCIA REGIONAL METROPOLITANA DA GRANDE FLORIANOPOLIS";"82508433000460.0";"2014/03/27 11:23:35.000";"Sim";"Não";"82508433000117.0";"18840"
"Sim";"24673.0";;"";"S431140000001";"";"";"";"SUL";;"LAJEADO";"";"16ª CRS";"2014/03/31 00:00:00.000";"SAA";"431140";"";"Sim";"LAJEADO";"2014";"";"";"";"";"Regional";"COMPANHIA RIOGRANDENSE DE SANEAMENTO";"CORSAN";;"";"RS";"SUPERINTENDENCIA REGIONAL NORDESTE SURNE";"92802784036895.0";"2014/03/31 16:16:03.000";"Sim";"Sim";"92802784000190.0";"70071"
"Sim";"4394.0";;"";"S280067000001";"";"";"";"NORDESTE";"0.0";"ETA BOQUIM";"";"ESTANCIA";"2014/01/02 00:00:00.000";"SAA";"280067";"";"Sim";"BOQUIM";"2014";"";"";"";"";"Regional";"COMPANHIA DE SANEAMENTO DE SERGIPE";"DESO";;"";"SE";"DESO BOQUIM";"13018171000190.0";"2014/04/03 11:09:56.000";"Sim";"Não";"13018171000190.0";"15511"
"Sim";"7457.0";;"";"S432280000001";"";"";"";"SUL";;"VERANOPOLIS";"";"5ª CRS";"2014/04/08 00:00:00.000";"SAA";"432280";"";"Sim";"VERANOPOLIS";"2014";"";"";"";"";"Regional";"COMPANHIA RIOGRANDENSE DE SANEAMENTO";"CORSAN";;"";"RS";"SUPERINTENDENCIA REGIONAL NORDESTE SURNE";"92802784036895.0";"2014/04/08 14:54:15.000";"Sim";"Não";"92802784000190.0";"21998"
"Não";"4041.0";;"";"S230830000001";"";"";"";"NORDESTE";"257.0";"SISTEMA MILAGRES";"";"19 REGIONAL DE SAUDE BREJO SANTO";"2014/04/15 00:00:00.000";"SAA";"230830";"";"Sim";"MILAGRES";"2014";"";"";"";"";"Regional";"COMPANHIA DE AGUA E ESGOTO DO CEARA";"CAGECE";;"";"CE";"UNIDADE DE NEGOCIO DA BACIA DO SALGADO UNBSA";"7040108000157.0";"2014/04/15 14:00:07.000";"Não";"Sim";"7040108000157.0";"14588"
"Não";"2625.0";;"";"S431670000001";"";"";"";"SUL";"0.0";"SANTA BÁRBARA DO SUL";"";"9ª CRS";"2014/04/15 00:00:00.000";"SAA";"431670";"";"Sim";"SANTA BARBARA DO SUL";"2014";"";"";"";"";"Regional";"COMPANHIA RIOGRANDENSE DE SANEAMENTO";"CORSAN";;"";"RS";"SUPERINTENDENCIA REGIONAL MISSOES SURMIS";"92802784036623.0";"2014/04/15 14:00:43.000";"Não";"Sim";"92802784000190.0";"7560"
"Não";"300.0";;"";"S280067000002";"";"";"";"NORDESTE";"0.0";"ETA PASTOR";"";"ESTANCIA";"2014/01/02 00:00:00.000";"SAA";"280067";"";"Sim";"BOQUIM";"2014";"";"";"";"";"Regional";"COMPANHIA DE SANEAMENTO DE SERGIPE";"DESO";;"";"SE";"DESO BOQUIM";"13018171000190.0";"2014/04/25 10:33:24.000";"Sim";"Não";"13018171000190.0";"1059"
"Não";"989.0";;"";"S291005000002";"";"";"";"NORDESTE";"0.0";"SLA NOVA DIAS D'ÁVILA";"";"01 DIRES / SALVADOR / RMS / NUCLEO LESTE";"2014/02/10 00:00:00.000";"SAA";"291005";"";"Sim";"DIAS D'AVILA";"2014";"";"";"";"";"Regional";"EMPRESA BAIANA DE AGUAS E SANEAMENTO SA";"EMBASA";;"";"BA";"UMC CAMACARI";"13504675000110.0";"2014/05/08 13:22:03.000";"Não";"Sim";"13504675000110.0";"3293"
"Não";"395.0";;"";"S291005000003";"";"";"";"NORDESTE";"0.0";"SLA BIRIBEIRA";"";"01 DIRES / SALVADOR / RMS / NUCLEO LESTE";"2014/02/10 00:00:00.000";"SAA";"291005";"";"Sim";"DIAS D'AVILA";"2014";"";"";"";"";"Regional";"EMPRESA BAIANA DE AGUAS E SANEAMENTO SA";"EMBASA";;"";"BA";"UMC CAMACARI";"13504675000110.0";"2014/05/08 13:34:32.000";"Não";"Sim";"13504675000110.0";"1315"
"Não";"278.0";;"";"S291005000004";"";"";"";"NORDESTE";"0.0";"SLA LEANDRINHO";"";"01 DIRES / SALVADOR / RMS / NUCLEO LESTE";"2014/02/10 00:00:00.000";"SAA";"291005";"";"Sim";"DIAS D'AVILA";"2014";"";"";"";"";"Regional";"EMPRESA BAIANA DE AGUAS E SANEAMENTO SA";"EMBASA";;"";"BA";"UMC CAMACARI";"13504675000110.0";"2014/05/08 13:51:04.000";"Não";"Sim";"13504675000110.0";"926"
"Não";"20149.0";;"";"S291005000001";"";"";"";"NORDESTE";"0.0";"SLA DIAS DAVILA";"";"01 DIRES / SALVADOR / RMS / NUCLEO LESTE";"2014/02/10 00:00:00.000";"SAA";"291005";"";"Sim";"DIAS D'AVILA";"2014";"";"";"";"";"Regional";"EMPRESA BAIANA DE AGUAS E SANEAMENTO SA";"EMBASA";;"";"BA";"UMC CAMACARI";"13504675000110.0";"2014/04/29 10:31:47.000";"Não";"Sim";"13504675000110.0";"67096"
"Sim";"1487.0";;"";"S292100000005";"";"";"";"NORDESTE";"0.0";"SIAA COSTA DO SAUÍPE";"";"01 DIRES / SALVADOR / RMS / NUCLEO LESTE";"2014/02/10 00:00:00.000";"SAA";"292100";"";"Sim";"MATA DE SAO JOAO";"2014";"";"";"";"";"Regional";"EMPRESA BAIANA DE AGUAS E SANEAMENTO SA";"EMBASA";;"";"BA";"UMC CAMACARI";"13504675000110.0";"2014/05/08 09:34:17.000";"Sim";"Não";"13504675000110.0";"5086"
"Sim";"7284.0";;"";"S410210000001";"";"";"";"SUL";;"ASTORGA UT0111";"";"15 RS - MARINGA";"2014/03/19 00:00:00.000";"SAA";"410210";"";"Sim";"ASTORGA";"2014";"";"";"";"";"Regional";"COMPANHIA DE SANEAMENTO DO PARANA";"SANEPAR";;"";"PR";"UR MARINGA";"76484013000145.0";"2014/05/19 12:48:55.000";"Sim";"Sim";"76484013000145.0";"22071"
"Não";"390.0";;"";"S410210000002";"";"";"";"SUL";;"TUPINAMBA UT7401";"";"15 RS - MARINGA";"2014/03/19 00:00:00.000";"SAA";"410210";"";"Sim";"ASTORGA";"2014";"";"";"";"";"Regional";"COMPANHIA DE SANEAMENTO DO PARANA";"SANEPAR";;"";"PR";"UR MARINGA";"76484013000145.0";"2014/05/19 12:55:47.000";"Não";"Sim";"76484013000145.0";"1182"
"Não";"74.0";;"";"S410210000004";"";"";"";"SUL";;"SANTA ZELIA UT6241";"";"15 RS - MARINGA";"2014/03/19 00:00:00.000";"SAA";"410210";"";"Sim";"ASTORGA";"2014";"";"";"";"";"Regional";"COMPANHIA DE SANEAMENTO DO PARANA";"SANEPAR";;"";"PR";"UR MARINGA";"76484013000145.0";"2014/05/19 13:01:44.000";"Não";"Sim";"76484013000145.0";"224"
"Não";"1243.0";;"";"S410220000001";"";"";"";"SUL";;"ATALAIA UT0481";"";"15 RS - MARINGA";"2014/03/19 00:00:00.000";"SAA";"410220";"";"Sim";"ATALAIA";"2014";"";"";"";"";"Regional";"COMPANHIA DE SANEAMENTO DO PARANA";"SANEPAR";;"";"PR";"UR MARINGA";"76484013000145.0";"2014/05/19 13:06:00.000";"Não";"Sim";"76484013000145.0";"3741"
"Não";"208.0";;"";"S410730000001";"";"";"";"SUL";;"DOUTOR CAMARGO UT0921";"";"15 RS - MARINGA";"2014/03/19 00:00:00.000";"SAA";"410730";"";"Sim";"DOUTOR CAMARGO";"2014";"";"";"";"";"Regional";"COMPANHIA DE SANEAMENTO DO PARANA";"SANEPAR";;"";"PR";"UR MARINGA";"76484013000145.0";"2014/05/19 13:14:46.000";"Não";"Sim";"76484013000145.0";"601"
"Não";"207.0";;"";"S410790000001";"";"";"";"SUL";;"FLORESTA UT0981";"";"15 RS - MARINGA";"2014/03/19 00:00:00.000";"SAA";"410790";"";"Sim";"FLORESTA";"2014";"";"";"";"";"Regional";"COMPANHIA DE SANEAMENTO DO PARANA";"SANEPAR";;"";"PR";"UR MARINGA";"76484013000145.0";"2014/05/19 15:03:25.000";"Não";"Sim";"76484013000145.0";"633"
"Não";"1327.0";;"";"S411090000001";"";"";"";"SUL";;"ITAGUAJE UT1261";"";"15 RS - MARINGA";"2014/03/19 00:00:00.000";"SAA";"411090";"";"Sim";"ITAGUAJE";"2014";"";"";"";"";"Regional";"COMPANHIA DE SANEAMENTO DO PARANA";"SANEPAR";;"";"PR";"UR ARAPONGAS";"76484013000145.0";"2014/05/19 15:13:34.000";"Não";"Sim";"76484013000145.0";"4021"
"Não";"385.0";;"";"S410302000001";"";"";"";"SUL";;"BOA ESPERANCA DO IGUACU UT3401";"";"08 RS - FRANCISCO BELTRAO";"2014/03/19 00:00:00.000";"SAA";"410302";"";"Sim";"BOA ESPERANCA DO IGUACU";"2014";"";"";"";"";"Regional";"COMPANHIA DE SANEAMENTO DO PARANA";"SANEPAR";;"";"PR";"UR FRANCISCO BELTRAO";"76484013000145.0";"2014/05/29 14:16:27.000";"Não";"Sim";"76484013000145.0";"1255"
"Não";"0.0";;"";"S410450000002";"";"";"";"SUL";;"SAO LUIS UT8191";"";"08 RS - FRANCISCO BELTRAO";"2014/03/19 00:00:00.000";"SAA";"410450";"";"Sim";"CAPANEMA";"2014";"";"";"";"";"Regional";"COMPANHIA DE SANEAMENTO DO PARANA";"SANEPAR";;"";"PR";"UR FRANCISCO BELTRAO";"76484013000145.0";"2014/05/29 14:35:11.000";"Não";"Sim";"76484013000145.0";"0"
"Não";"890.0";;"";"S411345000001";"";"";"";"SUL";;"LINDOESTE UT3221";"";"10 RS - CASCAVEL";"2014/03/19 00:00:00.000";"SAA";"411345";"";"Sim";"LINDOESTE";"2014";"";"";"";"";"Regional";"COMPANHIA DE SANEAMENTO DO PARANA";"SANEPAR";;"";"PR";"UR CASCAVEL";"76484013000145.0";"2014/06/12 10:10:39.000";"Não";"Sim";"76484013000145.0";"2795"
"Não";"3025.0";;"";"S411670000001";"";"";"";"SUL";;"NOVA AURORA UT1801";"";"10 RS - CASCAVEL";"2014/03/19 00:00:00.000";"SAA";"411670";"";"Sim";"NOVA AURORA";"2014";"";"";"";"";"Regional";"COMPANHIA DE SANEAMENTO DO PARANA";"SANEPAR";;"";"PR";"UR TOLEDO";"76484013000145.0";"2014/06/12 10:17:12.000";"Não";"Sim";"76484013000145.0";"9287"
"Não";"103.0";;"";"S411670000003";"";"";"";"SUL";;"MARAJO UT8941";"";"10 RS - CASCAVEL";"2014/03/19 00:00:00.000";"SAA";"411670";"";"Sim";"NOVA AURORA";"2014";"";"";"";"";"Regional";"COMPANHIA DE SANEAMENTO DO PARANA";"SANEPAR";;"";"PR";"UR TOLEDO";"76484013000145.0";"2014/06/12 10:24:48.000";"Não";"Sim";"76484013000145.0";"316"
"Não";"655.0";;"";"S412382000001";"";"";"";"SUL";"292.0";"SANTA LUCIA UT3341";"";"10 RS - CASCAVEL";"2014/03/19 00:00:00.000";"SAA";"412382";"";"Sim";"SANTA LUCIA";"2014";"";"";"";"";"Regional";"COMPANHIA DE SANEAMENTO DO PARANA";"SANEPAR";;"";"PR";"UR CASCAVEL";"76484013000145.0";"2014/06/12 10:43:13.000";"Não";"Sim";"76484013000145.0";"1978"
"Não";"2777.0";;"";"S412402000001";"";"";"";"SUL";;"SANTA TEREZA DO OESTE UT3241";"";"10 RS - CASCAVEL";"2014/03/19 00:00:00.000";"SAA";"412402";"";"Sim";"SANTA TEREZA DO OESTE";"2014";"";"";"";"";"Regional";"COMPANHIA DE SANEAMENTO DO PARANA";"SANEPAR";;"";"PR";"UR CASCAVEL";"76484013000145.0";"2014/06/12 10:50:20.000";"Não";"Sim";"76484013000145.0";"8970"
"Sim";"2207.0";;"";"S412785000001";"";"";"";"SUL";;"TRES BARRAS DO PARANA UT2961";"";"10 RS - CASCAVEL";"2014/03/19 00:00:00.000";"SAA";"412785";"";"Sim";"TRES BARRAS DO PARANA";"2014";"";"";"";"";"Regional";"COMPANHIA DE SANEAMENTO DO PARANA";"SANEPAR";;"";"PR";"UR CASCAVEL";"76484013000145.0";"2014/06/12 11:02:15.000";"Sim";"Não";"76484013000145.0";"6996"
"Não";"65.0";;"";"S412785000003";"";"";"";"SUL";;"BARRA BONITA UT7331";"";"10 RS - CASCAVEL";"2014/03/19 00:00:00.000";"SAA";"412785";"";"Sim";"TRES BARRAS DO PARANA";"2014";"";"";"";"";"Regional";"COMPANHIA DE SANEAMENTO DO PARANA";"SANEPAR";;"";"PR";"UR CASCAVEL";"76484013000145.0";"2014/06/12 11:13:21.000";"Não";"Sim";"76484013000145.0";"206"
"Sim";"2356.0";;"";"S412855000001";"";"";"";"SUL";;"VERA CRUZ DO OESTE UT2941";"";"10 RS - CASCAVEL";"2014/03/19 00:00:00.000";"SAA";"412855";"";"Sim";"VERA CRUZ DO OESTE";"2014";"";"";"";"";"Regional";"COMPANHIA DE SANEAMENTO DO PARANA";"SANEPAR";;"";"PR";"UR TOLEDO";"76484013000145.0";"2014/06/12 11:19:48.000";"Sim";"Não";"76484013000145.0";"7351"
"Não";"77.0";;"";"S412855000002";"";"";"";"SUL";;"SAO SEBASTIAO UT9161";"";"10 RS - CASCAVEL";"2014/03/19 00:00:00.000";"SAA";"412855";"";"Sim";"VERA CRUZ DO OESTE";"2014";"";"";"";"";"Regional";"COMPANHIA DE SANEAMENTO DO PARANA";"SANEPAR";;"";"PR";"UR TOLEDO";"76484013000145.0";"2014/06/12 11:23:50.000";"Não";"Sim";"76484013000145.0";"240"
"Não";"375.0";;"";"S520910000004";"";"";"";"CENTRO-OESTE";"0.0";"MARCIANOPOLIS";"";"REGIONAL SUL";"2014/03/12 00:00:00.000";"SAA";"520910";"";"Sim";"GOIATUBA";"2014";"";"";"";"";"Regional";"SANEAMENTO DE GOIAS SA";"SANEAGO";;"";"GO";"GRS ITUMBIARA";"1616929000102.0";"2014/06/27 08:59:54.000";"Não";"Sim";"1616929000102.0";"1110"
"Não";"4860.0";;"";"S270450000001";"";"";"";"NORDESTE";"0.0";"SAA DE MARAGOGI CENTRO E BARRA GRANDE";"";"02 REGIÃO MRG AL";"2014/06/27 00:00:00.000";"SAA";"270450";"";"Sim";"MARAGOGI";"2014";"";"";"";"";"Regional";"COMPANHIA DE SANEAMENTO DE ALAGOAS";"CASAL";;"";"AL";"UNIDADE LESTE RIO LARGO";"12294708000181.0";"2014/06/27 10:27:29.000";"Não";"Sim";"12294708000181.0";"18905"
"Não";"0.0";;"";"S270640000001";"";"";"";"NORDESTE";;"SAA DE PAO DE ACUCAR";"";"09 REGIÃO STI AL";"2014/06/27 00:00:00.000";"SAA";"270640";"";"Sim";"PAO DE ACUCAR";"2014";"";"";"";"";"Regional";"COMPANHIA DE SANEAMENTO DE ALAGOAS";"CASAL";;"";"AL";"UNIDADE BACIA LEITEIRA S IPANEMA";"12294708000181.0";"2014/06/27 10:54:20.000";"Sim";"Não";"12294708000181.0";"0"
"Não";"1103.0";;"";"S270360000001";"";"";"";"NORDESTE";;"SAA DE JAPARATINGA URBANO";"";"02 REGIÃO MRG AL";"2014/06/27 00:00:00.000";"SAA";"270360";"";"Sim";"JAPARATINGA";"2014";"";"";"";"";"Regional";"COMPANHIA DE SANEAMENTO DE ALAGOAS";"CASAL";;"";"AL";"UNIDADE LESTE RIO LARGO";"12294708000181.0";"2014/06/27 12:45:41.000";"Não";"Sim";"12294708000181.0";"4236"
"Sim";"3111.0";;"";"S270510000001";"";"";"";"NORDESTE";;"SAA DE MATRIZ DE CAMARAGIBE URBANO";"";"02 REGIÃO MRG AL";"2014/06/27 00:00:00.000";"SAA";"270510";"";"Sim";"MATRIZ DE CAMARAGIBE";"2014";"";"";"";"";"Regional";"COMPANHIA DE SANEAMENTO DE ALAGOAS";"CASAL";;"";"AL";"UNIDADE LESTE RIO LARGO";"12294708000181.0";"2014/06/27 13:04:28.000";"Não";"Sim";"12294708000181.0";"12475"
"Não";"0.0";;"";"S411370000008";"";"";"";"SUL";;"LERROVILLE UT6021";"";"17 RS - LONDRINA";"2014/03/19 00:00:00.000";"SAA";"411370";"";"Sim";"LONDRINA";"2014";"";"";"";"";"Regional";"COMPANHIA DE SANEAMENTO DO PARANA";"SANEPAR";;"";"PR";"GIDLD LONDRINA";"76484013000145.0";"2014/07/16 11:02:42.000";"Não";"Sim";"76484013000145.0";"0"
"Não";"0.0";;"";"S411370000009";"";"";"";"SUL";;"SELVA UT6031";"";"17 RS - LONDRINA";"2014/03/19 00:00:00.000";"SAA";"411370";"";"Sim";"LONDRINA";"2014";"";"";"";"";"Regional";"COMPANHIA DE SANEAMENTO DO PARANA";"SANEPAR";;"";"PR";"GIDLD LONDRINA";"76484013000145.0";"2014/07/16 11:11:50.000";"Não";"Sim";"76484013000145.0";"0"
"Não";"0.0";;"";"S411370000014";"";"";"";"SUL";;"ESPIRITO SANTO UT8681";"";"17 RS - LONDRINA";"2014/03/19 00:00:00.000";"SAA";"411370";"";"Sim";"LONDRINA";"2014";"";"";"";"";"Regional";"COMPANHIA DE SANEAMENTO DO PARANA";"SANEPAR";;"";"PR";"GIDLD LONDRINA";"76484013000145.0";"2014/07/16 11:45:37.000";"Não";"Sim";"76484013000145.0";"0"
"Não";"1000.0";;"";"S411380000001";"";"";"";"SUL";"624.0";"LUPIONOPOLIS UT1541";"";"17 RS - LONDRINA";"2014/03/19 00:00:00.000";"SAA";"411380";"";"Sim";"LUPIONOPOLIS";"2014";"";"";"";"";"Regional";"COMPANHIA DE SANEAMENTO DO PARANA";"SANEPAR";;"";"PR";"UR ARAPONGAS";"76484013000145.0";"2014/07/16 12:14:56.000";"Não";"Sim";"76484013000145.0";"2980"
"Sim";"545.0";;"";"S330430000005";"";"";"";"SUDESTE";"0.0";"ETA BASÍLIO";"";"METROPOLITANA II";"2014/07/16 00:00:00.000";"SAA";"330430";"";"Sim";"RIO BONITO";"2014";"";"";"";"";"Regional";"COMPANHIA ESTADUAL DE AGUAS E ESGOTOS";"CEDAE";;"";"RJ";"GERENCIA LESTE";"33352394000104.0";"2014/07/16 12:42:31.000";"Sim";"Não";"33352394000104.0";"1744"
"Não";"2231.0";;"";"S291650000001";"";"";"";"NORDESTE";"0.0";"SLAA DE ITAPICURU";"";"03 DIRES / ALAGOINHAS / NUCLEO NORDESTE";"2014/02/20 00:00:00.000";"SAA";"291650";"";"Sim";"ITAPICURU";"2014";"";"";"";"";"Regional";"EMPRESA BAIANA DE AGUAS E SANEAMENTO SA";"EMBASA";;"";"BA";"UNA ALAGOINHAS";"13504675000110.0";"2014/07/16 15:00:23.000";"Não";"Sim";"13504675000110.0";"7987"
"Não";"2536.0";;"";"S230125000001";"";"";"";"NORDESTE";"250.0";"CAGECE ARARENDA";"";"15 REGIONAL DE SAUDE CRATEUS";"2014/07/16 00:00:00.000";"SAA";"230125";"";"Sim";"ARARENDA";"2014";"";"";"";"";"Regional";"COMPANHIA DE AGUA E ESGOTO DO CEARA";"CAGECE";;"";"CE";"UNIDADE DE NEGOCIO DA BACIA DO PARNAIBA UNBPA";"7040108000157.0";"2014/07/16 15:45:07.000";"Não";"Sim";"7040108000157.0";"8648"
"Não";"1449.0";;"";"S230720000001";"";"";"";"NORDESTE";"139.0";"SISTEMA JATI";"";"19 REGIONAL DE SAUDE BREJO SANTO";"2014/07/25 00:00:00.000";"SAA";"230720";"";"Sim";"JATI";"2014";"";"";"";"";"Regional";"COMPANHIA DE AGUA E ESGOTO DO CEARA";"CAGECE";;"";"CE";"UNIDADE DE NEGOCIO DA BACIA DO SALGADO UNBSA";"7040108000157.0";"2014/07/25 09:12:03.000";"Não";"Sim";"7040108000157.0";"5072"
"Não";"1833.0";;"";"S230725000002";"";"";"";"NORDESTE";"93.0";"CAGECE JIJOCA SEDE";"";"12 REGIONAL DE SAUDE ACARAU";"2014/07/29 00:00:00.000";"SAA";"230725";"";"Sim";"JIJOCA DE JERICOACOARA";"2014";"";"";"";"";"Regional";"COMPANHIA DE AGUA E ESGOTO DO CEARA";"CAGECE";;"";"CE";"UNIDADE DE NEGOCIO DA BACIA DO ACARAU E COREAU UNBAC";"7040108000157.0";"2014/07/29 08:50:03.000";"Não";"Sim";"7040108000157.0";"6452"
"Sim";"1200.0";;"";"S260070000004";"";"";"";"NORDESTE";"20.0";"CAUEIRAS";"";"XII REGIONAL DE SAUDE";"2014/07/29 00:00:00.000";"SAA";"260070";"";"Sim";"ALIANCA";"2014";"";"";"";"";"Regional";"COMPANHIA PERNAMBUCANA DE SANEAMENTO";"COMPESA";;"";"PE";"GERENCIA REGIONAL DA MATA NORTE";"9769035000164.0";"2014/07/29 09:43:42.000";"Sim";"Não";"9769035000164.0";"4356"
"Não";"2077.0";;"";"S230423000001";"";"";"";"NORDESTE";"1159.0";"CAGECE CROATA";"";"13 REGIONAL DE SAUDE TIANGUA";"2014/07/29 00:00:00.000";"SAA";"230423";"";"Sim";"CROATA";"2014";"";"";"";"";"Regional";"COMPANHIA DE AGUA E ESGOTO DO CEARA";"CAGECE";;"";"CE";"UNIDADE DE NEGOCIO DA BACIA DA SERRA DA IBIAPABA UNBSI";"7040108002281.0";"2014/07/29 10:25:05.000";"Não";"Sim";"7040108000157.0";"7332"
"Sim";"3794.0";;"";"S230340000001";"";"";"";"NORDESTE";"483.0";"CAGECE CARNAUBAL";"";"13 REGIONAL DE SAUDE TIANGUA";"2014/07/29 00:00:00.000";"SAA";"230340";"";"Sim";"CARNAUBAL";"2014";"";"";"";"";"Regional";"COMPANHIA DE AGUA E ESGOTO DO CEARA";"CAGECE";;"";"CE";"UNIDADE DE NEGOCIO DA BACIA DA SERRA DA IBIAPABA UNBSI";"7040108002281.0";"2014/07/29 10:37:49.000";"Sim";"Não";"7040108000157.0";"13886"
"Não";"415.0";;"";"S230340000002";"";"";"";"NORDESTE";"13.0";"SISTEMA FAVEIRA";"";"13 REGIONAL DE SAUDE TIANGUA";"2014/07/29 00:00:00.000";"SAA";"230340";"";"Sim";"CARNAUBAL";"2014";"";"";"";"";"Regional";"COMPANHIA DE AGUA E ESGOTO DO CEARA";"CAGECE";;"";"CE";"UNIDADE DE NEGOCIO DA BACIA DA SERRA DA IBIAPABA UNBSI";"7040108002281.0";"2014/07/29 10:55:40.000";"Não";"Sim";"7040108000157.0";"1519"
"Sim";"26826.0";;"";"S430300000001";"";"";"";"SUL";"0.0";"CACHOEIRA DO SUL";"";"8ª CRS";"2014/03/27 00:00:00.000";"SAA";"430300";"";"Sim";"CACHOEIRA DO SUL";"2014";"";"";"";"";"Regional";"COMPANHIA RIOGRANDENSE DE SANEAMENTO";"CORSAN";;"";"RS";"SUPERINTENDENCIA REGIONAL CENTRAL SURCEN";"92802784036208.0";"2014/03/27 13:30:48.000";"Sim";"Não";"92802784000190.0";"75918"
"Sim";"4901.0";;"";"S431460000001";"";"";"";"SUL";"0.0";"PIRATINI";"";"3ª CRS";"2014/03/27 00:00:00.000";"SAA";"431460";"";"Sim";"PIRATINI";"2014";"";"";"";"";"Regional";"COMPANHIA RIOGRANDENSE DE SANEAMENTO";"CORSAN";;"";"RS";"SUPERINTENDENCIA REGIONAL SUL SURSUL";"92802784036461.0";"2014/03/27 14:21:22.000";"Sim";"Não";"92802784000190.0";"13429"
"Sim";"2575.0";;"";"S431470000001";"";"";"";"SUL";;"PLANALTO";"";"2ª CRS";"2014/03/27 00:00:00.000";"SAA";"431470";"";"Sim";"PLANALTO";"2014";"";"";"";"";"Regional";"COMPANHIA RIOGRANDENSE DE SANEAMENTO";"CORSAN";;"";"RS";"SUPERINTENDENCIA REGIONAL PLANALTO SURPLA";"92802784036380.0";"2014/03/27 14:46:57.000";"Sim";"Não";"92802784000190.0";"7802"
"Sim";"1948.0";;"";"S431510000001";"";"";"";"SUL";"0.0";"PORTO XAVIER";"";"12ª CRS";"2014/03/27 00:00:00.000";"SAA";"431510";"";"Sim";"PORTO XAVIER";"2014";"";"";"";"";"Regional";"COMPANHIA RIOGRANDENSE DE SANEAMENTO";"CORSAN";;"";"RS";"SUPERINTENDENCIA REGIONAL MISSOES SURMIS";"92802784036623.0";"2014/03/27 14:56:19.000";"Sim";"Sim";"92802784000190.0";"5669"
"Sim";"3667.0";;"";"S431550000001";"";"";"";"SUL";;"RESTINGA SECA";"";"4ª CRS";"2014/03/27 00:00:00.000";"SAA";"431550";"";"Sim";"RESTINGA SECA";"2014";"";"";"";"";"Regional";"COMPANHIA RIOGRANDENSE DE SANEAMENTO";"CORSAN";;"";"RS";"SUPERINTENDENCIA REGIONAL CENTRAL SURCEN";"92802784036208.0";"2014/03/27 15:14:11.000";"Sim";"Não";"92802784000190.0";"10818"
"Sim";"9776.0";;"";"S431570000001";"";"";"";"SUL";;"RIO PARDO";"";"13ª CRS";"2014/03/27 00:00:00.000";"SAA";"431570";"";"Sim";"RIO PARDO";"2014";"";"";"";"";"Regional";"COMPANHIA RIOGRANDENSE DE SANEAMENTO";"CORSAN";;"";"RS";"SUPERINTENDENCIA REGIONAL CENTRAL SURCEN";"92802784036208.0";"2014/03/27 15:44:53.000";"Sim";"Não";"92802784000190.0";"28644"
"Não";"11386.0";;"";"S431640000001";"";"";"";"SUL";;"ROSÁRIO DO SUL";"";"10ª CRS";"2014/03/27 00:00:00.000";"SAA";"431640";"";"Sim";"ROSARIO DO SUL";"2014";"";"";"";"";"Regional";"COMPANHIA RIOGRANDENSE DE SANEAMENTO";"CORSAN";;"";"RS";"SUPERINTENDENCIA REGIONAL PAMPA SURPA";"92802784005744.0";"2014/03/27 16:13:34.000";"Sim";"Não";"92802784000190.0";"34158"
"Sim";"2109.0";;"";"S430710000001";"";"";"";"SUL";"0.0";"HERVAL";"";"3ª CRS";"2014/03/31 00:00:00.000";"SAA";"430710";"";"Sim";"HERVAL";"2014";"";"";"";"";"Regional";"COMPANHIA RIOGRANDENSE DE SANEAMENTO";"CORSAN";;"";"RS";"SUPERINTENDENCIA REGIONAL SUL SURSUL";"92802784036461.0";"2014/03/31 11:05:27.000";"Sim";"Não";"92802784000190.0";"5504"
"Não";"730.0";;"";"S430630000001";"";"";"";"SUL";;"DAVID CANABARRO";"";"6ª CRS";"2014/04/16 00:00:00.000";"SAA";"430630";"";"Sim";"DAVID CANABARRO";"2014";"";"";"";"";"Regional";"COMPANHIA RIOGRANDENSE DE SANEAMENTO";"CORSAN";;"";"RS";"SUPERINTENDENCIA REGIONAL PLANALTO SURPLA";"92802784036380.0";"2014/04/16 10:40:23.000";"Não";"Sim";"92802784000190.0";"2270"
"Não";"378.0";;"";"S431849000001";"";"";"";"SUL";;"SÃO JOSÉ DO INHACORÁ";"";"14ª CRS";"2014/04/24 00:00:00.000";"SAA";"431849";"";"Sim";"SAO JOSE DO INHACORA";"2014";"";"";"";"";"Regional";"COMPANHIA RIOGRANDENSE DE SANEAMENTO";"CORSAN";;"";"RS";"SUPERINTENDENCIA REGIONAL MISSOES SURMIS";"92802784036623.0";"2014/04/24 09:42:29.000";"Não";"Sim";"92802784000190.0";"1100"
"Não";"2900.0";;"";"S432140000001";"";"";"";"SUL";;"TENENTE PORTELA";"";"2ª CRS";"2014/05/06 00:00:00.000";"SAA";"432140";"";"Sim";"TENENTE PORTELA";"2014";"";"";"";"";"Regional";"COMPANHIA RIOGRANDENSE DE SANEAMENTO";"CORSAN";;"";"RS";"SUPERINTENDENCIA REGIONAL MISSOES SURMIS";"92802784036623.0";"2014/05/06 08:19:21.000";"Não";"Sim";"92802784000190.0";"9164"
"Não";"5598.0";;"";"S431120000001";"";"";"";"SUL";"0.0";"JÚLIO DE CASTILHOS";"";"4ª CRS";"2014/05/06 00:00:00.000";"SAA";"431120";"";"Sim";"JULIO DE CASTILHOS";"2014";"";"";"";"";"Regional";"COMPANHIA RIOGRANDENSE DE SANEAMENTO";"CORSAN";;"";"RS";"SUPERINTENDENCIA REGIONAL CENTRAL SURCEN";"92802784036208.0";"2014/05/06 10:00:52.000";"Não";"Sim";"92802784000190.0";"17130"
"Não";"190.0";;"";"S410773000001";"";"";"";"SUL";;"ANGAI UT6571";"";"04 RS - IRATI";"2014/03/19 00:00:00.000";"SAA";"410773";"";"Sim";"FERNANDES PINHEIRO";"2014";"";"";"";"";"Regional";"COMPANHIA DE SANEAMENTO DO PARANA";"SANEPAR";;"";"PR";"UR PONTA GROSSA";"76484013000145.0";"2014/05/06 10:29:31.000";"Não";"Sim";"76484013000145.0";"648"
"Não";"647.0";;"";"S354850000001";"";"";"";"SUDESTE";"0.0";"ETA CARUARA";"";"GVS XXV - SANTOS";"2014/03/14 00:00:00.000";"SAA";"354850";"";"Sim";"SANTOS";"2014";"";"";"";"";"Regional";"COMPANHIA DE SANEAMENTO BASICO DO ESTADO DE SAO PAULO";"SABESP";;"";"SP";"SANTOS";"43776517015888.0";"2014/05/06 10:32:50.000";"Sim";"Não";"43776517000180.0";"1870"
"Não";"94.0";;"";"S411010000001";"";"";"";"SUL";;"LONTRAO UT5111";"";"04 RS - IRATI";"2014/03/19 00:00:00.000";"SAA";"411010";"";"Sim";"IMBITUVA";"2014";"";"";"";"";"Regional";"COMPANHIA DE SANEAMENTO DO PARANA";"SANEPAR";;"";"PR";"UR PONTA GROSSA";"76484013000145.0";"2014/05/06 11:11:30.000";"Não";"Sim";"76484013000145.0";"312"
"Sim";"5994.0";;"";"S411010000003";"";"";"";"SUL";;"IMBITUVA UT0181";"";"04 RS - IRATI";"2014/03/19 00:00:00.000";"SAA";"411010";"";"Sim";"IMBITUVA";"2014";"";"";"";"";"Regional";"COMPANHIA DE SANEAMENTO DO PARANA";"SANEPAR";;"";"PR";"UR PONTA GROSSA";"76484013000145.0";"2014/05/06 11:50:16.000";"Sim";"Não";"76484013000145.0";"19900"
"Não";"330.0";;"";"S411010000004";"";"";"";"SUL";;"MATO BRANCO DO MEIO UT4241";"";"04 RS - IRATI";"2014/03/19 00:00:00.000";"SAA";"411010";"";"Sim";"IMBITUVA";"2014";"";"";"";"";"Regional";"COMPANHIA DE SANEAMENTO DO PARANA";"SANEPAR";;"";"PR";"UR PONTA GROSSA";"76484013000145.0";"2014/05/06 11:54:39.000";"Não";"Sim";"76484013000145.0";"1096"
"Sim";"2749.0";;"";"S411120000001";"";"";"";"SUL";;"ITAPEJARA D OESTE UT1291";"";"07 RS - PATO BRANCO";"2014/03/19 00:00:00.000";"SAA";"411120";"";"Sim";"ITAPEJARA D'OESTE";"2014";"";"";"";"";"Regional";"COMPANHIA DE SANEAMENTO DO PARANA";"SANEPAR";;"";"PR";"UR PATO BRANCO";"76484013000145.0";"2014/05/15 10:40:35.000";"Sim";"Sim";"76484013000145.0";"8467"
"Não";"336.0";;"";"S411790000002";"";"";"";"SUL";;"SAO CAMILO UT7221";"";"20 RS - TOLEDO";"2014/03/19 00:00:00.000";"SAA";"411790";"";"Sim";"PALOTINA";"2014";"";"";"";"";"Regional";"COMPANHIA DE SANEAMENTO DO PARANA";"SANEPAR";;"";"PR";"UR TOLEDO";"76484013000145.0";"2014/05/19 09:56:03.000";"Não";"Sim";"76484013000145.0";"1038"
"Não";"248.0";;"";"S412350000002";"";"";"";"SUL";;"MORENINHA UT8031";"";"20 RS - TOLEDO";"2014/03/19 00:00:00.000";"SAA";"412350";"";"Sim";"SANTA HELENA";"2014";"";"";"";"";"Regional";"COMPANHIA DE SANEAMENTO DO PARANA";"SANEPAR";;"";"PR";"UR FOZ DO IGUACU";"76484013000145.0";"2014/05/19 10:06:15.000";"Não";"Sim";"76484013000145.0";"746"
"Não";"935.0";;"";"S412545000001";"";"";"";"SUL";;"SAO JOSE DAS PALMEIRAS UT311";"";"20 RS - TOLEDO";"2014/03/19 00:00:00.000";"SAA";"412545";"";"Sim";"SAO JOSE DAS PALMEIRAS";"2014";"";"";"";"";"Regional";"COMPANHIA DE SANEAMENTO DO PARANA";"SANEPAR";;"";"PR";"UR TOLEDO";"76484013000145.0";"2014/05/19 10:28:14.000";"Não";"Sim";"76484013000145.0";"2917"
"Não";"113.0";;"";"S412740000003";"";"";"";"SUL";;"ALTO ALEGRE UT7791";"";"20 RS - TOLEDO";"2014/03/19 00:00:00.000";"SAA";"412740";"";"Sim";"TERRA ROXA";"2014";"";"";"";"";"Regional";"COMPANHIA DE SANEAMENTO DO PARANA";"SANEPAR";;"";"PR";"UR TOLEDO";"76484013000145.0";"2014/05/19 11:04:24.000";"Não";"Sim";"76484013000145.0";"340"
"Sim";"12498.0";;"";"S412770000002";"";"";"";"SUL";;"TOLEDO UT0281";"";"20 RS - TOLEDO";"2014/02/19 00:00:00.000";"SAA";"412770";"";"Sim";"TOLEDO";"2014";"";"";"";"";"Regional";"COMPANHIA DE SANEAMENTO DO PARANA";"SANEPAR";;"";"PR";"UR TOLEDO";"76484013000145.0";"2014/05/19 11:13:29.000";"Sim";"Sim";"76484013000145.0";"38119"
"Não";"95.0";;"";"S412770000003";"";"";"";"SUL";"0.0";"DOIS IRMAOS UT9171";"";"20 RS - TOLEDO";"2014/03/19 00:00:00.000";"SAA";"412770";"";"Sim";"TOLEDO";"2014";"";"";"";"";"Regional";"COMPANHIA DE SANEAMENTO DO PARANA";"SANEPAR";;"";"PR";"UR TOLEDO";"76484013000145.0";"2014/05/19 11:34:08.000";"Não";"Sim";"76484013000145.0";"290"
"Não";"2685.0";;"";"S351520000001";"";"";"";"SUDESTE";"53.0";"UTA ESTRELA D OESTE";"";"GVS XXX - JALES";"2014/02/17 00:00:00.000";"SAA";"351520";"";"Sim";"ESTRELA D'OESTE";"2014";"";"";"";"";"Regional";"COMPANHIA DE SANEAMENTO BASICO DO ESTADO DE SAO PAULO";"SABESP";;"";"SP";"ESTRELA D OESTE SABESP";"7528402000102.0";"2014/07/01 09:16:20.000";"Não";"Sim";"43776517000180.0";"8055"
"Sim";"4729.0";;"";"S420690000001";"";"";"";"SUL";"0.0";"IBIRAMA";"";"12ª REGIONAL DE SAÚDE- RIO DO SUL";"2014/04/15 00:00:00.000";"SAA";"420690";"";"Sim";"IBIRAMA";"2014";"";"";"";"";"Regional";"COMPANHIA CATARINENSE DE AGUAS E SANEAMENTO";"CASAN";;"";"SC";"SUPERINTENDENCIA REGIONAL DE NEGOCIOS NORTE VALE DO ITAJAI";"82508433007715.0";"2014/07/01 09:26:32.000";"Sim";"Não";"82508433000117.0";"14849"
"Sim";"935.0";;"";"S420760000001";"";"";"";"SUL";"74.0";"CASAN IPIRA PIRATUBA";"";"6ª REGIONAL DE SAÚDE- CONCÓRDIA";"2014/07/01 00:00:00.000";"SAA";"420760";"";"Sim";"IPIRA";"2014";"";"";"";"";"Regional";"COMPANHIA CATARINENSE DE AGUAS E SANEAMENTO";"CASAN";;"";"SC";"SUPERINTENDENCIA REGIONAL DE NEGOCIOS OESTE";"82508433000974.0";"2014/07/01 10:40:40.000";"Sim";"Não";"82508433000117.0";"2786"
"Sim";"6954.0";;"";"S430270000001";"";"";"";"SUL";;"BUTIÁ";"";"1ª CRS";"2014/07/01 00:00:00.000";"SAA";"430270";"";"Sim";"BUTIA";"2014";"";"";"";"";"Regional";"COMPANHIA RIOGRANDENSE DE SANEAMENTO";"CORSAN";;"";"RS";"SUPERINTENDENCIA REGIONAL METROPOLITANA SURMET";"92802784036976.0";"2014/07/01 13:40:15.000";"Sim";"Não";"92802784000190.0";"21001"
"Sim";"105.0";"0";"";"S231180000002";"";"";"";"NORDESTE";"5.0";"CAGECE BONHU";"";"09 REGIONAL DE SAUDE RUSSAS";"2014/07/01 00:00:00.000";"SAA";"231180";"";"Sim";"RUSSAS";"2014";"";"";"";"";"Regional";"COMPANHIA DE AGUA E ESGOTO DO CEARA";"CAGECE";"358";"";"CE";"UNIDADE DE NEGOCIO DA BACIA DO BAIXO E MEDIO JAGUARIBE UNBBJ";"7040108000157.0";"2014/07/01 15:03:53.000";"Sim";"Não";"7040108000157.0";"358"
"Sim";"726.0";;"";"S231180000004";"";"";"";"NORDESTE";"4.0";"CAGECE JARDIM SAO JOSE";"";"09 REGIONAL DE SAUDE RUSSAS";"2014/07/01 00:00:00.000";"SAA";"231180";"";"Sim";"RUSSAS";"2014";"";"";"";"";"Regional";"COMPANHIA DE AGUA E ESGOTO DO CEARA";"CAGECE";;"";"CE";"UNIDADE DE NEGOCIO DA BACIA DO BAIXO E MEDIO JAGUARIBE UNBBJ";"7040108000157.0";"2014/07/01 15:11:32.000";"Sim";"Não";"7040108000157.0";"2476"
"Sim";"5153.0";;"";"S520440000001";"";"";"";"CENTRO-OESTE";"0.0";"CAIAPÔNIA";"";"REGIONAL SUDOESTE II";"2014/04/02 00:00:00.000";"SAA";"520440";"";"Sim";"CAIAPONIA";"2014";"";"";"";"";"Regional";"SANEAMENTO DE GOIAS SA";"SANEAGO";;"";"GO";"GRS JATAI";"1616929000102.0";"2014/07/02 10:46:43.000";"Sim";"Não";"1616929000102.0";"14892"
"Sim";"2224.0";;"";"S522050000001";"";"";"";"CENTRO-OESTE";"0.0";"SERRANOPOLIS";"";"REGIONAL SUDOESTE II";"2014/04/07 00:00:00.000";"SAA";"522050";"";"Sim";"SERRANOPOLIS";"2014";"";"";"";"";"Regional";"SANEAMENTO DE GOIAS SA";"SANEAGO";;"";"GO";"GRS JATAI";"1616929000102.0";"2014/07/02 10:37:33.000";"Sim";"Não";"1616929000102.0";"6805"
"Sim";"3906.0";;"";"S270380000001";"";"";"";"NORDESTE";;"SAA DE JOAQUIM GOMES CASAL";"";"03 REGIÃO UDP AL";"2014/07/03 00:00:00.000";"SAA";"270380";"";"Sim";"JOAQUIM GOMES";"2014";"";"";"";"";"Regional";"COMPANHIA DE SANEAMENTO DE ALAGOAS";"CASAL";;"";"AL";"UNIDADE LESTE RIO LARGO";"12294708000181.0";"2014/07/03 21:16:39.000";"Sim";"Não";"12294708000181.0";"15819"
"Sim";"735.0";;"";"S270390000001";"";"";"";"NORDESTE";;"SAA DE JUNDIA CASAL";"";"03 REGIÃO UDP AL";"2014/07/03 00:00:00.000";"SAA";"270390";"";"Sim";"JUNDIA";"2014";"";"";"";"";"Regional";"COMPANHIA DE SANEAMENTO DE ALAGOAS";"CASAL";;"";"AL";"UNIDADE LESTE RIO LARGO";"12294708000181.0";"2014/07/03 21:25:20.000";"Sim";"Não";"12294708000181.0";"2727"
"Sim";"135.0";;"";"S350535000002";"";"";"";"SUDESTE";"0.0";"ETA BAIRRO PONTE ALTA";"";"GVS XXXII - ITAPEVA";"2014/03/03 00:00:00.000";"SAA";"350535";"";"Sim";"BARRA DO CHAPEU";"2014";"";"";"";"";"Regional";"COMPANHIA DE SANEAMENTO BASICO DO ESTADO DE SAO PAULO";"SABESP";;"";"SP";"APIAI SABESP";"43776517068906.0";"2014/07/21 11:35:04.000";"Sim";"Não";"43776517000180.0";"451"
"Não";"229.0";;"";"S412390000003";"";"";"";"SUL";;"QUIZOPOLIS UT5631";"";"18 RS - CORNELIO PROCOPIO";"2014/03/19 00:00:00.000";"SAA";"412390";"";"Sim";"SANTA MARIANA";"2014";"";"";"";"";"Regional";"COMPANHIA DE SANEAMENTO DO PARANA";"SANEPAR";;"";"PR";"UR CORNELIO PROCOPIO";"76484013000145.0";"2014/07/21 12:02:46.000";"Não";"Sim";"76484013000145.0";"687"
"Sim";"3378.0";;"";"S412840000001";"";"";"";"SUL";;"URAI UT2851";"";"18 RS - CORNELIO PROCOPIO";"2014/03/19 00:00:00.000";"SAA";"412840";"";"Sim";"URAI";"2014";"";"";"";"";"Regional";"COMPANHIA DE SANEAMENTO DO PARANA";"SANEPAR";;"";"PR";"UR CORNELIO PROCOPIO";"76484013000145.0";"2014/07/21 12:42:20.000";"Sim";"Sim";"76484013000145.0";"10235"
"Não";"20.0";;"";"S352070000001";"";"";"";"SUDESTE";;"UTA INDIAPORA";"";"GVS XXX - JALES";"2014/02/17 00:00:00.000";"SAA";"353475";"";"Sim";"OUROESTE";"2014";"";"";"";"";"Regional";"COMPANHIA DE SANEAMENTO BASICO DO ESTADO DE SAO PAULO";"SABESP";;"";"SP";"INDIAPORA SABESP";"43776517020024.0";"2014/07/11 14:05:11.000";"Não";"Sim";"43776517000180.0";"60"
"Sim";"345.0";;"";"S330620000004";"";"";"";"SUDESTE";;"MASSAMBARA";"";"CENTRO SUL FLUMINENSE";"2014/07/31 00:00:00.000";"SAA";"330620";"";"Sim";"VASSOURAS";"2014";"";"";"";"";"Regional";"COMPANHIA ESTADUAL DE AGUAS E ESGOTOS";"CEDAE";;"";"RJ";"MEDIO PARAIBA";"33352394000104.0";"2014/07/31 08:20:37.000";"Sim";"Não";"33352394000104.0";"1066"
"Sim";"800.0";;"";"S330620000005";"";"";"";"SUDESTE";;"ITAKAMOSI";"";"CENTRO SUL FLUMINENSE";"2014/07/31 00:00:00.000";"SAA";"330620";"";"Sim";"VASSOURAS";"2014";"";"";"";"";"Regional";"COMPANHIA ESTADUAL DE AGUAS E ESGOTOS";"CEDAE";;"";"RJ";"MEDIO PARAIBA";"33352394000104.0";"2014/07/31 08:32:24.000";"Sim";"Não";"33352394000104.0";"2472"
"Não";"2306.0";;"";"S230570000001";"";"";"";"NORDESTE";"227.0";"SISTEMA IPAUMIRIM";"";"17 REGIONAL DE SAUDE ICO";"2014/07/31 00:00:00.000";"SAA";"230570";"";"Sim";"IPAUMIRIM";"2014";"";"";"";"";"Regional";"COMPANHIA DE AGUA E ESGOTO DO CEARA";"CAGECE";;"";"CE";"UNIDADE DE NEGOCIO DA BACIA DO SALGADO UNBSA";"7040108000157.0";"2014/07/31 08:45:25.000";"Não";"Sim";"7040108000157.0";"7817"
"Não";"300.0";;"";"S330620000007";"";"";"";"SUDESTE";;"DEMATRIO RIBEIRO";"";"CENTRO SUL FLUMINENSE";"2014/07/31 00:00:00.000";"SAA";"330620";"";"Sim";"VASSOURAS";"2014";"";"";"";"";"Regional";"COMPANHIA ESTADUAL DE AGUAS E ESGOTOS";"CEDAE";;"";"RJ";"MEDIO PARAIBA";"33352394000104.0";"2014/07/31 09:13:38.000";"Não";"Sim";"33352394000104.0";"927"
"Não";;;"";"S355580000001";"";"";"";"SUDESTE";;"UTA URANIA";"";"GVS XXX - JALES";"2014/07/01 00:00:00.000";"SAA";"354765";"";"Sim";"SANTA SALETE";"2014";"";"";"";"";"Regional";"COMPANHIA DE SANEAMENTO BASICO DO ESTADO DE SAO PAULO";"SABESP";;"";"SP";"URANIA SABESP";"43776517076240.0";"2014/07/03 15:47:38.000";"Não";"Sim";"43776517000180.0";"0"
"Sim";"1698.0";;"";"S260230000002";"";"";"";"NORDESTE";"0.0";"ALTO BONITO";"";"IV REGIONAL DE SAUDE";"2014/08/05 00:00:00.000";"SAA";"260230";"";"Sim";"BONITO";"2014";"";"";"";"";"Regional";"COMPANHIA PERNAMBUCANA DE SANEAMENTO";"COMPESA";;"";"PE";"GNR DAS RUSSAS";"9769035000164.0";"2014/08/05 09:31:07.000";"Sim";"Não";"9769035000164.0";"5875"
"Não";"1809.0";;"";"S150140000008";"";"";"";"NORTE";;"COSANPA PANORAMA XXI";"";"1° CRS";"2014/04/14 00:00:00.000";"SAA";"150140";"";"Sim";"BELEM";"2014";"";"";"";"";"Regional";"COMPANHIA DE SANEAMENTO DO PARA";"COSANPA";;"";"PA";"COSANPA REGIONAL METROPOLITANA DE BELEM";"4945341000190.0";"2014/08/05 11:42:07.000";"Não";"Sim";"4945341000190.0";"6820"
"Sim";"136.0";;"";"S280240000002";"";"";"";"NORDESTE";"0.0";"ETA LAGOA PRIMEIRA";"";"NOSSA SENHORA DA GLORIA";"2014/08/05 00:00:00.000";"SAA";"280240";"";"Sim";"GARARU";"2014";"";"";"";"";"Regional";"COMPANHIA DE SANEAMENTO DE SERGIPE";"DESO";;"";"SE";"DESO GARARU";"13018171000190.0";"2014/08/05 11:43:19.000";"Sim";"Não";"13018171000190.0";"477"
"Não";"4280.0";;"";"S150140000010";"";"";"";"NORTE";;"COSANPA BENJAMIN SODRE";"";"1° CRS";"2014/04/14 00:00:00.000";"SAA";"150140";"";"Sim";"BELEM";"2014";"";"";"";"";"Regional";"COMPANHIA DE SANEAMENTO DO PARA";"COSANPA";;"";"PA";"COSANPA REGIONAL METROPOLITANA DE BELEM";"4945341000190.0";"2014/08/05 12:02:48.000";"Não";"Sim";"4945341000190.0";"16136"
"Não";"2407.0";;"";"S261160000007";"";"";"";"NORDESTE";;"POCO DA BICA RES APOIADO ST TEREZA ST TEREZA BICA PARTE BAIXA";"";"I REGIONAL DE SAUDE";"2014/05/12 00:00:00.000";"SAA";"261160";"";"Sim";"RECIFE";"2014";"";"";"";"";"Regional";"COMPANHIA PERNAMBUCANA DE SANEAMENTO";"COMPESA";;"";"PE";"GMN NORTE";"9769035000164.0";"2014/08/05 13:41:08.000";"Não";"Sim";"9769035000164.0";"7823"
"Não";"675.0";;"";"S292170000001";"";"";"";"NORDESTE";"0.0";"SAA DE FEDEGOSO";"";"16 DIRES / JACOBINA / NUCLEO CENTRO-NORTE";"2014/03/10 00:00:00.000";"SAA";"292170";"";"Sim";"MORRO DO CHAPEU";"2014";"";"";"";"";"Regional";"EMPRESA BAIANA DE AGUAS E SANEAMENTO SA";"EMBASA";;"";"BA";"UNI IRECE";"13504675000110.0";"2014/08/05 14:43:19.000";"Não";"Sim";"13504675000110.0";"2383"
"Não";"80.0";;"";"S280440000003";"";"";"";"NORDESTE";"0.0";"ETA MUSSUIPE";"";"PROPRIA";"2014/08/12 00:00:00.000";"SAA";"280440";"";"Sim";"NEOPOLIS";"2014";"";"";"";"";"Regional";"COMPANHIA DE SANEAMENTO DE SERGIPE";"DESO";;"";"SE";"DESO NEOPOLIS";"13018171000190.0";"2014/08/12 10:26:00.000";"Sim";"Não";"13018171000190.0";"290"
"Sim";"1954.0";;"";"S520215000001";"";"";"";"CENTRO-OESTE";;"ARAGUAPAZ";"";"REGIONAL RIO VERMELHO";"2014/03/19 00:00:00.000";"SAA";"520215";"";"Sim";"ARAGUAPAZ";"2014";"";"";"";"";"Regional";"SANEAMENTO DE GOIAS SA";"SANEAGO";;"";"GO";"GRS GOIAS";"1616929000102.0";"2014/08/12 11:29:15.000";"Sim";"Não";"1616929000102.0";"5667"
"Sim";"5679.0";;"";"S293270000001";"";"";"";"NORDESTE";"0.0";"SAA DE URUÇUCA";"";"06 DIRES / ILHEUS / NUCLEO SUL";"2014/07/09 00:00:00.000";"SAA";"293270";"";"Sim";"URUCUCA";"2014";"";"";"";"";"Regional";"EMPRESA BAIANA DE AGUAS E SANEAMENTO SA";"EMBASA";;"";"BA";"USI ITABUNA";"13504675000110.0";"2014/08/12 12:36:13.000";"Sim";"Não";"13504675000110.0";"18570"
"Sim";"2655.0";;"";"S292090000001";"";"";"";"NORDESTE";"0.0";"SAA DE SÃO JOÃO DO PARAÍSO";"";"06 DIRES / ILHEUS / NUCLEO SUL";"2014/07/11 00:00:00.000";"SAA";"292090";"";"Sim";"MASCOTE";"2014";"";"";"";"";"Regional";"EMPRESA BAIANA DE AGUAS E SANEAMENTO SA";"EMBASA";;"";"BA";"USI ITABUNA";"13504675000110.0";"2014/08/12 13:04:42.000";"Sim";"Não";"13504675000110.0";"9372"
"Sim";"1497.0";;"";"S290560000002";"";"";"";"NORDESTE";"0.0";"SAA DE SÃO JOÃO DO PANELINHA";"";"07 DIRES / ITABUNA / NUCLEO SUL";"2014/07/11 00:00:00.000";"SAA";"290560";"";"Sim";"CAMACAN";"2014";"";"";"";"";"Regional";"EMPRESA BAIANA DE AGUAS E SANEAMENTO SA";"EMBASA";;"";"BA";"USI ITABUNA";"13504675000110.0";"2014/08/12 13:12:40.000";"Sim";"Não";"13504675000110.0";"5180"
"Sim";"2042.0";;"";"S260860000001";"";"";"";"NORDESTE";;"ETA LAGOA DO OURO";"";"V REGIONAL DE SAUDE";"2014/08/12 00:00:00.000";"SAA";"260860";"";"Sim";"LAGOA DO OURO";"2014";"";"";"";"";"Regional";"COMPANHIA PERNAMBUCANA DE SANEAMENTO";"COMPESA";;"";"PE";"GNR AGRESTE MERIDIONAL";"9769035000164.0";"2014/08/12 13:12:01.000";"Sim";"Não";"9769035000164.0";"7249"
"Sim";"13497.0";;"";"S320520000001";"";"";"";"SUDESTE";"710.0";"ETA COBI";"";"SUPERINTENDÊNCIA REGIONAL DE SAÚDE METROPOLITANA";"2014/08/12 00:00:00.000";"SAA";"320520";"";"Sim";"VILA VELHA";"2014";"";"";"";"";"Regional";"COMPANHIA ESPIRITO SANTENSE DE SANEAMENTO";"CESAN";;"";"ES";"GRANDE VITORIA GERENCIA DE PESQUISA E CONTROLE DA QUALIDADE";"28151363000147.0";"2014/08/12 15:57:46.000";"Sim";"Não";"28151363000147.0";"41436"
"Não";"1193.0";;"";"S350850000001";"";"";"";"SUDESTE";"0.0";"SABESP GUAMIRIM";"";"GVS XXVII - SÃO JOSÉ DOS CAMPOS";"2014/08/13 00:00:00.000";"SAA";"350850";"";"Sim";"CACAPAVA";"2014";"";"";"";"";"Regional";"COMPANHIA DE SANEAMENTO BASICO DO ESTADO DE SAO PAULO";"SABESP";;"";"SP";"CACAPAVA SABESP";"43776517000341.0";"2014/08/13 12:51:56.000";"Não";"Sim";"43776517000180.0";"4056"
"Não";"59.0";;"";"S350850000006";"";"";"";"SUDESTE";;"SABESP CACAPAVA GUADALUPE";"";"GVS XXVII - SÃO JOSÉ DOS CAMPOS";"2014/08/13 00:00:00.000";"SAA";"350850";"";"Sim";"CACAPAVA";"2014";"";"";"";"";"Regional";"COMPANHIA DE SANEAMENTO BASICO DO ESTADO DE SAO PAULO";"SABESP";;"";"SP";"CACAPAVA SABESP";"43776517000341.0";"2014/08/13 13:57:53.000";"Não";"Sim";"43776517000180.0";"201"
"Sim";"138.0";;"";"S320510000001";"";"";"";"SUDESTE";"5.0";"ETA ARAÇATIBA";"";"SUPERINTENDÊNCIA REGIONAL DE SAÚDE METROPOLITANA";"2014/08/13 00:00:00.000";"SAA";"320510";"";"Sim";"VIANA";"2014";"";"";"";"";"Regional";"COMPANHIA ESPIRITO SANTENSE DE SANEAMENTO";"CESAN";;"";"ES";"GRANDE VITORIA GERENCIA DE PESQUISA E CONTROLE DA QUALIDADE";"28151363000147.0";"2014/08/13 14:28:05.000";"Sim";"Não";"28151363000147.0";"455"
"Não";"130.0";;"";"S171820000001";"";"";"";"NORTE";"0.0";"FOZ SANEATINS ESCOLA BRASIL";"";"AMOR PERFEITO";"2014/07/28 00:00:00.000";"SAA";"171820";"";"Sim";"PORTO NACIONAL";"2014";"";"";"";"";"Regional";"COMPANHIA DE SANEAMENTO DO TOCANTINS";"SANEATINS";;"";"TO";"BRK POLO PORTO NACIONAL";"25089509000183.0";"2014/08/14 08:53:31.000";"Não";"Sim";"25089509000183.0";"463"
"Sim";"37132.0";;"";"S320130000001";"";"";"";"SUDESTE";"3000.0";"ETA VALE ESPERANCA";"";"SUPERINTENDÊNCIA REGIONAL DE SAÚDE METROPOLITANA";"2014/08/14 00:00:00.000";"SAA";"320530";"";"Sim";"VITORIA";"2014";"";"";"";"";"Regional";"COMPANHIA ESPIRITO SANTENSE DE SANEAMENTO";"CESAN";;"";"ES";"GRANDE VITORIA GERENCIA DE PESQUISA E CONTROLE DA QUALIDADE";"28151363000147.0";"2014/08/14 09:03:03.000";"Sim";"Não";"28151363000147.0";"111767"
"Não";"62.0";;"";"S230125000002";"";"";"";"NORDESTE";"0.0";"ITAURU";"";"15 REGIONAL DE SAUDE CRATEUS";"2014/08/15 00:00:00.000";"SAA";"230125";"";"Sim";"ARARENDA";"2014";"";"";"";"";"Regional";"SISTEMA INTEGRADO DE SANEAMENTO RURAL";"SISAR";;"";"CE";"SISTEMA INTEGRADO DE SANEAMENTO RURAL DA BACIA DO PARNAIBA BPA";"4805566000141.0";"2014/08/15 09:45:34.000";"Não";"Sim";"5033853000143.0";"211"
"Não";"21223.0";;"";"S260960000003";"";"";"";"NORDESTE";"0.0";"UNIDADE DE TRATAMENTO P1 3 OL";"";"I REGIONAL DE SAUDE";"2014/08/15 00:00:00.000";"SAA";"260960";"";"Não";"OLINDA";"2014";"";"";"";"";"Regional";"COMPANHIA PERNAMBUCANA DE SANEAMENTO";"COMPESA";;"";"PE";"GMN NORTE";"9769035000164.0";"2014/08/15 13:01:33.000";"Não";"Sim";"9769035000164.0";"70673"
"Sim";"3600.0";;"";"S352170000001";"";"";"";"SUDESTE";"0.0";"ETA ITABERA";"";"GVS XXXII - ITAPEVA";"2014/08/15 00:00:00.000";"SAA";"352170";"";"Sim";"ITABERA";"2014";"";"";"";"";"Regional";"COMPANHIA DE SANEAMENTO BASICO DO ESTADO DE SAO PAULO";"SABESP";;"";"SP";"ITABERA SABESP";"43776517019441.0";"2014/08/15 15:37:13.000";"Sim";"Não";"43776517000180.0";"11592"
"Sim";"809.0";;"";"S410950000001";"";"";"";"SUL";"108.0";"GUARAQUECABA UT1141";"";"01 RS - PARANAGUA";"2014/03/19 00:00:00.000";"SAA";"410950";"";"Sim";"GUARAQUECABA";"2014";"";"";"";"";"Regional";"COMPANHIA DE SANEAMENTO DO PARANA";"SANEPAR";;"";"PR";"UR LITORAL";"76484013000145.0";"2014/03/25 12:03:23.000";"Sim";"Não";"76484013000145.0";"2767"
"Não";"488.0";;"";"S430237000001";"";"";"";"SUL";;"BOM PROGRESSO";"";"2ª CRS";"2014/04/09 00:00:00.000";"SAA";"430237";"";"Sim";"BOM PROGRESSO";"2014";"";"";"";"";"Regional";"COMPANHIA RIOGRANDENSE DE SANEAMENTO";"CORSAN";;"";"RS";"SUPERINTENDENCIA REGIONAL MISSOES SURMIS";"92802784036623.0";"2014/04/09 15:23:23.000";"Não";"Sim";"92802784000190.0";"1454"
"Não";"1372.0";;"";"S430250000001";"";"";"";"SUL";"0.0";"BOSSOROCA";"";"12ª CRS";"2014/04/09 00:00:00.000";"SAA";"430250";"";"Sim";"BOSSOROCA";"2014";"";"";"";"";"Regional";"COMPANHIA RIOGRANDENSE DE SANEAMENTO";"CORSAN";;"";"RS";"SUPERINTENDENCIA REGIONAL PAMPA SURPA";"92802784005744.0";"2014/04/09 15:38:23.000";"Não";"Sim";"92802784000190.0";"3965"
"Não";"728.0";;"";"S430260000001";"";"";"";"SUL";;"BRAGA";"";"15ª CRS";"2014/04/09 00:00:00.000";"SAA";"430260";"";"Sim";"BRAGA";"2014";"";"";"";"";"Regional";"COMPANHIA RIOGRANDENSE DE SANEAMENTO";"CORSAN";;"";"RS";"SUPERINTENDENCIA REGIONAL MISSOES SURMIS";"92802784036623.0";"2014/04/09 15:58:25.000";"Não";"Sim";"92802784000190.0";"2206"
"Não";"387.0";;"";"S431795000001";"";"";"";"SUL";"0.0";"SANTO EXPEDITO DO SUL";"";"6ª CRS";"2014/04/22 00:00:00.000";"SAA";"431795";"";"Sim";"SANTO EXPEDITO DO SUL";"2014";"";"";"";"";"Regional";"COMPANHIA RIOGRANDENSE DE SANEAMENTO";"CORSAN";;"";"RS";"SUPERINTENDENCIA REGIONAL PLANALTO SURPLA";"92802784036380.0";"2014/04/22 16:04:29.000";"Não";"Sim";"92802784000190.0";"1161"
"Não";"1831.0";;"";"S430755000001";"";"";"";"SUL";"0.0";"ESTAÇÃO";"";"11ª CRS";"2014/04/30 00:00:00.000";"SAA";"430755";"";"Sim";"ESTACAO";"2014";"";"";"";"";"Regional";"COMPANHIA RIOGRANDENSE DE SANEAMENTO";"CORSAN";;"";"RS";"SUPERINTENDENCIA REGIONAL PLANALTO SURPLA";"92802784036380.0";"2014/04/30 14:16:19.000";"Não";"Sim";"92802784000190.0";"5438"
"Não";"485.0";;"";"S430786000001";"";"";"";"SUL";"34.0";"FAGUNDES VARELA";"";"5ª CRS";"2014/04/30 00:00:00.000";"SAA";"430786";"";"Sim";"FAGUNDES VARELA";"2014";"";"";"";"";"Regional";"COMPANHIA RIOGRANDENSE DE SANEAMENTO";"CORSAN";;"";"RS";"SUPERINTENDENCIA REGIONAL NORDESTE SURNE";"92802784036895.0";"2014/04/30 14:45:15.000";"Não";"Sim";"92802784000190.0";"1639"
"Não";"1710.0";;"";"S430800000001";"";"";"";"SUL";"0.0";"FAXINAL DO SOTURNO";"";"4ª CRS";"2014/04/30 00:00:00.000";"SAA";"430800";"";"Sim";"FAXINAL DO SOTURNO";"2014";"";"";"";"";"Regional";"COMPANHIA RIOGRANDENSE DE SANEAMENTO";"CORSAN";;"";"RS";"SUPERINTENDENCIA REGIONAL CENTRAL SURCEN";"92802784036208.0";"2014/04/30 16:37:38.000";"Não";"Sim";"92802784000190.0";"5267"
"Não";"854.0";;"";"S432166000001";"";"";"";"SUL";"0.0";"TRÊS CACHOEIRAS";"";"18ª CRS";"2014/05/06 00:00:00.000";"SAA";"432166";"";"Sim";"TRES CACHOEIRAS";"2014";"";"";"";"";"Regional";"COMPANHIA RIOGRANDENSE DE SANEAMENTO";"CORSAN";;"";"RS";"SUPERINTENDENCIA REGIONAL LITORAL SURLIT";"92802784036704.0";"2014/05/06 14:39:40.000";"Não";"Sim";"92802784000190.0";"2536"
"Sim";"13885.0";;"";"S411070000004";"";"";"";"SUL";;"IRATI UT0051";"";"04 RS - IRATI";"2014/03/19 00:00:00.000";"SAA";"411070";"";"Sim";"IRATI";"2014";"";"";"";"";"Regional";"COMPANHIA DE SANEAMENTO DO PARANA";"SANEPAR";;"";"PR";"UR PONTA GROSSA";"76484013000145.0";"2014/05/06 14:58:55.000";"Sim";"Sim";"76484013000145.0";"44154"
"Não";"37.0";;"";"S411070000005";"";"";"";"SUL";;"ITAPARA UT4691";"";"04 RS - IRATI";"2014/03/19 00:00:00.000";"SAA";"411070";"";"Sim";"IRATI";"2014";"";"";"";"";"Regional";"COMPANHIA DE SANEAMENTO DO PARANA";"SANEPAR";;"";"PR";"UR PONTA GROSSA";"76484013000145.0";"2014/05/06 15:05:49.000";"Não";"Sim";"76484013000145.0";"118"
"Sim";"247.0";;"";"S411390000002";"";"";"";"SUL";;"RIO CLARO DO SUL UT4411";"";"04 RS - IRATI";"2014/03/19 00:00:00.000";"SAA";"411390";"";"Sim";"MALLET";"2014";"";"";"";"";"Regional";"COMPANHIA DE SANEAMENTO DO PARANA";"SANEPAR";;"";"PR";"UR UNIAO DA VITORIA";"76484013000145.0";"2014/05/06 15:17:17.000";"Sim";"Não";"76484013000145.0";"798"
"Não";"1211.0";;"";"S432195000001";"";"";"";"SUL";;"TRINDADE DO SUL";"";"15ª CRS";"2014/05/06 00:00:00.000";"SAA";"432195";"";"Sim";"TRINDADE DO SUL";"2014";"";"";"";"";"Regional";"COMPANHIA RIOGRANDENSE DE SANEAMENTO";"CORSAN";;"";"RS";"SUPERINTENDENCIA REGIONAL PLANALTO SURPLA";"92802784036380.0";"2014/05/06 15:32:07.000";"Não";"Sim";"92802784000190.0";"3572"
"Não";"1122.0";;"";"S430163000001";"";"";"";"SUL";"1903.0";"BALNEÁRIO PINHAL";"";"18ª CRS";"2014/05/15 00:00:00.000";"SAA";"430163";"";"Sim";"BALNEARIO PINHAL";"2014";"";"";"";"";"Regional";"COMPANHIA RIOGRANDENSE DE SANEAMENTO";"CORSAN";;"";"RS";"SUPERINTENDENCIA REGIONAL LITORAL SURLIT";"92802784036704.0";"2014/05/15 08:54:38.000";"Não";"Sim";"92802784000190.0";"3209"
"Não";"292.0";;"";"S411440000002";"";"";"";"SUL";;"COVO UT5721";"";"07 RS - PATO BRANCO";"2014/03/19 00:00:00.000";"SAA";"411440";"";"Sim";"MANGUEIRINHA";"2014";"";"";"";"";"Regional";"COMPANHIA DE SANEAMENTO DO PARANA";"SANEPAR";;"";"PR";"UR PATO BRANCO";"76484013000145.0";"2014/05/15 11:11:03.000";"Não";"Sim";"76484013000145.0";"993"
"Não";"82.0";;"";"S411440000003";"";"";"";"SUL";;"MORRO VERDE UT8901";"";"07 RS - PATO BRANCO";"2014/03/19 00:00:00.000";"SAA";"411440";"";"Sim";"MANGUEIRINHA";"2014";"";"";"";"";"Regional";"COMPANHIA DE SANEAMENTO DO PARANA";"SANEPAR";;"";"PR";"UR PATO BRANCO";"76484013000145.0";"2014/05/15 11:19:34.000";"Não";"Sim";"76484013000145.0";"279"
"Não";"1579.0";;"";"S411530000001";"";"";"";"SUL";;"MARIOPOLIS UT1681";"";"07 RS - PATO BRANCO";"2014/03/19 00:00:00.000";"SAA";"411530";"";"Sim";"MARIOPOLIS";"2014";"";"";"";"";"Regional";"COMPANHIA DE SANEAMENTO DO PARANA";"SANEPAR";;"";"PR";"UR PATO BRANCO";"76484013000145.0";"2014/05/15 11:27:56.000";"Não";"Sim";"76484013000145.0";"4800"
"Não";"168.0";;"";"S522170000002";"";"";"";"CENTRO-OESTE";"0.0";"URUCERES";"";"REGIONAL SÃO PATRICIO";"2014/03/18 00:00:00.000";"SAA";"522170";"";"Sim";"URUANA";"2014";"";"";"";"";"Regional";"SANEAMENTO DE GOIAS SA";"SANEAGO";;"";"GO";"GRS CERES";"1616929000102.0";"2014/06/06 13:33:32.000";"Não";"Sim";"1616929000102.0";"487"
"Sim";"5890.0";;"";"S521890000001";"";"";"";"CENTRO-OESTE";"0.0";"RUBIATABA";"";"REGIONAL SÃO PATRICIO";"2014/03/11 00:00:00.000";"SAA";"521890";"";"Sim";"RUBIATABA";"2014";"";"";"";"";"Regional";"SANEAMENTO DE GOIAS SA";"SANEAGO";;"";"GO";"GRS CERES";"1616929000102.0";"2014/06/06 13:50:31.000";"Sim";"Não";"1616929000102.0";"17434"
"Não";"290.0";;"";"S411435000001";"";"";"";"SUL";;"MANFRINOPOLIS UT3891";"";"08 RS - FRANCISCO BELTRAO";"2014/03/19 00:00:00.000";"SAA";"411435";"";"Sim";"MANFRINOPOLIS";"2014";"";"";"";"";"Regional";"COMPANHIA DE SANEAMENTO DO PARANA";"SANEPAR";;"";"PR";"UR FRANCISCO BELTRAO";"76484013000145.0";"2014/06/09 11:10:59.000";"Não";"Sim";"76484013000145.0";"940"
"Não";"1689.0";;"";"S412520000002";"";"";"";"SUL";;"SAO JORGE DO OESTE UT2581";"";"08 RS - FRANCISCO BELTRAO";"2014/03/19 00:00:00.000";"SAA";"412520";"";"Sim";"SAO JORGE D'OESTE";"2014";"";"";"";"";"Regional";"COMPANHIA DE SANEAMENTO DO PARANA";"SANEPAR";;"";"PR";"UR PATO BRANCO";"76484013000145.0";"2014/06/09 13:10:17.000";"Não";"Sim";"76484013000145.0";"5135"
"Não";"120.0";;"";"S412860000002";"";"";"";"SUL";;"PRESIDENTE KENNEDY UT7881";"";"08 RS - FRANCISCO BELTRAO";"2014/03/19 00:00:00.000";"SAA";"412860";"";"Sim";"VERE";"2014";"";"";"";"";"Regional";"COMPANHIA DE SANEAMENTO DO PARANA";"SANEPAR";;"";"PR";"UR PATO BRANCO";"76484013000145.0";"2014/06/09 13:20:49.000";"Não";"Sim";"76484013000145.0";"386"
"Sim";"9300.0";;"";"S420900000001";"";"";"";"SUL";"1674.0";"SISTEMA DE ABASTECIMENTO DE ÁGUA INTEGRADO DE JOAÇABA, HERVAL D'OESTE E LUZERNA";"";"7ª REGIONAÇ DE SAÚDE- JOAÇABA";"2014/06/09 00:00:00.000";"SAA";"420900";"";"Sim";"JOACABA";"2014";"";"";"";"";"Regional";"SERVICO INTERMUNICIPAL DE AGUA E ESGOTO JOACABA";"SIMAE";;"";"SC";"SERVICO INTERMUNICIPAL DE AGUA E ESGOTO SIMAE";"84591890000143.0";"2014/06/09 16:43:20.000";"Sim";"Não";"84591890000143.0";"27528"
"Sim";"1594.0";;"";"S420900000001";"";"";"";"SUL";;"SISTEMA DE ABASTECIMENTO DE ÁGUA INTEGRADO DE JOAÇABA, HERVAL D'OESTE E LUZERNA";"";"7ª REGIONAÇ DE SAÚDE- JOAÇABA";"2014/06/09 00:00:00.000";"SAA";"421003";"";"Sim";"LUZERNA";"2014";"";"";"";"";"Regional";"SERVICO INTERMUNICIPAL DE AGUA E ESGOTO JOACABA";"SIMAE";;"";"SC";"SERVICO INTERMUNICIPAL DE AGUA E ESGOTO SIMAE";"84591890000143.0";"2014/06/09 16:43:20.000";"Sim";"Não";"84591890000143.0";"4654"
"Não";"5000.0";;"";"S530025000001";"";"";"";"CENTRO-OESTE";"19018.0";"SÃO SEBASTIÃO";"";"UNICA";"2014/07/07 00:00:00.000";"SAA";"530025";"";"Sim";"SÃO SEBASTIAO";"2014";"";"";"";"";"Regional";"COMPANHIA DE SANEAMENTO AMBIENTAL DO DISTRITO FEDERAL";"CAESB";;"";"DF";"CAESB REGIONAL UNICA";"82024000137.0";"2014/07/07 08:38:58.000";"Não";"Sim";"82024000137.0";"16500"
"Sim";"3834.0";;"";"S351940000001";"";"";"";"SUDESTE";"0.0";"SABESP IBIRA";"";"GVS XXIX  - SÃO JOSÉ DO RIO PRETO";"2014/03/28 00:00:00.000";"SAA";"351940";"";"Sim";"IBIRA";"2014";"";"";"";"";"Regional";"COMPANHIA DE SANEAMENTO BASICO DO ESTADO DE SAO PAULO";"SABESP";;"";"SP";"IBIRA SABESP";"43776517030330.0";"2014/07/07 08:57:20.000";"Sim";"Não";"43776517000180.0";"11425"
"Não";"3893.0";;"";"S291450000001";"";"";"";"NORDESTE";"0.0";"SAA DE IRARÁ";"";"02 DIRES / FEIRA DE SANTANA / NUCLEO CENTRO-LESTE";"2014/05/06 00:00:00.000";"SAA";"291450";"";"Sim";"IRARA";"2014";"";"";"";"";"Regional";"EMPRESA BAIANA DE AGUAS E SANEAMENTO SA";"EMBASA";;"";"BA";"UNF FEIRA DE SANTANA";"13504675000110.0";"2014/07/07 09:01:02.000";"Não";"Sim";"13504675000110.0";"13664"
"Não";"564.0";;"";"S410165000001";"";"";"";"SUL";;"ARAPUA UT3281";"";"22 RS - IVAIPORA";"2014/03/19 00:00:00.000";"SAA";"410165";"";"Sim";"ARAPUA";"2014";"";"";"";"";"Regional";"COMPANHIA DE SANEAMENTO DO PARANA";"SANEPAR";;"";"PR";"UR APUCARANA";"76484013000145.0";"2014/07/07 10:42:24.000";"Não";"Sim";"76484013000145.0";"1737"
"Sim";"182.0";;"";"S410440000002";"";"";"";"SUL";;"TEREZA CRISTINA UT8831";"";"22 RS - IVAIPORA";"2014/03/19 00:00:00.000";"SAA";"410440";"";"Sim";"CANDIDO DE ABREU";"2014";"";"";"";"";"Regional";"COMPANHIA DE SANEAMENTO DO PARANA";"SANEPAR";;"";"PR";"UR TELEMACO BORBA";"76484013000145.0";"2014/07/07 11:03:55.000";"Sim";"Não";"76484013000145.0";"595"
"Não";"451.0";;"";"S410685000001";"";"";"";"SUL";;"CRUZMALTINA UT3801";"";"22 RS - IVAIPORA";"2014/03/19 00:00:00.000";"SAA";"410685";"";"Sim";"CRUZMALTINA";"2014";"";"";"";"";"Regional";"COMPANHIA DE SANEAMENTO DO PARANA";"SANEPAR";;"";"PR";"UR APUCARANA";"76484013000145.0";"2014/07/07 11:26:41.000";"Não";"Sim";"76484013000145.0";"1348"
"Não";"152.0";;"";"S410685000002";"";"";"";"SUL";;"DINIZOPOLIS UT7741";"";"22 RS - IVAIPORA";"2014/03/19 00:00:00.000";"SAA";"410685";"";"Sim";"CRUZMALTINA";"2014";"";"";"";"";"Regional";"COMPANHIA DE SANEAMENTO DO PARANA";"SANEPAR";;"";"PR";"UR APUCARANA";"76484013000145.0";"2014/07/07 11:32:38.000";"Não";"Sim";"76484013000145.0";"454"
"Não";"2710.0";;"";"S411250000001";"";"";"";"SUL";;"JARDIM ALEGRE UT1421";"";"22 RS - IVAIPORA";"2014/03/19 00:00:00.000";"SAA";"411250";"";"Sim";"JARDIM ALEGRE";"2014";"";"";"";"";"Regional";"COMPANHIA DE SANEAMENTO DO PARANA";"SANEPAR";;"";"PR";"UR APUCARANA";"76484013000145.0";"2014/07/07 11:54:54.000";"Não";"Sim";"76484013000145.0";"8266"
"Não";"2538.0";;"";"S411450000001";"";"";"";"SUL";"0.0";"MANOEL RIBAS UT1601";"";"22 RS - IVAIPORA";"2014/03/19 00:00:00.000";"SAA";"411450";"";"Sim";"MANOEL RIBAS";"2014";"";"";"";"";"Regional";"COMPANHIA DE SANEAMENTO DO PARANA";"SANEPAR";;"";"PR";"UR GUARAPUAVA";"76484013000145.0";"2014/07/07 12:39:17.000";"Não";"Sim";"76484013000145.0";"8401"
"Não";"474.0";;"";"S411573000001";"";"";"";"SUL";;"MATO RICO UT3641";"";"22 RS - IVAIPORA";"2014/03/19 00:00:00.000";"SAA";"411573";"";"Sim";"MATO RICO";"2014";"";"";"";"";"Regional";"COMPANHIA DE SANEAMENTO DO PARANA";"SANEPAR";;"";"PR";"SANEPAR";"76484013000145.0";"2014/07/07 12:43:07.000";"Não";"Sim";"76484013000145.0";"1536"
"Não";"46.0";;"";"S412265000003";"";"";"";"SUL";;"VILA UNIAO UT6661";"";"22 RS - IVAIPORA";"2014/03/19 00:00:00.000";"SAA";"412265";"";"Sim";"ROSARIO DO IVAI";"2014";"";"";"";"";"Regional";"COMPANHIA DE SANEAMENTO DO PARANA";"SANEPAR";;"";"PR";"UR APUCARANA";"76484013000145.0";"2014/07/07 13:16:46.000";"Não";"Sim";"76484013000145.0";"143"
"Sim";"2757.0";;"";"S412500000001";"";"";"";"SUL";;"SAO JOAO DO IVAI UT2551";"";"22 RS - IVAIPORA";"2014/03/19 00:00:00.000";"SAA";"412500";"";"Sim";"SAO JOAO DO IVAI";"2014";"";"";"";"";"Regional";"COMPANHIA DE SANEAMENTO DO PARANA";"SANEPAR";;"";"PR";"UR APUCARANA";"76484013000145.0";"2014/07/07 13:30:53.000";"Sim";"Sim";"76484013000145.0";"8078"
"Não";"1469.0";;"";"S350260000001";"";"";"";"SUDESTE";"1483.0";"UTA APARECIDA DOESTE";"";"GVS XXX - JALES";"2014/01/09 00:00:00.000";"SAA";"350260";"";"Sim";"APARECIDA D'OESTE";"2014";"";"";"";"";"Regional";"COMPANHIA DE SANEAMENTO BASICO DO ESTADO DE SAO PAULO";"SABESP";;"";"SP";"APARECIDA D OESTE SABESP";"43776517046767.0";"2014/07/07 14:11:29.000";"Não";"Sim";"43776517000180.0";"4172"
"Não";"576.0";;"";"S353770000001";"";"";"";"SUDESTE";"0.0";"PIACATU(19)";"";"GVS XI - ARAÇATUBA";"2014/07/07 00:00:00.000";"SAA";"353770";"";"Sim";"PIACATU";"2014";"";"";"";"";"Regional";"COMPANHIA DE SANEAMENTO BASICO DO ESTADO DE SAO PAULO";"SABESP";;"";"SP";"PIACATU SABESP";"43776517027380.0";"2014/07/07 14:06:47.000";"Não";"Sim";"43776517000180.0";"1803"
"Sim";"30000.0";;"";"S410690000005";"";"";"";"SUL";"31501.0";"CURITIBA UT0015";"";"02 RS - CURITIBA";"2014/03/19 00:00:00.000";"SAA";"410690";"";"Sim";"CURITIBA";"2014";"";"";"";"";"Regional";"COMPANHIA DE SANEAMENTO DO PARANA";"SANEPAR";;"";"PR";"US PRODUCAO DE CURITIBA USPD";"76484013000145.0";"2014/07/07 15:08:51.000";"Sim";"Não";"76484013000145.0";"90900"
"Sim";"2281.0";;"";"S290685000001";"";"";"";"NORDESTE";"0.0";"SIAA DE CAPELA DO ALTO ALEGRE";"";"02 DIRES / FEIRA DE SANTANA / NUCLEO CENTRO-LESTE";"2014/05/06 00:00:00.000";"SAA";"290685";"";"Sim";"CAPELA DO ALTO ALEGRE";"2014";"";"";"";"";"Regional";"EMPRESA BAIANA DE AGUAS E SANEAMENTO SA";"EMBASA";;"";"BA";"UNF FEIRA DE SANTANA";"13504675000110.0";"2014/07/10 07:59:30.000";"Sim";"Não";"13504675000110.0";"6980"
"Sim";"1986.0";;"";"S290685000001";"";"";"";"NORDESTE";"0.0";"SIAA DE CAPELA DO ALTO ALEGRE";"";"02 DIRES / FEIRA DE SANTANA / NUCLEO CENTRO-LESTE";"2014/05/06 00:00:00.000";"SAA";"292465";"";"Sim";"PINTADAS";"2014";"";"";"";"";"Regional";"EMPRESA BAIANA DE AGUAS E SANEAMENTO SA";"EMBASA";;"";"BA";"UNF FEIRA DE SANTANA";"13504675000110.0";"2014/07/10 07:59:30.000";"Sim";"Não";"13504675000110.0";"7150"
"Sim";"1979.0";;"";"S521990000001";"";"";"";"CENTRO-OESTE";;"SAO FRANCISCO";"";"REGIONAL CENTRAL";"2014/03/10 00:00:00.000";"SAA";"521990";"";"Sim";"SAO FRANCISCO DE GOIAS";"2014";"";"";"";"";"Regional";"SANEAMENTO DE GOIAS SA";"SANEAGO";;"";"GO";"GRS ANAPOLIS";"1616929000102.0";"2014/07/10 08:20:52.000";"Sim";"Não";"1616929000102.0";"5957"
"Sim";"548.0";;"";"S292630000002";"";"";"";"NORDESTE";"0.0";"SAA DE VILA APARECIDA";"";"02 DIRES / FEIRA DE SANTANA / NUCLEO CENTRO-LESTE";"2014/05/06 00:00:00.000";"SAA";"292630";"";"Sim";"RIACHAO DO JACUIPE";"2014";"";"";"";"";"Regional";"EMPRESA BAIANA DE AGUAS E SANEAMENTO SA";"EMBASA";;"";"BA";"UNF FEIRA DE SANTANA";"13504675000110.0";"2014/07/10 08:33:34.000";"Sim";"Não";"13504675000110.0";"1792"
"Não";"209.0";;"";"S520970000002";"";"";"";"CENTRO-OESTE";;"NOVA FATIMA";"";"REGIONAL CENTRO SUL";"2014/01/07 00:00:00.000";"SAA";"520970";"";"Sim";"HIDROLANDIA";"2014";"";"";"";"";"Regional";"SANEAMENTO DE GOIAS SA";"SANEAGO";;"";"GO";"PGPO GOIANIA";"1616929000102.0";"2014/07/10 08:53:24.000";"Não";"Sim";"1616929000102.0";"665"
"Não";"345.0";;"";"S270430000016";"";"";"";"NORDESTE";;"SAA MACEIO PAULO BANDEIRA";"";"01 REGIÃO MCZ AL";"2014/07/10 00:00:00.000";"SAA";"270430";"";"Sim";"MACEIO";"2014";"";"";"";"";"Regional";"COMPANHIA DE SANEAMENTO DE ALAGOAS";"CASAL";;"";"AL";"UNIDADE METROPOLITANA MACEIO";"12294708000181.0";"2014/07/10 08:53:08.000";"Não";"Sim";"12294708000181.0";"1170"
"Sim";"2679.0";;"";"S292405000001";"";"";"";"NORDESTE";"0.0";"SIAA DE PÉ DE SERRA";"";"02 DIRES / FEIRA DE SANTANA / NUCLEO CENTRO-LESTE";"2014/05/06 00:00:00.000";"SAA";"292405";"";"Sim";"PE DE SERRA";"2014";"";"";"";"";"Regional";"EMPRESA BAIANA DE AGUAS E SANEAMENTO SA";"EMBASA";;"";"BA";"UNF FEIRA DE SANTANA";"13504675000110.0";"2014/07/10 09:02:35.000";"Sim";"Não";"13504675000110.0";"9055"
"Sim";"525.0";;"";"S292405000001";"";"";"";"NORDESTE";"0.0";"SIAA DE PÉ DE SERRA";"";"02 DIRES / FEIRA DE SANTANA / NUCLEO CENTRO-LESTE";"2014/05/06 00:00:00.000";"SAA";"291400";"";"Sim";"IPIRA";"2014";"";"";"";"";"Regional";"EMPRESA BAIANA DE AGUAS E SANEAMENTO SA";"EMBASA";;"";"BA";"UNF FEIRA DE SANTANA";"13504675000110.0";"2014/07/10 09:02:35.000";"Sim";"Não";"13504675000110.0";"1822"
"Não";"266.0";;"";"S353475000002";"";"";"";"SUDESTE";"266.0";"UTA ARABA";"";"GVS XXX - JALES";"2014/02/17 00:00:00.000";"SAA";"353475";"";"Sim";"OUROESTE";"2014";"";"";"";"";"Regional";"COMPANHIA DE SANEAMENTO BASICO DO ESTADO DE SAO PAULO";"SABESP";;"";"SP";"OUROESTE SABESP";"43776517066369.0";"2014/07/10 10:29:18.000";"Não";"Sim";"43776517000180.0";"798"
"Não";"100.0";;"";"S270430000023";"";"";"";"NORDESTE";;"SAA MACEIO CAMPOS DO JORDAO";"";"01 REGIÃO MCZ AL";"2014/07/10 00:00:00.000";"SAA";"270430";"";"Não";"MACEIO";"2014";"";"";"";"";"Regional";"COMPANHIA DE SANEAMENTO DE ALAGOAS";"CASAL";;"";"AL";"UNIDADE METROPOLITANA MACEIO";"12294708000181.0";"2014/07/10 10:57:05.000";"Não";"Sim";"12294708000181.0";"339"
"Não";"22000.0";;"";"S351550000001";"";"";"";"SUDESTE";"28593.0";"UTA FERNANDOPOLIS";"";"GVS XXX - JALES";"2014/07/10 00:00:00.000";"SAA";"351550";"";"Sim";"FERNANDOPOLIS";"2014";"";"";"";"";"Regional";"COMPANHIA DE SANEAMENTO BASICO DO ESTADO DE SAO PAULO";"SABESP";;"";"SP";"FERNANDOPOLIS SABESP";"71544878000136.0";"2014/07/10 10:55:50.000";"Não";"Sim";"43776517000180.0";"65120"
"Não";"300.0";;"";"S270430000024";"";"";"";"NORDESTE";;"SAA MACEIO LUCILA TOLEDO";"";"01 REGIÃO MCZ AL";"2014/07/10 00:00:00.000";"SAA";"270430";"";"Não";"MACEIO";"2014";"";"";"";"";"Regional";"COMPANHIA DE SANEAMENTO DE ALAGOAS";"CASAL";;"";"AL";"UNIDADE METROPOLITANA MACEIO";"12294708000181.0";"2014/07/10 11:11:29.000";"Não";"Sim";"12294708000181.0";"1017"
"Sim";"400.0";;"";"S280460000001";"";"";"";"NORDESTE";"0.0";"ETA NOSSA SENHORA DAS DORES";"";"NOSSA SENHORA DO SOCORRO";"2014/07/10 00:00:00.000";"SAA";"280460";"";"Sim";"NOSSA SENHORA DAS DORES";"2014";"";"";"";"";"Regional";"COMPANHIA DE SANEAMENTO DE SERGIPE";"DESO";;"";"SE";"DESO NOSSA SENHORA DAS DORES";"13018171000190.0";"2014/07/10 11:49:47.000";"Sim";"Não";"13018171000190.0";"1348"
"Não";"2470.0";;"";"S410310000001";"";"";"";"SUL";"0.0";"BOCAIUVA DO SUL UT0571";"";"02 RS - CURITIBA";"2014/03/19 00:00:00.000";"SAA";"410310";"";"Sim";"BOCAIUVA DO SUL";"2014";"";"";"";"";"Regional";"COMPANHIA DE SANEAMENTO DO PARANA";"SANEPAR";;"";"PR";"US PRODUCAO DE CURITIBA USPD";"76484013000145.0";"2014/07/10 13:57:49.000";"Não";"Sim";"76484013000145.0";"8349"
"Não";"118.0";;"";"S410400000001";"";"";"";"SUL";"0.0";"JAGUATIRICA UT6341";"";"02 RS - CURITIBA";"2014/03/19 00:00:00.000";"SAA";"410400";"";"Sim";"CAMPINA GRANDE DO SUL";"2014";"";"";"";"";"Regional";"COMPANHIA DE SANEAMENTO DO PARANA";"SANEPAR";;"";"PR";"US PRODUCAO DE CURITIBA USPD";"76484013000145.0";"2014/07/10 14:01:21.000";"Não";"Sim";"76484013000145.0";"393"
"Sim";"1473.0";;"";"S410410000001";"";"";"";"SUL";"0.0";"CAMPO DO TENENTE UT0661";"";"02 RS - CURITIBA";"2014/03/19 00:00:00.000";"SAA";"410410";"";"Sim";"CAMPO DO TENENTE";"2014";"";"";"";"";"Regional";"COMPANHIA DE SANEAMENTO DO PARANA";"SANEPAR";;"";"PR";"US PRODUCAO DE CURITIBA USPD";"76484013000145.0";"2014/07/10 14:31:09.000";"Sim";"Não";"76484013000145.0";"5111"
"Não";"522.0";;"";"S410420000002";"";"";"";"SUL";"0.0";"BATEIAS UT4661";"";"02 RS - CURITIBA";"2014/03/19 00:00:00.000";"SAA";"410420";"";"Sim";"CAMPO LARGO";"2014";"";"";"";"";"Regional";"COMPANHIA DE SANEAMENTO DO PARANA";"SANEPAR";;"";"PR";"US PRODUCAO DE CURITIBA USPD";"76484013000145.0";"2014/07/10 14:58:32.000";"Não";"Sim";"76484013000145.0";"1712"
"Sim";"261.0";;"";"S520110000001";"";"";"";"CENTRO-OESTE";"0.0";"INTERLANDIA";"";"REGIONAL PIRENEUS";"2014/07/31 00:00:00.000";"SAA";"520110";"";"Sim";"ANAPOLIS";"2014";"";"";"";"";"Regional";"SANEAMENTO DE GOIAS SA";"SANEAGO";;"";"GO";"GRS ANAPOLIS";"1616929000102.0";"2014/07/31 10:23:05.000";"Sim";"Não";"1616929000102.0";"835"
"Não";"2430.0";;"";"S520025000001";"";"";"";"CENTRO-OESTE";"23.0";"PORTAL DA BARRAGEM";"";"REGIONAL ENTORNO SUL";"2014/07/31 00:00:00.000";"SAA";"520025";"";"Não";"AGUAS LINDAS DE GOIAS";"2014";"";"";"";"";"Regional";"SANEAMENTO DE GOIAS SA";"SANEAGO";;"";"GO";"GRS LUZIANIA";"1616929000102.0";"2014/07/31 11:45:44.000";"Não";"Sim";"1616929000102.0";"8748"
"Não";"108.0";;"";"S520549000003";"";"";"";"CENTRO-OESTE";"0.0";"MESQUITA";"";"REGIONAL ENTORNO SUL";"2014/05/12 00:00:00.000";"SAA";"520549";"";"Sim";"CIDADE OCIDENTAL";"2014";"";"";"";"";"Regional";"SANEAMENTO DE GOIAS SA";"SANEAGO";;"";"GO";"GRS LUZIANIA";"1616929000102.0";"2014/07/31 13:08:31.000";"Não";"Sim";"1616929000102.0";"380"
"Sim";"5773.0";;"";"S230850000001";"";"";"";"NORDESTE";"338.0";"CAGECE MOMBACA";"";"18 REGIONAL DE SAUDE IGUATU";"2014/07/31 00:00:00.000";"SAA";"230850";"";"Sim";"MOMBACA";"2014";"";"";"";"";"Regional";"COMPANHIA DE AGUA E ESGOTO DO CEARA";"CAGECE";;"";"CE";"UNIDADE DE NEGOCIO DA BACIA DE BANABUIU UNBBA";"7040108000157.0";"2014/07/31 14:19:15.000";"Sim";"Não";"7040108000157.0";"20552"
"Não";"515.0";;"";"S521305000001";"";"";"";"CENTRO-OESTE";;"MIMOSO";"";"REGIONAL SÃO PATRICIO II";"2014/07/31 00:00:00.000";"SAA";"521305";"";"Sim";"MIMOSO DE GOIAS";"2014";"";"";"";"";"Regional";"SANEAMENTO DE GOIAS SA";"SANEAGO";;"";"GO";"GRS LUZIANIA";"1616929000102.0";"2014/07/31 14:35:07.000";"Não";"Sim";"1616929000102.0";"1591"
"Sim";"500.0";;"";"S280640000002";"";"";"";"NORDESTE";"0.0";"ETA DO POV SAUDE";"";"PROPRIA";"2014/08/14 00:00:00.000";"SAA";"280640";"";"Sim";"SANTANA DO SAO FRANCISCO";"2014";"";"";"";"";"Regional";"COMPANHIA DE SANEAMENTO DE SERGIPE";"DESO";;"";"SE";"DESO SANTANA DO SAO FRANCISCO";"13018171000190.0";"2014/08/14 10:19:53.000";"Sim";"Não";"13018171000190.0";"1895"
"Sim";"115.0";;"";"S351760000005";"";"";"";"SUDESTE";"0.0";"ETA CAPINZAL E EMPOSSADOS";"";"GVS XXXII - ITAPEVA";"2014/03/10 00:00:00.000";"SAA";"351760";"";"Sim";"GUAPIARA";"2014";"";"";"";"";"Regional";"COMPANHIA DE SANEAMENTO BASICO DO ESTADO DE SAO PAULO";"SABESP";;"";"SP";"GUAPIARA SABESP";"43776517016345.0";"2014/08/15 13:24:33.000";"Sim";"Não";"43776517000180.0";"381"
"Sim";"1789.0";;"";"S261290000001";"";"";"";"NORDESTE";;"SÃO BENEDITO DO SUL";"";"III REGIONAL DE SAUDE";"2014/08/13 00:00:00.000";"SAA";"261290";"";"Sim";"SAO BENEDITO DO SUL";"2014";"";"";"";"";"Regional";"COMPANHIA PERNAMBUCANA DE SANEAMENTO";"COMPESA";;"";"PE";"GERENCIA DE NEGOCIOS REGIONAL DO UNA";"9769035000164.0";"2014/08/18 07:18:34.000";"Sim";"Não";"9769035000164.0";"7818"
"Não";"150.0";;"";"S230110000013";"";"";"";"NORDESTE";"0.0";"BARREIRA DOS VIANAS";"";"07 REGIONAL DE SAUDE ARACATI";"2014/08/18 00:00:00.000";"SAA";"230110";"";"Não";"ARACATI";"2014";"";"";"";"";"Regional";"SISTEMA INTEGRADO DE SANEAMENTO RURAL";"SISAR";;"";"CE";"SISTEMA INTEGRADO DE SANEAMENTO RURAL DA BACIA DO BAIXO E MEDIO JAGUARIBE BBJ";"5033853000143.0";"2014/08/18 08:20:23.000";"Não";"Sim";"5033853000143.0";"524"
"Não";"196.0";;"";"S170210000003";"";"";"";"NORTE";"0.0";"FOZ SANEATINS -ARAGUAINA UTS 007";"";"MEDIO NORTE ARAGUAIA";"2014/07/31 00:00:00.000";"SAA";"170210";"";"Sim";"ARAGUAINA";"2014";"";"";"";"";"Regional";"COMPANHIA DE SANEAMENTO DO TOCANTINS";"SANEATINS";;"";"TO";"BRK POLO ARAGUAINA";"25089509000183.0";"2014/08/18 09:26:06.000";"Não";"Sim";"25089509000183.0";"670"
"Sim";"1039.0";;"";"S270580000001";"";"";"";"NORDESTE";;"SAA DE OLHO DAGUA DO CASADO";"";"10 REGIÃO DEG AL";"2014/02/18 00:00:00.000";"SAA";"270580";"";"Sim";"OLHO D'AGUA DO CASADO";"2014";"";"";"";"";"Regional";"COMPANHIA DE SANEAMENTO DE ALAGOAS";"CASAL";;"";"AL";"UNIDADE SERTAO DELMIRO GOUVEIA";"12294708000181.0";"2014/02/18 15:32:09.000";"Sim";"Não";"12294708000181.0";"4114"
"Sim";"1065.0";;"";"S430360000001";"";"";"";"SUL";;"CAMBARÁ DO SUL";"";"1ª CRS";"2014/03/27 00:00:00.000";"SAA";"430360";"";"Sim";"CAMBARA DO SUL";"2014";"";"";"";"";"Regional";"COMPANHIA RIOGRANDENSE DE SANEAMENTO";"CORSAN";;"";"RS";"SUPERINTENDENCIA REGIONAL NORDESTE SURNE";"92802784036895.0";"2014/03/27 14:22:21.000";"Sim";"Sim";"92802784000190.0";"3184"
"Sim";"1677.0";;"";"S430380000001";"";"";"";"SUL";"0.0";"CAMPINAS DO SUL";"";"11ª CRS";"2014/03/27 00:00:00.000";"SAA";"430380";"";"Sim";"CAMPINAS DO SUL";"2014";"";"";"";"";"Regional";"COMPANHIA RIOGRANDENSE DE SANEAMENTO";"CORSAN";;"";"RS";"SUPERINTENDENCIA REGIONAL PLANALTO SURPLA";"92802784036380.0";"2014/03/27 14:44:34.000";"Sim";"Sim";"92802784000190.0";"4897"
"Sim";"16996.0";;"";"S430390000001";"";"";"";"SUL";"0.0";"CAMPO BOM";"";"1ª CRS";"2014/03/27 00:00:00.000";"SAA";"430390";"";"Sim";"CAMPO BOM";"2014";"";"";"";"";"Regional";"COMPANHIA RIOGRANDENSE DE SANEAMENTO";"CORSAN";;"";"RS";"SUPERINTENDENCIA REGIONAL SINOS SURSIN";"92802784031150.0";"2014/03/27 14:52:57.000";"Sim";"Não";"92802784000190.0";"50648"
"Sim";"69836.0";;"";"S431560000001";"";"";"";"SUL";"0.0";"RIO GRANDE";"";"3ª CRS";"2014/03/27 00:00:00.000";"SAA";"431560";"";"Sim";"RIO GRANDE";"2014";"";"";"";"";"Regional";"COMPANHIA RIOGRANDENSE DE SANEAMENTO";"CORSAN";;"";"RS";"SUPERINTENDENCIA REGIONAL SUL SURSUL";"92802784036461.0";"2014/03/27 15:31:32.000";"Sim";"Sim";"92802784000190.0";"205318"
"Não";"646.0";;"";"S430063000001";"";"";"";"SUL";"0.0";"AMARAL FERRADOR";"";"3ª CRS";"2014/03/28 00:00:00.000";"SAA";"430063";"";"Sim";"AMARAL FERRADOR";"2014";"";"";"";"";"Regional";"COMPANHIA RIOGRANDENSE DE SANEAMENTO";"CORSAN";;"";"RS";"SUPERINTENDENCIA REGIONAL SUL SURSUL";"92802784036461.0";"2014/03/28 13:07:41.000";"Não";"Sim";"92802784000190.0";"1944"
"Sim";"12299.0";;"";"S430660000001";"";"";"";"SUL";;"DOM PEDRITO";"";"7ª CRS";"2014/03/28 00:00:00.000";"SAA";"430660";"";"Sim";"DOM PEDRITO";"2014";"";"";"";"";"Regional";"COMPANHIA RIOGRANDENSE DE SANEAMENTO";"CORSAN";;"";"RS";"SUPERINTENDENCIA REGIONAL PAMPA SURPA";"92802784005744.0";"2014/03/28 13:49:27.000";"Sim";"Não";"92802784000190.0";"36159"
"Sim";"6717.0";;"";"S430680000001";"";"";"";"SUL";;"ENCANTADO";"";"16ª CRS";"2014/03/28 00:00:00.000";"SAA";"430680";"";"Sim";"ENCANTADO";"2014";"";"";"";"";"Regional";"COMPANHIA RIOGRANDENSE DE SANEAMENTO";"CORSAN";;"";"RS";"SUPERINTENDENCIA REGIONAL NORDESTE SURNE";"92802784036895.0";"2014/03/28 14:11:50.000";"Sim";"Sim";"92802784000190.0";"19412"
"Sim";"1738.0";;"";"S430830000001";"";"";"";"SUL";;"FONTOURA XAVIER";"";"6ª CRS";"2014/03/28 00:00:00.000";"SAA";"430830";"";"Sim";"FONTOURA XAVIER";"2014";"";"";"";"";"Regional";"COMPANHIA RIOGRANDENSE DE SANEAMENTO";"CORSAN";;"";"RS";"SUPERINTENDENCIA REGIONAL NORDESTE SURNE";"92802784036895.0";"2014/03/28 16:10:19.000";"Sim";"Sim";"92802784000190.0";"5492"
"Sim";"1194.0";;"";"S430840000001";"";"";"";"SUL";;"FORMIGUEIRO";"";"4ª CRS";"2014/03/28 00:00:00.000";"SAA";"430840";"";"Sim";"FORMIGUEIRO";"2014";"";"";"";"";"Regional";"COMPANHIA RIOGRANDENSE DE SANEAMENTO";"CORSAN";;"";"RS";"SUPERINTENDENCIA REGIONAL CENTRAL SURCEN";"92802784036208.0";"2014/03/28 16:25:05.000";"Sim";"Não";"92802784000190.0";"3546"
"Sim";"9345.0";;"";"S430850000001";"";"";"";"SUL";;"FREDERICO WESTPHALEN";"";"2ª CRS";"2014/03/28 00:00:00.000";"SAA";"430850";"";"Sim";"FREDERICO WESTPHALEN";"2014";"";"";"";"";"Regional";"COMPANHIA RIOGRANDENSE DE SANEAMENTO";"CORSAN";;"";"RS";"SUPERINTENDENCIA REGIONAL PLANALTO SURPLA";"92802784036380.0";"2014/03/28 16:42:10.000";"Sim";"Não";"92802784000190.0";"28035"
"Sim";"9637.0";;"";"S430860000001";"";"";"";"SUL";"0.0";"GARIBALDI";"";"5ª CRS";"2014/03/28 00:00:00.000";"SAA";"430860";"";"Sim";"GARIBALDI";"2014";"";"";"";"";"Regional";"COMPANHIA RIOGRANDENSE DE SANEAMENTO";"CORSAN";;"";"RS";"SUPERINTENDENCIA REGIONAL NORDESTE SURNE";"92802784036895.0";"2014/03/28 16:48:01.000";"Sim";"Sim";"92802784000190.0";"29104"
"Sim";"2248.0";;"";"S430880000001";"";"";"";"SUL";"0.0";"GENERAL CAMARA";"";"1ª CRS";"2014/03/28 00:00:00.000";"SAA";"430880";"";"Sim";"GENERAL CAMARA";"2014";"";"";"";"";"Regional";"COMPANHIA RIOGRANDENSE DE SANEAMENTO";"CORSAN";;"";"RS";"SUPERINTENDENCIA REGIONAL METROPOLITANA SURMET";"92802784036976.0";"2014/03/28 17:00:06.000";"Sim";"Sim";"92802784000190.0";"6294"
"Não";"2503.0";;"";"S230425000002";"";"";"";"NORDESTE";"151.0";"CAGECE CRUZ";"";"12 REGIONAL DE SAUDE ACARAU";"2014/04/01 00:00:00.000";"SAA";"230425";"";"Sim";"CRUZ";"2014";"";"";"";"";"Regional";"COMPANHIA DE AGUA E ESGOTO DO CEARA";"CAGECE";;"";"CE";"UNIDADE DE NEGOCIO DA BACIA DO ACARAU E COREAU UNBAC";"7040108000157.0";"2014/04/01 14:22:20.000";"Não";"Sim";"7040108000157.0";"9086"
"Sim";"745.0";;"";"S280280000001";"";"";"";"NORDESTE";"0.0";"ETA INDIAROBA";"";"ESTANCIA";"2014/01/02 00:00:00.000";"SAA";"280280";"";"Sim";"INDIAROBA";"2014";"";"";"";"";"Regional";"COMPANHIA DE SANEAMENTO DE SERGIPE";"DESO";;"";"SE";"DESO INDIAROBA";"13018171000190.0";"2014/04/08 09:02:18.000";"Sim";"Não";"13018171000190.0";"2965"
"Sim";"5614.0";;"";"S280300000001";"";"";"";"NORDESTE";"0.0";"ETA ITABAIANINHA";"";"ESTANCIA";"2014/01/02 00:00:00.000";"SAA";"280300";"";"Sim";"ITABAIANINHA";"2014";"";"";"";"";"Regional";"COMPANHIA DE SANEAMENTO DE SERGIPE";"DESO";;"";"SE";"DESO ITABAIANINHA";"13018171000190.0";"2014/04/08 09:16:32.000";"Sim";"Não";"13018171000190.0";"20884"
"Sim";"1500.0";;"";"S280300000001";"";"";"";"NORDESTE";"0.0";"ETA ITABAIANINHA";"";"ESTANCIA";"2014/01/02 00:00:00.000";"SAA";"280750";"";"Sim";"TOMAR DO GERU";"2014";"";"";"";"";"Regional";"COMPANHIA DE SANEAMENTO DE SERGIPE";"DESO";;"";"SE";"DESO ITABAIANINHA";"13018171000190.0";"2014/04/08 09:16:32.000";"Sim";"Não";"13018171000190.0";"5415"
"Não";"5177.0";;"";"S431265000001";"";"";"";"SUL";;"NÃO-ME-TOQUE";"";"6ª CRS";"2014/04/08 00:00:00.000";"SAA";"431265";"";"Sim";"NAO-ME-TOQUE";"2014";"";"";"";"";"Regional";"COMPANHIA RIOGRANDENSE DE SANEAMENTO";"CORSAN";;"";"RS";"SUPERINTENDENCIA REGIONAL MISSOES SURMIS";"92802784036623.0";"2014/04/08 08:46:25.000";"Não";"Sim";"92802784000190.0";"14910"
"Sim";"4000.0";;"";"S280570000001";"";"";"";"NORDESTE";"0.0";"ETA PROPRIA";"";"PROPRIA";"2014/01/02 00:00:00.000";"SAA";"280570";"";"Sim";"PROPRIA";"2014";"";"";"";"";"Regional";"COMPANHIA DE SANEAMENTO DE SERGIPE";"DESO";;"";"SE";"INTEGRADO PROPRIA";"13018171000190.0";"2014/04/08 09:35:36.000";"Sim";"Não";"13018171000190.0";"14040"
"Sim";"800.0";;"";"S280570000001";"";"";"";"NORDESTE";"0.0";"ETA PROPRIA";"";"PROPRIA";"2014/01/02 00:00:00.000";"SAA";"280160";"";"Sim";"CEDRO DE SAO JOAO";"2014";"";"";"";"";"Regional";"COMPANHIA DE SANEAMENTO DE SERGIPE";"DESO";;"";"SE";"INTEGRADO PROPRIA";"13018171000190.0";"2014/04/08 09:35:36.000";"Sim";"Não";"13018171000190.0";"2656"
"Sim";"6804.0";;"";"S431960000001";"";"";"";"SUL";"0.0";"SÃO SEPÉ";"";"4ª CRS";"2014/04/08 00:00:00.000";"SAA";"431960";"";"Sim";"SAO SEPE";"2014";"";"";"";"";"Regional";"COMPANHIA RIOGRANDENSE DE SANEAMENTO";"CORSAN";;"";"RS";"SUPERINTENDENCIA REGIONAL CENTRAL SURCEN";"92802784036208.0";"2014/04/08 09:44:15.000";"Sim";"Sim";"92802784000190.0";"19255"
"Sim";"6318.0";;"";"S432010000001";"";"";"";"SUL";;"SARANDI";"";"15ª CRS";"2014/04/08 00:00:00.000";"SAA";"432010";"";"Sim";"SARANDI";"2014";"";"";"";"";"Regional";"COMPANHIA RIOGRANDENSE DE SANEAMENTO";"CORSAN";;"";"RS";"SUPERINTENDENCIA REGIONAL PLANALTO SURPLA";"92802784036380.0";"2014/04/08 10:11:15.000";"Sim";"Sim";"92802784000190.0";"19207"
"Sim";"521.0";;"";"S432035000001";"";"";"";"SUL";"0.0";"SENTINELA DO SUL";"";"1ª CRS";"2014/04/08 00:00:00.000";"SAA";"432035";"";"Sim";"SENTINELA DO SUL";"2014";"";"";"";"";"Regional";"COMPANHIA RIOGRANDENSE DE SANEAMENTO";"CORSAN";;"";"RS";"SUPERINTENDENCIA REGIONAL METROPOLITANA SURMET";"92802784036976.0";"2014/04/08 11:02:57.000";"Sim";"Sim";"92802784000190.0";"1495"
"Sim";"4000.0";;"";"S432040000001";"";"";"";"SUL";"0.0";"SERAFINA CORRÊA";"";"6ª CRS";"2014/04/08 00:00:00.000";"SAA";"432040";"";"Sim";"SERAFINA CORREA";"2014";"";"";"";"";"Regional";"COMPANHIA RIOGRANDENSE DE SANEAMENTO";"CORSAN";;"";"RS";"SUPERINTENDENCIA REGIONAL NORDESTE SURNE";"92802784036895.0";"2014/04/08 11:13:52.000";"Sim";"Não";"92802784000190.0";"12560"
"Não";"1901.0";;"";"S431290000001";"";"";"";"SUL";;"NOVA BASSANO";"";"5ª CRS";"2014/04/08 00:00:00.000";"SAA";"431290";"";"Sim";"NOVA BASSANO";"2014";"";"";"";"";"Regional";"COMPANHIA RIOGRANDENSE DE SANEAMENTO";"CORSAN";;"";"RS";"SUPERINTENDENCIA REGIONAL NORDESTE SURNE";"92802784036895.0";"2014/04/08 10:54:59.000";"Não";"Sim";"92802784000190.0";"6330"
"Sim";"609.0";;"";"S432065000001";"";"";"";"SUL";;"SILVEIRA MARTINS";"";"4ª CRS";"2014/04/08 00:00:00.000";"SAA";"432065";"";"Sim";"SILVEIRA MARTINS";"2014";"";"";"";"";"Regional";"COMPANHIA RIOGRANDENSE DE SANEAMENTO";"CORSAN";;"";"RS";"SUPERINTENDENCIA REGIONAL CENTRAL SURCEN";"92802784036208.0";"2014/04/08 11:25:17.000";"Sim";"Não";"92802784000190.0";"1827"
"Sim";"9002.0";;"";"S432080000001";"";"";"";"SUL";;"SOLEDADE";"";"6ª CRS";"2014/04/08 00:00:00.000";"SAA";"432080";"";"Sim";"SOLEDADE";"2014";"";"";"";"";"Regional";"COMPANHIA RIOGRANDENSE DE SANEAMENTO";"CORSAN";;"";"RS";"SUPERINTENDENCIA REGIONAL PLANALTO SURPLA";"92802784036380.0";"2014/04/08 11:38:03.000";"Sim";"Sim";"92802784000190.0";"26916"
"Sim";"12352.0";;"";"S432120000001";"";"";"";"SUL";"0.0";"TAQUARA";"";"1ª CRS";"2014/04/08 00:00:00.000";"SAA";"432120";"";"Sim";"TAQUARA";"2014";"";"";"";"";"Regional";"COMPANHIA RIOGRANDENSE DE SANEAMENTO";"CORSAN";;"";"RS";"SUPERINTENDENCIA REGIONAL SINOS SURSIN";"92802784031150.0";"2014/04/08 11:44:06.000";"Sim";"Não";"92802784000190.0";"36191"
"Não";"41103.0";;"";"S290570000001";"";"";"";"NORDESTE";"0.0";"SLA ESPACO ALPHA";"";"01 DIRES / SALVADOR / RMS / NUCLEO LESTE";"2014/02/10 00:00:00.000";"SAA";"290570";"";"Sim";"CAMACARI";"2014";"";"";"";"";"Regional";"EMPRESA BAIANA DE AGUAS E SANEAMENTO SA";"EMBASA";;"";"BA";"UMC CAMACARI";"13504675000110.0";"2014/04/25 13:29:05.000";"Não";"Sim";"13504675000110.0";"134818"
"Não";"3923.0";;"";"S290570000003";"";"";"";"NORDESTE";"0.0";"SLA VIA PARAFUSO";"";"01 DIRES / SALVADOR / RMS / NUCLEO LESTE";"2014/02/10 00:00:00.000";"SAA";"290570";"";"Sim";"CAMACARI";"2014";"";"";"";"";"Regional";"EMPRESA BAIANA DE AGUAS E SANEAMENTO SA";"EMBASA";;"";"BA";"UMC CAMACARI";"13504675000110.0";"2014/04/25 15:18:06.000";"Não";"Sim";"13504675000110.0";"12867"
"Sim";"2444.0";;"";"S521486000001";"";"";"";"CENTRO-OESTE";"0.0";"NOVA GLORIA";"";"REGIONAL SÃO PATRICIO";"2014/03/11 00:00:00.000";"SAA";"521486";"";"Sim";"NOVA GLORIA";"2014";"";"";"";"";"Regional";"SANEAMENTO DE GOIAS SA";"SANEAGO";;"";"GO";"GRS CERES";"1616929000102.0";"2014/06/06 10:57:33.000";"Sim";"Não";"1616929000102.0";"6990"
"Sim";"7117.0";;"";"S520540000001";"";"";"";"CENTRO-OESTE";;"SISTEMA PRODUTOR RIO DAS ALMAS";"";"REGIONAL SÃO PATRICIO";"2014/03/19 00:00:00.000";"SAA";"520540";"";"Sim";"CERES";"2014";"";"";"";"";"Regional";"SANEAMENTO DE GOIAS SA";"SANEAGO";;"";"GO";"GRS CERES";"1616929000102.0";"2014/06/06 11:18:45.000";"Sim";"Não";"1616929000102.0";"21493"
"Sim";"3400.0";;"";"S521860000001";"";"";"";"CENTRO-OESTE";;"SISTAMA PRODUTOR RIO DAS ALMAS";"";"REGIONAL SÃO PATRICIO";"2014/03/13 00:00:00.000";"SAA";"521860";"";"Sim";"RIALMA";"2014";"";"";"";"";"Regional";"SANEAMENTO DE GOIAS SA";"SANEAGO";;"";"GO";"GRS CERES";"1616929000102.0";"2014/06/06 11:14:20.000";"Sim";"Não";"1616929000102.0";"10608"
"Sim";"2776.0";;"";"S520340000001";"";"";"";"CENTRO-OESTE";"0.0";"ETA RIBEIRAO BOM JARDIM";"";"REGIONAL OESTE I";"2014/03/10 00:00:00.000";"SAA";"520340";"";"Sim";"BOM JARDIM DE GOIAS";"2014";"";"";"";"";"Regional";"SANEAMENTO DE GOIAS SA";"SANEAGO";;"";"GO";"GRS IPORA";"1616929000102.0";"2014/06/11 11:35:35.000";"Sim";"Não";"1616929000102.0";"8189"
"Não";"881.0";;"";"S521565000001";"";"";"";"CENTRO-OESTE";;"PALESTINA DE GOIAS";"";"REGIONAL OESTE I";"2014/03/10 00:00:00.000";"SAA";"521565";"";"Sim";"PALESTINA DE GOIAS";"2014";"";"";"";"";"Regional";"SANEAMENTO DE GOIAS SA";"SANEAGO";;"";"GO";"GRS IPORA";"1616929000102.0";"2014/06/11 11:09:56.000";"Não";"Sim";"1616929000102.0";"2625"
"Sim";"1000.0";;"";"S521200000001";"";"";"";"CENTRO-OESTE";"30.0";"JAUPACI";"";"REGIONAL OESTE I";"2014/01/21 00:00:00.000";"SAA";"521200";"";"Sim";"JAUPACI";"2014";"";"";"";"";"Regional";"SANEAMENTO DE GOIAS SA";"SANEAGO";;"";"GO";"GRS IPORA";"1616929000102.0";"2014/06/11 11:09:12.000";"Sim";"Não";"1616929000102.0";"2810"
"Sim";"1771.0";;"";"S520760000001";"";"";"";"CENTRO-OESTE";"0.0";"FAZENDA NOVA";"";"REGIONAL OESTE I";"2014/03/07 00:00:00.000";"SAA";"520760";"";"Sim";"FAZENDA NOVA";"2014";"";"";"";"";"Regional";"SANEAMENTO DE GOIAS SA";"SANEAGO";;"";"GO";"GRS IPORA";"1616929000102.0";"2014/06/11 11:53:03.000";"Sim";"Não";"1616929000102.0";"4923"
"Sim";"2930.0";;"";"S230490000001";"";"";"";"NORDESTE";"195.0";"CAGECE GROAIRAS";"";"11 REGIONAL DE SAUDE SOBRAL";"2014/06/20 00:00:00.000";"SAA";"230490";"";"Sim";"GROAIRAS";"2014";"";"";"";"";"Regional";"COMPANHIA DE AGUA E ESGOTO DO CEARA";"CAGECE";;"";"CE";"UNIDADE DE NEGOCIO DA BACIA DO ACARAU E COREAU UNBAC";"7040108000157.0";"2014/06/20 13:53:10.000";"Não";"Sim";"7040108000157.0";"9962"
"Sim";"2648.0";;"";"S230610000001";"";"";"";"NORDESTE";"338.0";"CAGECE IRAUCUBA";"";"11 REGIONAL DE SAUDE SOBRAL";"2014/06/20 00:00:00.000";"SAA";"230610";"";"Sim";"IRAUCUBA";"2014";"";"";"";"";"Regional";"COMPANHIA DE AGUA E ESGOTO DO CEARA";"CAGECE";;"";"CE";"UNIDADE DE NEGOCIO DA BACIA DO CURU E LITORAL UNBCL";"7040108000157.0";"2014/06/20 15:16:13.000";"Sim";"Não";"7040108000157.0";"10566"
"Sim";"1198.0";;"";"S230820000001";"";"";"";"NORDESTE";"78.0";"CAGECE MERUOCA";"";"11 REGIONAL DE SAUDE SOBRAL";"2014/06/20 00:00:00.000";"SAA";"230820";"";"Sim";"MERUOCA";"2014";"";"";"";"";"Regional";"COMPANHIA DE AGUA E ESGOTO DO CEARA";"CAGECE";;"";"CE";"UNIDADE DE NEGOCIO DA BACIA DO ACARAU E COREAU UNBAC";"7040108000157.0";"2014/06/20 15:54:27.000";"Sim";"Não";"7040108000157.0";"4696"
"Sim";"3989.0";;"";"S231240000001";"";"";"";"NORDESTE";"246.0";"SAO GONCALO DO AMARANTE";"";"02 REGIONAL DE SAUDE CAUCAIA";"2014/04/16 00:00:00.000";"SAA";"231240";"";"Sim";"SAO GONCALO DO AMARANTE";"2014";"";"";"";"";"Regional";"COMPANHIA DE AGUA E ESGOTO DO CEARA";"CAGECE";;"";"CE";"UNIDADE DE NEGOCIO DA BACIA DO CURU E LITORAL UNBCL";"7040108000157.0";"2014/06/24 10:12:30.000";"Sim";"Não";"7040108000157.0";"14560"
"Não";"687.0";;"";"S412862000001";"";"";"";"SUL";;"ALTO PARAISO UT3731";"";"12 RS - UMUARAMA";"2014/03/19 00:00:00.000";"SAA";"412862";"";"Sim";"ALTO PARAISO";"2014";"";"";"";"";"Regional";"COMPANHIA DE SANEAMENTO DO PARANA";"SANEPAR";;"";"PR";"UR UMUARAMA";"76484013000145.0";"2014/06/24 11:04:24.000";"Não";"Sim";"76484013000145.0";"2013"
"Não";"5052.0";;"";"S410050000001";"";"";"";"SUL";;"ALTONIA UT0351";"";"12 RS - UMUARAMA";"2014/03/19 00:00:00.000";"SAA";"410050";"";"Sim";"ALTONIA";"2014";"";"";"";"";"Regional";"COMPANHIA DE SANEAMENTO DO PARANA";"SANEPAR";;"";"PR";"UR UMUARAMA";"76484013000145.0";"2014/06/24 12:15:54.000";"Não";"Sim";"76484013000145.0";"15459"
"Não";"321.0";;"";"S410347000002";"";"";"";"SUL";;"GUAIPORA UT8661";"";"12 RS - UMUARAMA";"2014/03/19 00:00:00.000";"SAA";"410347";"";"Sim";"CAFEZAL DO SUL";"2014";"";"";"";"";"Regional";"COMPANHIA DE SANEAMENTO DO PARANA";"SANEPAR";;"";"PR";"UR UMUARAMA";"76484013000145.0";"2014/06/24 13:11:54.000";"Não";"Sim";"76484013000145.0";"944"
"Não";"1552.0";;"";"S231240000004";"";"";"";"NORDESTE";"108.0";"CAGECE PECEM";"";"02 REGIONAL DE SAUDE CAUCAIA";"2014/04/02 00:00:00.000";"SAA";"231240";"";"Sim";"SAO GONCALO DO AMARANTE";"2014";"";"";"";"";"Regional";"COMPANHIA DE AGUA E ESGOTO DO CEARA";"CAGECE";;"";"CE";"UNIDADE DE NEGOCIO DA BACIA DO CURU E LITORAL UNBCL";"7040108000157.0";"2014/06/24 14:36:55.000";"Sim";"Não";"7040108000157.0";"5665"
"Não";"100.0";;"";"S521150000007";"";"";"";"CENTRO-OESTE";;"VILA MUTIRAO";"";"REGIONAL SUL";"2014/03/12 00:00:00.000";"SAA";"521150";"";"Sim";"ITUMBIARA";"2014";"";"";"";"";"Regional";"SANEAMENTO DE GOIAS SA";"SANEAGO";;"";"GO";"GRS ITUMBIARA";"1616929000102.0";"2014/06/30 10:44:12.000";"Não";"Sim";"1616929000102.0";"301"
"Não";"1000.0";;"";"S411130000001";"";"";"";"SUL";"100.0";"ITAUNA DO SUL UT1301";"";"14 RS - PARANAVAI";"2014/03/19 00:00:00.000";"SAA";"411130";"";"Sim";"ITAUNA DO SUL";"2014";"";"";"";"";"Regional";"COMPANHIA DE SANEAMENTO DO PARANA";"SANEPAR";;"";"PR";"UR PARANAVAI";"76484013000145.0";"2014/06/30 11:08:35.000";"Não";"Sim";"76484013000145.0";"3190"
"Não";"1891.0";;"";"S411500000001";"";"";"";"SUL";;"MARILENA UT1651";"";"14 RS - PARANAVAI";"2014/03/19 00:00:00.000";"SAA";"411500";"";"Sim";"MARILENA";"2014";"";"";"";"";"Regional";"COMPANHIA DE SANEAMENTO DO PARANA";"SANEPAR";;"";"PR";"UR PARANAVAI";"76484013000145.0";"2014/06/30 11:23:10.000";"Não";"Sim";"76484013000145.0";"6051"
"Não";"410.0";;"";"S411650000001";"";"";"";"SUL";;"NOVA ALIANCA DO IVAI UT1781";"";"14 RS - PARANAVAI";"2014/03/19 00:00:00.000";"SAA";"411650";"";"Sim";"NOVA ALIANCA DO IVAI";"2014";"";"";"";"";"Regional";"COMPANHIA DE SANEAMENTO DO PARANA";"SANEPAR";;"";"PR";"UR PARANAVAI";"76484013000145.0";"2014/06/30 11:56:00.000";"Não";"Sim";"76484013000145.0";"1316"
"Sim";"1211.0";;"";"S354810000001";"";"";"";"SUDESTE";"0.0";"ETA SABESP DE SANTO ANTONIO DO JARDIM";"";"GVS XXVI - SÃO JOÃO DA BOA VISTA";"2014/05/08 00:00:00.000";"SAA";"354810";"";"Sim";"SANTO ANTONIO DO JARDIM";"2014";"";"";"";"";"Regional";"COMPANHIA DE SANEAMENTO BASICO DO ESTADO DE SAO PAULO";"SABESP";;"";"SP";"SANTO ANTONIO DO JARDIM SABESP";"43776517028009.0";"2014/05/27 14:11:53.000";"Sim";"Não";"43776517000180.0";"3960"
"Sim";"21447.0";;"";"S230770000001";"";"";"";"NORDESTE";"1339.0";"CAGECE MARANGUAPE";"";"03 REGIONAL DE SAUDE MARACANAU";"2014/07/17 00:00:00.000";"SAA";"230770";"";"Sim";"MARANGUAPE";"2014";"";"";"";"";"Regional";"COMPANHIA DE AGUA E ESGOTO DO CEARA";"CAGECE";;"";"CE";"UNIDADE DE NEGOCIO DA BACIA METROPOLITANA UNBME";"7040108000157.0";"2014/07/17 09:07:51.000";"Sim";"Não";"7040108000157.0";"83858"
"Sim";"1909.0";;"";"S230770000002";"";"";"";"NORDESTE";"110.0";"SISTEMA AMANARI";"";"03 REGIONAL DE SAUDE MARACANAU";"2014/07/17 00:00:00.000";"SAA";"230770";"";"Sim";"MARANGUAPE";"2014";"";"";"";"";"Regional";"COMPANHIA DE AGUA E ESGOTO DO CEARA";"CAGECE";;"";"CE";"UNIDADE DE NEGOCIO DA BACIA METROPOLITANA UNBME";"7040108000157.0";"2014/07/17 09:23:51.000";"Sim";"Não";"7040108000157.0";"7464"
"Sim";"1238.0";;"";"S291060000001";"";"";"";"NORDESTE";"51.0";"SAA DE PALAME - BAIXIOS";"";"03 DIRES / ALAGOINHAS / NUCLEO NORDESTE";"2014/02/20 00:00:00.000";"SAA";"291060";"";"Sim";"ESPLANADA";"2014";"";"";"";"";"Regional";"EMPRESA BAIANA DE AGUAS E SANEAMENTO SA";"EMBASA";;"";"BA";"UNA ALAGOINHAS";"13504675000110.0";"2014/07/17 10:15:06.000";"Sim";"Não";"13504675000110.0";"4667"
"Não";"4338.0";;"";"S412000000001";"";"";"";"SUL";"0.0";"PORECATU UT2081";"";"17 RS - LONDRINA";"2014/03/19 00:00:00.000";"SAA";"412000";"";"Sim";"PORECATU";"2014";"";"";"";"";"Regional";"COMPANHIA DE SANEAMENTO DO PARANA";"SANEPAR";;"";"PR";"UR ARAPONGAS";"76484013000145.0";"2014/07/17 11:10:56.000";"Não";"Sim";"76484013000145.0";"13665"
"Não";"205.0";;"";"S412240000003";"";"";"";"SUL";;"NOSSA SENHORA APARECIDA UT8861";"";"17 RS - LONDRINA";"2014/03/19 00:00:00.000";"SAA";"412240";"";"Sim";"ROLANDIA";"2014";"";"";"";"";"Regional";"COMPANHIA DE SANEAMENTO DO PARANA";"SANEPAR";;"";"PR";"UR ARAPONGAS";"76484013000145.0";"2014/07/17 11:45:01.000";"Não";"Sim";"76484013000145.0";"644"
"Sim";"3045.0";;"";"S412390000001";"";"";"";"SUL";;"SANTA MARIANA UT2451";"";"18 RS - CORNELIO PROCOPIO";"2014/03/19 00:00:00.000";"SAA";"412390";"";"Sim";"SANTA MARIANA";"2014";"";"";"";"";"Regional";"COMPANHIA DE SANEAMENTO DO PARANA";"SANEPAR";;"";"PR";"UR CORNELIO PROCOPIO";"76484013000145.0";"2014/07/17 15:08:42.000";"Sim";"Não";"76484013000145.0";"9135"
"Não";"3453.0";;"";"S291650000002";"";"";"";"NORDESTE";"0.0";"SAA DE SAMBAÍBA";"";"03 DIRES / ALAGOINHAS / NUCLEO NORDESTE";"2014/02/20 00:00:00.000";"SAA";"291650";"";"Sim";"ITAPICURU";"2014";"";"";"";"";"Regional";"EMPRESA BAIANA DE AGUAS E SANEAMENTO SA";"EMBASA";;"";"BA";"UNA ALAGOINHAS";"13504675000110.0";"2014/07/17 15:25:21.000";"Não";"Sim";"13504675000110.0";"12362"
"Não";"3460.0";;"";"S500200000001";"";"";"";"CENTRO-OESTE";"0.0";"BATAYPORA CENTRO";"";"MACRO REGIÃO DE DOURADOS -  MICRO DE NOVA ANDRADINA";"2014/07/17 00:00:00.000";"SAA";"500200";"";"Sim";"BATAYPORA";"2014";"";"";"";"";"Regional";"EMPRESA DE SANEAMENTO DO MATO GROSSO DO SUL SA";"SANESUL";;"";"MS";"LESTE";"3982931000120.0";"2014/07/17 15:24:47.000";"Não";"Sim";"3982931000120.0";"10830"
"Sim";"581.0";;"";"S291590000002";"";"";"";"NORDESTE";"0.0";"SLAA DE SÃO JOSÉ DO AVENA";"";"03 DIRES / ALAGOINHAS / NUCLEO NORDESTE";"2014/02/20 00:00:00.000";"SAA";"291590";"";"Sim";"ITANAGRA";"2014";"";"";"";"";"Regional";"EMPRESA BAIANA DE AGUAS E SANEAMENTO SA";"EMBASA";;"";"BA";"UNA ALAGOINHAS";"13504675000110.0";"2014/07/17 15:44:18.000";"Sim";"Não";"13504675000110.0";"2045"
"Não";"350.0";;"";"S500470000002";"";"";"";"CENTRO-OESTE";"0.0";"AMANDINA";"";"MACRO REGIÃO DE DOURADOS -  MICRO DE NOVA ANDRADINA";"2014/07/17 00:00:00.000";"SAA";"500470";"";"Sim";"IVINHEMA";"2014";"";"";"";"";"Regional";"EMPRESA DE SANEAMENTO DO MATO GROSSO DO SUL SA";"SANESUL";;"";"MS";"LESTE";"3982931000120.0";"2014/07/17 17:40:38.000";"Não";"Sim";"3982931000120.0";"1078"
"Não";"214.0";;"";"S280490000002";"";"";"";"NORDESTE";;"ETA ESTIVA DO RAPOSO";"";"PROPRIA";"2014/07/31 00:00:00.000";"SAA";"280490";"";"Sim";"PACATUBA";"2014";"";"";"";"";"Regional";"COMPANHIA DE SANEAMENTO DE SERGIPE";"DESO";;"";"SE";"DESO PACATUBA";"13018171000190.0";"2014/07/31 09:36:54.000";"Não";"Sim";"13018171000190.0";"794"
"Não";"171.0";;"";"S520815000001";"";"";"";"CENTRO-OESTE";"0.0";"MUCAMBINHO";"";"REGIONAL PIRENEUS";"2014/03/10 00:00:00.000";"SAA";"520815";"";"Sim";"GAMELEIRA DE GOIAS";"2014";"";"";"";"";"Regional";"SANEAMENTO DE GOIAS SA";"SANEAGO";;"";"GO";"GRS ANAPOLIS";"1616929000102.0";"2014/07/31 10:14:43.000";"Não";"Sim";"1616929000102.0";"528"
"Sim";"3000.0";;"";"S520840000001";"";"";"";"CENTRO-OESTE";;"GOIANAPOLIS";"";"REGIONAL PIRENEUS";"2014/07/31 00:00:00.000";"SAA";"520840";"";"Sim";"GOIANAPOLIS";"2014";"";"";"";"";"Regional";"SANEAMENTO DE GOIAS SA";"SANEAGO";;"";"GO";"PGPO GOIANIA";"1616929000102.0";"2014/07/31 10:41:23.000";"Sim";"Sim";"1616929000102.0";"9930"
"Sim";"370.0";;"";"S230950000003";"";"";"";"NORDESTE";"13.0";"SISTEMA PALESTINA DO OROS";"";"17 REGIONAL DE SAUDE ICO";"2014/07/31 00:00:00.000";"SAA";"230950";"";"Sim";"OROS";"2014";"";"";"";"";"Regional";"COMPANHIA DE AGUA E ESGOTO DO CEARA";"CAGECE";;"";"CE";"UNIDADE DE NEGOCIO DA BACIA DO ALTO JAGUARIBE UNBAJ";"7040108000157.0";"2014/07/31 10:49:11.000";"Sim";"Não";"7040108000157.0";"1206"
"Não";"1058.0";;"";"S522185000001";"";"";"";"CENTRO-OESTE";"0.0";"PARQUE ESPLANADA V";"";"REGIONAL ENTORNO SUL";"2014/03/11 00:00:00.000";"SAA";"522185";"";"Sim";"VALPARAISO DE GOIAS";"2014";"";"";"";"";"Regional";"SANEAMENTO DE GOIAS SA";"SANEAGO";;"";"GO";"GRS LUZIANIA";"1616929000102.0";"2014/07/31 10:46:55.000";"Não";"Sim";"1616929000102.0";"3565"
"Não";"6874.0";;"";"S520030000002";"";"";"";"CENTRO-OESTE";;"ETA ALEXANIA";"";"REGIONAL PIRENEUS";"2014/03/10 00:00:00.000";"SAA";"520030";"";"Sim";"ALEXANIA";"2014";"";"";"";"";"Regional";"SANEAMENTO DE GOIAS SA";"SANEAGO";;"";"GO";"GRS LUZIANIA";"1616929000102.0";"2014/07/31 11:22:12.000";"Sim";"Não";"1616929000102.0";"21997"
"Sim";"11996.0";;"";"S355540000001";"";"";"";"SUDESTE";"11996.0";"ETA CAROLINA";"";"GVS XXVIII - CARAGUATATUBA";"2014/07/31 00:00:00.000";"SAA";"355540";"";"Sim";"UBATUBA";"2014";"";"";"";"";"Regional";"COMPANHIA DE SANEAMENTO BASICO DO ESTADO DE SAO PAULO";"SABESP";;"";"SP";"UBATUBA SABESP";"12277840000185.0";"2014/07/31 09:55:32.000";"Sim";"Não";"43776517000180.0";"37547"
"Sim";"8997.0";;"";"S520620000001";"";"";"";"CENTRO-OESTE";"0.0";"CRISTALINA";"";"REGIONAL ENTORNO SUL";"2014/03/12 00:00:00.000";"SAA";"520620";"";"Sim";"CRISTALINA";"2014";"";"";"";"";"Regional";"SANEAMENTO DE GOIAS SA";"SANEAGO";;"";"GO";"GRS LUZIANIA";"1616929000102.0";"2014/07/31 11:50:23.000";"Sim";"Sim";"1616929000102.0";"30770"
"Não";"900.0";;"";"S352230000005";"";"";"";"SUDESTE";;"RECHÃ";"";"GVS XXXI - SOROCABA";"2014/07/31 00:00:00.000";"SAA";"352230";"";"Sim";"ITAPETININGA";"2014";"";"";"";"";"Regional";"COMPANHIA DE SANEAMENTO BASICO DO ESTADO DE SAO PAULO";"SABESP";;"";"SP";"ITAPETININGA SABESP";"43776517055839.0";"2014/07/31 12:59:57.000";"Não";"Sim";"43776517000180.0";"2997"
"Não";"161.0";;"";"S354140000004";"";"";"";"SUDESTE";"0.0";"AMELIOPOLIS 111";"";"GVS XXI - PRESIDENTE PRUDENTE";"2014/04/14 00:00:00.000";"SAA";"354140";"";"Sim";"PRESIDENTE PRUDENTE";"2014";"";"";"";"";"Regional";"COMPANHIA DE SANEAMENTO BASICO DO ESTADO DE SAO PAULO";"SABESP";;"";"SP";"PRESIDENTE PRUDENTE SABESP";"43776517022400.0";"2014/07/31 13:43:23.000";"Não";"Sim";"43776517000180.0";"489"
"Sim";"120.0";;"";"S330610000002";"";"";"";"SUDESTE";"14.0";"ETA PENTAGNA";"";"MEDIO PARAIBA";"2014/07/31 00:00:00.000";"SAA";"330610";"";"Sim";"VALENCA";"2014";"";"";"";"";"Regional";"COMPANHIA ESTADUAL DE AGUAS E ESGOTOS";"CEDAE";;"";"RJ";"MEDIO PARAIBA";"33352394000104.0";"2014/07/31 14:42:56.000";"Sim";"Não";"33352394000104.0";"371"
"Não";"82.0";;"";"S352170000004";"";"";"";"SUDESTE";"0.0";"ETA TOMES";"";"GVS XXXII - ITAPEVA";"2014/08/15 00:00:00.000";"SAA";"352170";"";"Sim";"ITABERA";"2014";"";"";"";"";"Regional";"COMPANHIA DE SANEAMENTO BASICO DO ESTADO DE SAO PAULO";"SABESP";;"";"SP";"ITABERA SABESP";"43776517019441.0";"2014/08/15 16:08:08.000";"Não";"Sim";"43776517000180.0";"264"
"Não";"9.0";;"";"S170210000004";"";"";"";"NORTE";"0.0";"FOZ SANEATINS-ARAGUAINA UTS 008";"";"MEDIO NORTE ARAGUAIA";"2014/07/31 00:00:00.000";"SAA";"170210";"";"Sim";"ARAGUAINA";"2014";"";"";"";"";"Regional";"COMPANHIA DE SANEAMENTO DO TOCANTINS";"SANEATINS";;"";"TO";"BRK POLO ARAGUAINA";"25089509000183.0";"2014/08/18 09:53:11.000";"Não";"Sim";"25089509000183.0";"31"
"Sim";"523.0";;"";"S430003000001";"";"";"";"SUL";"0.0";"ACEGUÁ";"";"7ª CRS";"2014/03/26 00:00:00.000";"SAA";"430003";"";"Sim";"ACEGUA";"2014";"";"";"";"";"Regional";"COMPANHIA RIOGRANDENSE DE SANEAMENTO";"CORSAN";;"";"RS";"SUPERINTENDENCIA REGIONAL PAMPA SURPA";"92802784005744.0";"2014/03/26 13:03:14.000";"Sim";"Sim";"92802784000190.0";"1642"
"Sim";"1383.0";;"";"S431303000001";"";"";"";"SUL";"0.0";"NOVA ESPERANÇA DO SUL";"";"4ª CRS";"2014/03/26 00:00:00.000";"SAA";"431303";"";"Sim";"NOVA ESPERANCA DO SUL";"2014";"";"";"";"";"Regional";"COMPANHIA RIOGRANDENSE DE SANEAMENTO";"CORSAN";;"";"RS";"SUPERINTENDENCIA REGIONAL PAMPA SURPA";"92802784005744.0";"2014/03/26 13:57:47.000";"Sim";"Não";"92802784000190.0";"4066"
"Sim";"2824.0";;"";"S430010000001";"";"";"";"SUL";"0.0";"AGUDO";"";"4ª CRS";"2014/03/26 00:00:00.000";"SAA";"430010";"";"Sim";"AGUDO";"2014";"";"";"";"";"Regional";"COMPANHIA RIOGRANDENSE DE SANEAMENTO";"CORSAN";;"";"RS";"SUPERINTENDENCIA REGIONAL CENTRAL SURCEN";"92802784036208.0";"2014/03/26 14:18:01.000";"Sim";"Não";"92802784000190.0";"8641"
"Sim";"1478.0";;"";"S430064000001";"";"";"";"SUL";"198.0";"AMETISTA DO SUL";"";"2ª CRS";"2014/03/26 00:00:00.000";"SAA";"430064";"";"Sim";"AMETISTA DO SUL";"2014";"";"";"";"";"Regional";"COMPANHIA RIOGRANDENSE DE SANEAMENTO";"CORSAN";;"";"RS";"SUPERINTENDENCIA REGIONAL PLANALTO SURPLA";"92802784036380.0";"2014/03/26 15:36:58.000";"Sim";"Não";"92802784000190.0";"4523"
"Sim";"7000.0";;"";"S431330000001";"";"";"";"SUL";"519.0";"NOVA PRATA";"";"5ª CRS";"2014/03/26 00:00:00.000";"SAA";"431330";"";"Sim";"NOVA PRATA";"2014";"";"";"";"";"Regional";"COMPANHIA RIOGRANDENSE DE SANEAMENTO";"CORSAN";;"";"RS";"SUPERINTENDENCIA REGIONAL NORDESTE SURNE";"92802784036895.0";"2014/03/26 15:47:35.000";"Sim";"Não";"92802784000190.0";"20860"
"Sim";"4505.0";;"";"S430100000001";"";"";"";"SUL";"259.0";"ARROIO DO MEIO";"";"16ª CRS";"2014/03/26 00:00:00.000";"SAA";"430100";"";"Sim";"ARROIO DO MEIO";"2014";"";"";"";"";"Regional";"COMPANHIA RIOGRANDENSE DE SANEAMENTO";"CORSAN";;"";"RS";"SUPERINTENDENCIA REGIONAL NORDESTE SURNE";"92802784036895.0";"2014/03/26 15:46:14.000";"Sim";"Sim";"92802784000190.0";"13515"
"Sim";"574.0";;"";"S430155000001";"";"";"";"SUL";"0.0";"AUREA";"";"11ª CRS";"2014/03/26 00:00:00.000";"SAA";"430155";"";"Sim";"AUREA";"2014";"";"";"";"";"Regional";"COMPANHIA RIOGRANDENSE DE SANEAMENTO";"CORSAN";;"";"RS";"SUPERINTENDENCIA REGIONAL PLANALTO SURPLA";"92802784036380.0";"2014/03/26 16:23:33.000";"Sim";"Não";"92802784000190.0";"1716"
"Sim";"613.0";;"";"S430517000001";"";"";"";"SUL";"0.0";"CERRO GRANDE DO SUL";"";"1ª CRS";"2014/03/28 00:00:00.000";"SAA";"430517";"";"Sim";"CERRO GRANDE DO SUL";"2014";"";"";"";"";"Regional";"COMPANHIA RIOGRANDENSE DE SANEAMENTO";"CORSAN";;"";"RS";"SUPERINTENDENCIA REGIONAL METROPOLITANA SURMET";"92802784036976.0";"2014/03/28 10:19:40.000";"Sim";"Não";"92802784000190.0";"1882"
"Sim";"10917.0";;"";"S430535000001";"";"";"";"SUL";"0.0";"CHARQUEADAS";"";"1ª CRS";"2014/03/28 00:00:00.000";"SAA";"430535";"";"Sim";"CHARQUEADAS";"2014";"";"";"";"";"Regional";"COMPANHIA RIOGRANDENSE DE SANEAMENTO";"CORSAN";;"";"RS";"SUPERINTENDENCIA REGIONAL METROPOLITANA SURMET";"92802784036976.0";"2014/03/28 10:24:25.000";"Sim";"Não";"92802784000190.0";"33079"
"Sim";"112.0";;"";"S430544000001";"";"";"";"SUL";;"CHUVISCA";"";"1ª CRS";"2014/03/28 00:00:00.000";"SAA";"430544";"";"Sim";"CHUVISCA";"2014";"";"";"";"";"Regional";"COMPANHIA RIOGRANDENSE DE SANEAMENTO";"CORSAN";;"";"RS";"SUPERINTENDENCIA REGIONAL SUL SURSUL";"92802784036461.0";"2014/03/28 10:45:24.000";"Sim";"Não";"92802784000190.0";"367"
"Sim";"2527.0";;"";"S431110000001";"";"";"";"SUL";;"JAGUARI";"";"4ª CRS";"2014/03/31 00:00:00.000";"SAA";"431110";"";"Sim";"JAGUARI";"2014";"";"";"";"";"Regional";"COMPANHIA RIOGRANDENSE DE SANEAMENTO";"CORSAN";;"";"RS";"SUPERINTENDENCIA REGIONAL PAMPA SURPA";"92802784005744.0";"2014/03/31 15:37:34.000";"Sim";"Não";"92802784000190.0";"7177"
"Sim";"9267.0";;"";"S431130000001";"";"";"";"SUL";;"LAGOA VERMELHA";"";"6ª CRS";"2014/03/31 00:00:00.000";"SAA";"431130";"";"Sim";"LAGOA VERMELHA";"2014";"";"";"";"";"Regional";"COMPANHIA RIOGRANDENSE DE SANEAMENTO";"CORSAN";;"";"RS";"SUPERINTENDENCIA REGIONAL PLANALTO SURPLA";"92802784036380.0";"2014/03/31 15:42:49.000";"Sim";"Não";"92802784000190.0";"26782"
"Sim";"1961.0";;"";"S230205000001";"";"";"";"NORDESTE";"73.0";"SISTEMA ITAUNA";"";"16 REGIONAL DE SAUDE CAMOCIM";"2014/04/07 00:00:00.000";"SAA";"230205";"";"Sim";"BARROQUINHA";"2014";"";"";"";"";"Regional";"COMPANHIA DE AGUA E ESGOTO DO CEARA";"CAGECE";;"";"CE";"UNIDADE DE NEGOCIO DA BACIA DA SERRA DA IBIAPABA UNBSI";"7040108002281.0";"2014/04/07 11:38:04.000";"Sim";"Sim";"7040108000157.0";"7668"
"Sim";"2779.0";;"";"S230790000001";"";"";"";"NORDESTE";"66.0";"SISTEMA MARTINOPOLE";"";"16 REGIONAL DE SAUDE CAMOCIM";"2014/04/07 00:00:00.000";"SAA";"230790";"";"Sim";"MARTINOPOLE";"2014";"";"";"";"";"Regional";"COMPANHIA DE AGUA E ESGOTO DO CEARA";"CAGECE";;"";"CE";"UNIDADE DE NEGOCIO DA BACIA DO ACARAU E COREAU UNBAC";"7040108000157.0";"2014/04/07 12:14:03.000";"Sim";"Não";"7040108000157.0";"10477"
"Sim";"24763.0";;"";"S431750000001";"";"";"";"SUL";"0.0";"SANTO ÂNGELO";"";"12ª CRS";"2014/04/07 00:00:00.000";"SAA";"431750";"";"Sim";"SANTO ANGELO";"2014";"";"";"";"";"Regional";"COMPANHIA RIOGRANDENSE DE SANEAMENTO";"CORSAN";;"";"RS";"SUPERINTENDENCIA REGIONAL MISSOES SURMIS";"92802784036623.0";"2014/04/07 13:35:53.000";"Sim";"Não";"92802784000190.0";"73051"
"Sim";"8310.0";;"";"S431760000001";"";"";"";"SUL";"0.0";"SANTO ANTÔNIO DA PATRULHA";"";"18ª CRS";"2014/04/07 00:00:00.000";"SAA";"431760";"";"Sim";"SANTO ANTONIO DA PATRULHA";"2014";"";"";"";"";"Regional";"COMPANHIA RIOGRANDENSE DE SANEAMENTO";"CORSAN";;"";"RS";"SUPERINTENDENCIA REGIONAL LITORAL SURLIT";"92802784036704.0";"2014/04/07 13:58:06.000";"Sim";"Sim";"92802784000190.0";"23850"
"Sim";"16980.0";;"";"S431800000001";"";"";"";"SUL";"0.0";"SÃO BORJA";"";"12ª CRS";"2014/04/07 00:00:00.000";"SAA";"431800";"";"Sim";"SAO BORJA";"2014";"";"";"";"";"Regional";"COMPANHIA RIOGRANDENSE DE SANEAMENTO";"CORSAN";;"";"RS";"SUPERINTENDENCIA REGIONAL FRONTEIRA SURFRO";"92802784036542.0";"2014/04/07 14:12:33.000";"Sim";"Não";"92802784000190.0";"53147"
"Sim";"16235.0";;"";"S250750000001";"";"";"";"NORDESTE";"0.0";"SAA DE JOÃO PESSOA";"";"01 GERENCIA REGIONAL DE SAUDE";"2014/04/02 00:00:00.000";"SAA";"250320";"";"Sim";"CABEDELO";"2014";"";"";"";"";"Regional";"COMPANHIA DE AGUA E ESGOTO DA PARAIBA";"CAGEPA";;"";"PB";"CAGEPA COMPANHIA DE AGUA E ESGOTO DA PARAIBA";"2168943000153.0";"2014/04/09 16:34:20.000";"Sim";"Não";"9123654000187.0";"54550"
"Sim";"30300.0";;"";"S352210000001";"";"";"";"SUDESTE";"0.0";"ETA MAMBU BRANCO";"";"GVS XXV - SANTOS";"2014/03/14 00:00:00.000";"SAA";"352210";"";"Sim";"ITANHAEM";"2014";"";"";"";"";"Regional";"COMPANHIA DE SANEAMENTO BASICO DO ESTADO DE SAO PAULO";"SABESP";;"";"SP";"ITANHAEM";"43776517047496.0";"2014/04/29 09:57:53.000";"Sim";"Não";"43776517000180.0";"93021"
"Sim";;;"";"S352210000001";"";"";"";"SUDESTE";;"ETA MAMBU BRANCO";"";"GVS XXV - SANTOS";"2014/03/14 00:00:00.000";"SAA";"353110";"";"Sim";"MONGAGUA";"2014";"";"";"";"";"Regional";"COMPANHIA DE SANEAMENTO BASICO DO ESTADO DE SAO PAULO";"SABESP";;"";"SP";"ITANHAEM";"43776517047496.0";"2014/04/29 09:57:53.000";"Sim";"Não";"43776517000180.0";"0"
"Sim";;;"";"S352210000001";"";"";"";"SUDESTE";;"ETA MAMBU BRANCO";"";"GVS XXV - SANTOS";"2014/03/14 00:00:00.000";"SAA";"353760";"";"Sim";"PERUIBE";"2014";"";"";"";"";"Regional";"COMPANHIA DE SANEAMENTO BASICO DO ESTADO DE SAO PAULO";"SABESP";;"";"SP";"ITANHAEM";"43776517047496.0";"2014/04/29 09:57:53.000";"Sim";"Não";"43776517000180.0";"0"
"Sim";"20.0";;"";"S352210000001";"";"";"";"SUDESTE";;"ETA MAMBU BRANCO";"";"GVS XXV - SANTOS";"2014/03/14 00:00:00.000";"SAA";"354100";"";"Sim";"PRAIA GRANDE";"2014";"";"";"";"";"Regional";"COMPANHIA DE SANEAMENTO BASICO DO ESTADO DE SAO PAULO";"SABESP";;"";"SP";"ITANHAEM";"43776517047496.0";"2014/04/29 09:57:53.000";"Sim";"Não";"43776517000180.0";"63"
"Sim";;;"";"S352210000001";"";"";"";"SUDESTE";;"ETA MAMBU BRANCO";"";"GVS XXV - SANTOS";"2014/03/14 00:00:00.000";"SAA";"355100";"";"Sim";"SAO VICENTE";"2014";"";"";"";"";"Regional";"COMPANHIA DE SANEAMENTO BASICO DO ESTADO DE SAO PAULO";"SABESP";;"";"SP";"ITANHAEM";"43776517047496.0";"2014/04/29 09:57:53.000";"Sim";"Não";"43776517000180.0";"0"
"Sim";"105.0";;"";"S411620000002";"";"";"";"SUL";"0.0";"SAMBAQUI UT4701";"";"01 RS - PARANAGUA";"2014/03/19 00:00:00.000";"SAA";"411620";"";"Sim";"MORRETES";"2014";"";"";"";"";"Regional";"COMPANHIA DE SANEAMENTO DO PARANA";"SANEPAR";;"";"PR";"UR LITORAL";"76484013000145.0";"2014/04/29 12:18:08.000";"Não";"Sim";"76484013000145.0";"348"
"Não";"7087.0";;"";"S410160000001";"";"";"";"SUL";;"ARAPOTI UT0441";"";"03 RS - PONTA GROSSA";"2014/03/19 00:00:00.000";"SAA";"410160";"";"Sim";"ARAPOTI";"2014";"";"";"";"";"Regional";"COMPANHIA DE SANEAMENTO DO PARANA";"SANEPAR";;"";"PR";"UR TELEMACO BORBA";"76484013000145.0";"2014/04/29 12:28:53.000";"Não";"Sim";"76484013000145.0";"22962"
"Não";"342.0";;"";"S410490000003";"";"";"";"SUL";;"SOCAVAO UT4681";"";"03 RS - PONTA GROSSA";"2014/03/19 00:00:00.000";"SAA";"410490";"";"Sim";"CASTRO";"2014";"";"";"";"";"Regional";"COMPANHIA DE SANEAMENTO DO PARANA";"SANEPAR";;"";"PR";"UR TELEMACO BORBA";"76484013000145.0";"2014/04/29 13:49:39.000";"Não";"Sim";"76484013000145.0";"1149"
"Sim";"1558.0";;"";"S411140000001";"";"";"";"SUL";;"IVAI UT1311";"";"03 RS - PONTA GROSSA";"2014/03/19 00:00:00.000";"SAA";"411140";"";"Sim";"IVAI";"2014";"";"";"";"";"Regional";"COMPANHIA DE SANEAMENTO DO PARANA";"SANEPAR";;"";"PR";"UR PONTA GROSSA";"76484013000145.0";"2014/04/29 14:17:28.000";"Sim";"Sim";"76484013000145.0";"5313"
"Não";"60.0";;"";"S411770000001";"";"";"";"SUL";;"PINHEIRAL DE BAIXO UT7281";"";"03 RS - PONTA GROSSA";"2014/03/19 00:00:00.000";"SAA";"411770";"";"Sim";"PALMEIRA";"2014";"";"";"";"";"Regional";"COMPANHIA DE SANEAMENTO DO PARANA";"SANEPAR";;"";"PR";"UR PONTA GROSSA";"76484013000145.0";"2014/04/29 14:45:02.000";"Não";"Sim";"76484013000145.0";"196"
"Não";"71.0";;"";"S411770000005";"";"";"";"SUL";;"VILA LAGO UT4491";"";"03 RS - PONTA GROSSA";"2014/03/19 00:00:00.000";"SAA";"411770";"";"Sim";"PALMEIRA";"2014";"";"";"";"";"Regional";"COMPANHIA DE SANEAMENTO DO PARANA";"SANEPAR";;"";"PR";"UR PONTA GROSSA";"76484013000145.0";"2014/04/29 15:03:36.000";"Não";"Sim";"76484013000145.0";"231"
"Sim";"5928.0";;"";"S411770000006";"";"";"";"SUL";;"PALMEIRA UT0151";"";"03 RS - PONTA GROSSA";"2014/03/19 00:00:00.000";"SAA";"411770";"";"Sim";"PALMEIRA";"2014";"";"";"";"";"Regional";"COMPANHIA DE SANEAMENTO DO PARANA";"SANEPAR";;"";"PR";"UR PONTA GROSSA";"76484013000145.0";"2014/04/29 15:07:35.000";"Sim";"Sim";"76484013000145.0";"19325"
"Não";"4549.0";;"";"S431940000001";"";"";"";"SUL";"0.0";"SÃO PEDRO DO SUL";"";"4ª CRS";"2014/04/29 00:00:00.000";"SAA";"431940";"";"Sim";"SAO PEDRO DO SUL";"2014";"";"";"";"";"Regional";"COMPANHIA RIOGRANDENSE DE SANEAMENTO";"CORSAN";;"";"RS";"SUPERINTENDENCIA REGIONAL CENTRAL SURCEN";"92802784036208.0";"2014/04/29 14:43:17.000";"Não";"Sim";"92802784000190.0";"12692"
"Não";"5661.0";;"";"S431000000001";"";"";"";"SUL";;"IBIRUBÁ";"";"9ª CRS";"2014/05/05 00:00:00.000";"SAA";"431000";"";"Sim";"IBIRUBA";"2014";"";"";"";"";"Regional";"COMPANHIA RIOGRANDENSE DE SANEAMENTO";"CORSAN";;"";"RS";"SUPERINTENDENCIA REGIONAL MISSOES SURMIS";"92802784036623.0";"2014/05/05 13:39:48.000";"Não";"Sim";"92802784000190.0";"16134"
"Não";"2936.0";;"";"S432100000001";"";"";"";"SUL";"0.0";"TAPERA";"";"6ª CRS";"2014/05/05 00:00:00.000";"SAA";"432100";"";"Sim";"TAPERA";"2014";"";"";"";"";"Regional";"COMPANHIA RIOGRANDENSE DE SANEAMENTO";"CORSAN";;"";"RS";"SUPERINTENDENCIA REGIONAL MISSOES SURMIS";"92802784036623.0";"2014/05/05 13:59:13.000";"Não";"Sim";"92802784000190.0";"8661"
"Sim";"14249.0";;"";"S353110000001";"";"";"";"SUDESTE";;"ETA ANTAS";"";"GVS XXV - SANTOS";"2014/03/10 00:00:00.000";"SAA";"353110";"";"Sim";"MONGAGUA";"2014";"";"";"";"";"Regional";"COMPANHIA DE SANEAMENTO BASICO DO ESTADO DE SAO PAULO";"SABESP";;"";"SP";"MONGAGUA";"43776517019794.0";"2014/05/05 14:00:57.000";"Sim";"Não";"43776517000180.0";"43887"
"Não";"456.0";;"";"S411990000003";"";"";"";"SUL";;"GUARAGI UT5651";"";"03 RS - PONTA GROSSA";"2014/03/19 00:00:00.000";"SAA";"411990";"";"Sim";"PONTA GROSSA";"2014";"";"";"";"";"Regional";"COMPANHIA DE SANEAMENTO DO PARANA";"SANEPAR";;"";"PR";"UR PONTA GROSSA";"76484013000145.0";"2014/05/05 14:47:29.000";"Não";"Sim";"76484013000145.0";"1491"
"Não";"1275.0";;"";"S412010000001";"";"";"";"SUL";;"PORTO AMAZONAS UT2091";"";"03 RS - PONTA GROSSA";"2014/03/19 00:00:00.000";"SAA";"412010";"";"Sim";"PORTO AMAZONAS";"2014";"";"";"";"";"Regional";"COMPANHIA DE SANEAMENTO DO PARANA";"SANEPAR";;"";"PR";"UR PONTA GROSSA";"76484013000145.0";"2014/05/05 14:51:44.000";"Não";"Sim";"76484013000145.0";"4157"
"Não";"1297.0";;"";"S412510000001";"";"";"";"SUL";;"SAO JOAO DO TRIUNFO UT2561";"";"03 RS - PONTA GROSSA";"2014/03/19 00:00:00.000";"SAA";"412510";"";"Sim";"SAO JOAO DO TRIUNFO";"2014";"";"";"";"";"Regional";"COMPANHIA DE SANEAMENTO DO PARANA";"SANEPAR";;"";"PR";"UR UNIAO DA VITORIA";"76484013000145.0";"2014/05/05 14:56:02.000";"Não";"Sim";"76484013000145.0";"4306"
"Não";"4106.0";;"";"S412630000003";"";"";"";"SUL";;"SENGES UT2671";"";"03 RS - PONTA GROSSA";"2014/03/19 00:00:00.000";"SAA";"412630";"";"Sim";"SENGES";"2014";"";"";"";"";"Regional";"COMPANHIA DE SANEAMENTO DO PARANA";"SANEPAR";;"";"PR";"UR TELEMACO BORBA";"76484013000145.0";"2014/05/05 15:15:29.000";"Não";"Sim";"76484013000145.0";"13427"
"Não";"5379.0";;"";"S432110000001";"";"";"";"SUL";;"TAPES";"";"1ª CRS";"2014/05/05 00:00:00.000";"SAA";"432110";"";"Sim";"TAPES";"2014";"";"";"";"";"Regional";"COMPANHIA RIOGRANDENSE DE SANEAMENTO";"CORSAN";;"";"RS";"SUPERINTENDENCIA REGIONAL METROPOLITANA SURMET";"92802784036976.0";"2014/05/05 15:51:12.000";"Não";"Sim";"92802784000190.0";"15438"
"Sim";"946.0";;"";"S430370000001";"";"";"";"SUL";;"CAMPINA DAS MISSÕES";"";"14ª CRS";"2014/05/13 00:00:00.000";"SAA";"430370";"";"Sim";"CAMPINA DAS MISSOES";"2014";"";"";"";"";"Regional";"COMPANHIA RIOGRANDENSE DE SANEAMENTO";"CORSAN";;"";"RS";"SUPERINTENDENCIA REGIONAL MISSOES SURMIS";"92802784036623.0";"2014/05/13 10:47:30.000";"Sim";"Sim";"92802784000190.0";"2781"
"Não";"5861.0";;"";"S522060000001";"";"";"";"CENTRO-OESTE";"0.0";"SILVANIA";"";"REGIONAL CENTRO SUL";"2014/05/30 00:00:00.000";"SAA";"522060";"";"Sim";"SILVANIA";"2014";"";"";"";"";"Regional";"SANEAMENTO DE GOIAS SA";"SANEAGO";;"";"GO";"GRS ANAPOLIS";"1616929000102.0";"2014/05/30 11:39:46.000";"Sim";"Não";"1616929000102.0";"17993"
"Não";"1495.0";;"";"S351890000001";"";"";"";"SUDESTE";"0.0";"GUZOLANDIA";"";"GVS XI - ARAÇATUBA";"2014/02/20 00:00:00.000";"SAA";"351890";"";"Sim";"GUZOLANDIA";"2014";"";"";"";"";"Regional";"COMPANHIA DE SANEAMENTO BASICO DO ESTADO DE SAO PAULO";"SABESP";;"";"SP";"GUZOLANDIA SABESP";"43776517025174.0";"2014/06/11 14:18:38.000";"Não";"Sim";"43776517000180.0";"4590"
"Não";"323.0";;"";"S412402000002";"";"";"";"SUL";;"SANTA MARIA UT8431";"";"10 RS - CASCAVEL";"2014/03/19 00:00:00.000";"SAA";"412402";"";"Sim";"SANTA TEREZA DO OESTE";"2014";"";"";"";"";"Regional";"COMPANHIA DE SANEAMENTO DO PARANA";"SANEPAR";;"";"PR";"UR CASCAVEL";"76484013000145.0";"2014/06/12 10:57:37.000";"Não";"Sim";"76484013000145.0";"1043"
"Sim";"2720.0";;"";"S353520000001";"";"";"";"SUDESTE";"2742.0";"ETA PALMEIRA D'OESTE";"";"GVS XXX - JALES";"2014/06/13 00:00:00.000";"SAA";"353520";"";"Sim";"PALMEIRA D'OESTE";"2014";"";"";"";"";"Regional";"COMPANHIA DE SANEAMENTO BASICO DO ESTADO DE SAO PAULO";"SABESP";;"";"SP";"PALMEIRA D OESTE";"43776517022744.0";"2014/06/13 09:49:09.000";"Sim";"Sim";"43776517000180.0";"7888"
"Sim";"12412.0";;"";"S261090000001";"";"";"";"NORDESTE";"674.0";"ETA PESQUEIRA";"";"IV REGIONAL DE SAUDE";"2014/06/13 00:00:00.000";"SAA";"261090";"";"Sim";"PESQUEIRA";"2014";"";"";"";"";"Regional";"COMPANHIA PERNAMBUCANA DE SANEAMENTO";"COMPESA";;"";"PE";"GERENCIA DE NEGOCIOS REGIONAL IPOJUCA";"9769035000164.0";"2014/06/13 10:43:59.000";"Sim";"Não";"9769035000164.0";"42077"
"Não";"70.0";;"";"S410250000005";"";"";"";"SUL";;"POCINHO UT8931";"";"11 RS - CAMPO MOURAO";"2014/03/19 00:00:00.000";"SAA";"410250";"";"Sim";"BARBOSA FERRAZ";"2014";"";"";"";"";"Regional";"COMPANHIA DE SANEAMENTO DO PARANA";"SANEPAR";;"";"PR";"SANEPAR";"76484013000145.0";"2014/06/13 12:55:09.000";"Não";"Sim";"76484013000145.0";"208"
"Não";"1062.0";;"";"S410300000001";"";"";"";"SUL";;"BOA ESPERANCA UT0561";"";"11 RS - CAMPO MOURAO";"2014/03/19 00:00:00.000";"SAA";"410300";"";"Sim";"BOA ESPERANCA";"2014";"";"";"";"";"Regional";"COMPANHIA DE SANEAMENTO DO PARANA";"SANEPAR";;"";"PR";"SANEPAR";"76484013000145.0";"2014/06/13 12:58:53.000";"Não";"Sim";"76484013000145.0";"3165"
"Não";"94.0";;"";"S410060000002";"";"";"";"SUL";;"SANTA MARIA UT 7941";"";"14 RS - PARANAVAI";"2014/03/19 00:00:00.000";"SAA";"410060";"";"Sim";"ALTO PARANA";"2014";"";"";"";"";"Regional";"COMPANHIA DE SANEAMENTO DO PARANA";"SANEPAR";;"";"PR";"UR PARANAVAI";"76484013000145.0";"2014/06/30 10:39:14.000";"Não";"Sim";"76484013000145.0";"297"
"Não";"1577.0";;"";"S410710000001";"";"";"";"SUL";;"DIAMANTE DO NORTE UT0901";"";"14 RS - PARANAVAI";"2014/03/19 00:00:00.000";"SAA";"410710";"";"Sim";"DIAMANTE DO NORTE";"2014";"";"";"";"";"Regional";"COMPANHIA DE SANEAMENTO DO PARANA";"SANEPAR";;"";"PR";"UR PARANAVAI";"76484013000145.0";"2014/06/30 10:51:38.000";"Não";"Sim";"76484013000145.0";"5031"
"Não";"957.0";;"";"S411030000001";"";"";"";"SUL";"0.0";"INAJA UT1211";"";"14 RS - PARANAVAI";"2014/03/19 00:00:00.000";"SAA";"411030";"";"Sim";"INAJA";"2014";"";"";"";"";"Regional";"COMPANHIA DE SANEAMENTO DO PARANA";"SANEPAR";;"";"PR";"UR PARANAVAI";"76484013000145.0";"2014/06/30 11:01:20.000";"Não";"Sim";"76484013000145.0";"2948"
"Não";"4214.0";;"";"S411710000001";"";"";"";"SUL";;"NOVA LONDRINA UT1831";"";"14 RS - PARANAVAI";"2014/03/19 00:00:00.000";"SAA";"411710";"";"Sim";"NOVA LONDRINA";"2014";"";"";"";"";"Regional";"COMPANHIA DE SANEAMENTO DO PARANA";"SANEPAR";;"";"PR";"UR PARANAVAI";"76484013000145.0";"2014/06/30 12:26:24.000";"Não";"Sim";"76484013000145.0";"13106"
"Não";"574.0";;"";"S351385000001";"";"";"";"SUDESTE";"582.0";"UTA DIRCE REIS";"";"GVS XXX - JALES";"2014/01/09 00:00:00.000";"SAA";"351385";"";"Sim";"DIRCE REIS";"2014";"";"";"";"";"Regional";"COMPANHIA DE SANEAMENTO BASICO DO ESTADO DE SAO PAULO";"SABESP";;"";"SP";"DIRCE REIS SABESP";"43776517071524.0";"2014/06/30 14:29:27.000";"Não";"Sim";"43776517000180.0";"1647"
"Não";"2533.0";;"";"S353475000001";"";"";"";"SUDESTE";"300.0";"UTA OUROESTE";"";"GVS XXX - JALES";"2014/01/09 00:00:00.000";"SAA";"353475";"";"Sim";"OUROESTE";"2014";"";"";"";"";"Regional";"COMPANHIA DE SANEAMENTO BASICO DO ESTADO DE SAO PAULO";"SABESP";;"";"SP";"OUROESTE SABESP";"43776517066369.0";"2014/06/30 14:30:28.000";"Não";"Sim";"43776517000180.0";"7599"
"Não";"174.0";;"";"S411840000002";"";"";"";"SUL";;"MANDIOCABA UT6641";"";"14 RS - PARANAVAI";"2014/03/19 00:00:00.000";"SAA";"411840";"";"Sim";"PARANAVAI";"2014";"";"";"";"";"Regional";"COMPANHIA DE SANEAMENTO DO PARANA";"SANEPAR";;"";"PR";"UR PARANAVAI";"76484013000145.0";"2014/07/02 12:40:33.000";"Não";"Sim";"76484013000145.0";"538"
"Sim";"480.0";;"";"S230770000004";"";"";"";"NORDESTE";"202.0";"SISTEMA SAPUPARA";"";"03 REGIONAL DE SAUDE MARACANAU";"2014/07/17 00:00:00.000";"SAA";"230770";"";"Sim";"MARANGUAPE";"2014";"";"";"";"";"Regional";"COMPANHIA DE AGUA E ESGOTO DO CEARA";"CAGECE";;"";"CE";"UNIDADE DE NEGOCIO DA BACIA METROPOLITANA UNBME";"7040108000157.0";"2014/07/17 09:50:46.000";"Sim";"Não";"7040108000157.0";"1877"
"Não";"2281.0";;"";"S500080000001";"";"";"";"CENTRO-OESTE";"0.0";"ANAURILANDIA CENTRO";"";"MACRO REGIÃO DE DOURADOS -  MICRO DE NOVA ANDRADINA";"2014/07/17 00:00:00.000";"SAA";"500080";"";"Sim";"ANAURILANDIA";"2014";"";"";"";"";"Regional";"EMPRESA DE SANEAMENTO DO MATO GROSSO DO SUL SA";"SANESUL";;"";"MS";"LESTE";"3982931000120.0";"2014/07/17 09:11:11.000";"Não";"Sim";"3982931000120.0";"7025"
"Não";"3100.0";;"";"S500085000001";"";"";"";"CENTRO-OESTE";"0.0";"ANGELICA CENTRO";"";"MACRO REGIÃO DE DOURADOS -  MICRO DE NOVA ANDRADINA";"2014/07/17 00:00:00.000";"SAA";"500085";"";"Sim";"ANGELICA";"2014";"";"";"";"";"Regional";"EMPRESA DE SANEAMENTO DO MATO GROSSO DO SUL SA";"SANESUL";;"";"MS";"LESTE";"3982931000120.0";"2014/07/17 11:07:57.000";"Não";"Sim";"3982931000120.0";"9393"
"Não";"100.0";;"";"S500085000002";"";"";"";"CENTRO-OESTE";"0.0";"IPEZAL";"";"MACRO REGIÃO DE DOURADOS -  MICRO DE NOVA ANDRADINA";"2014/07/17 00:00:00.000";"SAA";"500085";"";"Sim";"ANGELICA";"2014";"";"";"";"";"Regional";"EMPRESA DE SANEAMENTO DO MATO GROSSO DO SUL SA";"SANESUL";;"";"MS";"LESTE";"3982931000120.0";"2014/07/17 11:29:52.000";"Não";"Sim";"3982931000120.0";"303"
"Não";"400.0";;"";"S410640000002";"";"";"";"SUL";;"CONGONHAS UT5431";"";"18 RS - CORNELIO PROCOPIO";"2014/03/19 00:00:00.000";"SAA";"410640";"";"Sim";"CORNELIO PROCOPIO";"2014";"";"";"";"";"Regional";"COMPANHIA DE SANEAMENTO DO PARANA";"SANEPAR";;"";"PR";"UR CORNELIO PROCOPIO";"76484013000145.0";"2014/07/17 14:03:56.000";"Não";"Sim";"76484013000145.0";"1232"
"Não";"6.0";;"";"S410640000003";"";"";"";"SUL";;"PARQUE INDUSTRIAL UT8521";"";"18 RS - CORNELIO PROCOPIO";"2014/03/19 00:00:00.000";"SAA";"410640";"";"Sim";"CORNELIO PROCOPIO";"2014";"";"";"";"";"Regional";"COMPANHIA DE SANEAMENTO DO PARANA";"SANEPAR";;"";"PR";"UR CORNELIO PROCOPIO";"76484013000145.0";"2014/07/17 14:10:06.000";"Não";"Sim";"76484013000145.0";"18"
"Sim";"3067.0";;"";"S230650000001";"";"";"";"NORDESTE";"183.0";"CAGACE ITAPIUNA";"";"04 REGIONAL DE SAUDE BATURITE";"2014/07/17 00:00:00.000";"SAA";"230650";"";"Sim";"ITAPIUNA";"2014";"";"";"";"";"Regional";"COMPANHIA DE AGUA E ESGOTO DO CEARA";"CAGECE";;"";"CE";"UNIDADE DE NEGOCIO DA BACIA DE BANABUIU UNBBA";"7040108000157.0";"2014/07/17 14:28:35.000";"Sim";"Não";"7040108000157.0";"11563"
"Sim";"1171.0";;"";"S231375000002";"";"";"";"NORDESTE";"57.0";"SISTEMA SAO JOAQUIM";"";"06 REGIONAL DE SAUDE ITAPIPOCA";"2014/07/22 00:00:00.000";"SAA";"231375";"";"Sim";"UMIRIM";"2014";"";"";"";"";"Regional";"COMPANHIA DE AGUA E ESGOTO DO CEARA";"CAGECE";;"";"CE";"UNIDADE DE NEGOCIO DA BACIA DO CURU E LITORAL UNBCL";"7040108000157.0";"2014/07/22 09:56:35.000";"Sim";"Não";"7040108000157.0";"4625"
"Sim";"7841.0";;"";"S291050000003";"";"";"";"NORDESTE";"0.0";"SLAA ENTRE RIOS";"";"03 DIRES / ALAGOINHAS / NUCLEO NORDESTE";"2014/02/20 00:00:00.000";"SAA";"291050";"";"Sim";"ENTRE RIOS";"2014";"";"";"";"";"Regional";"EMPRESA BAIANA DE AGUAS E SANEAMENTO SA";"EMBASA";;"";"BA";"UNA ALAGOINHAS";"13504675000110.0";"2014/07/22 10:34:04.000";"Sim";"Não";"13504675000110.0";"28149"
"Sim";"800.0";;"";"S230150000001";"";"";"";"NORDESTE";"85.0";"CAGECE ARNEIROZ";"";"14 REGIONAL DE SAUDE TAUA";"2014/07/01 00:00:00.000";"SAA";"230150";"";"Sim";"ARNEIROZ";"2014";"";"";"";"";"Regional";"COMPANHIA DE AGUA E ESGOTO DO CEARA";"CAGECE";;"";"CE";"UNIDADE DE NEGOCIO DA BACIA DO ALTO JAGUARIBE UNBAJ";"7040108000157.0";"2014/07/01 16:33:34.000";"Sim";"Não";"7040108000157.0";"2904"
"Não";"1423.0";;"";"S230810000002";"";"";"";"NORDESTE";"69.0";"SISTEMA PALESTINA DO CARIRI";"";"19 REGIONAL DE SAUDE BREJO SANTO";"2014/02/22 00:00:00.000";"SAA";"230810";"";"Sim";"MAURITI";"2014";"";"";"";"";"Regional";"COMPANHIA DE AGUA E ESGOTO DO CEARA";"CAGECE";;"";"CE";"UNIDADE DE NEGOCIO DA BACIA DO SALGADO UNBSA";"7040108000157.0";"2014/07/29 09:36:43.000";"Não";"Sim";"7040108000157.0";"5407"
"Não";"2569.0";;"";"S231110000001";"";"";"";"NORDESTE";"147.0";"SISTEMA PORTEIRAS";"";"19 REGIONAL DE SAUDE BREJO SANTO";"2014/07/29 00:00:00.000";"SAA";"231110";"";"Sim";"PORTEIRAS";"2014";"";"";"";"";"Regional";"COMPANHIA DE AGUA E ESGOTO DO CEARA";"CAGECE";;"";"CE";"UNIDADE DE NEGOCIO DA BACIA DO SALGADO UNBSA";"7040108000157.0";"2014/07/29 14:02:01.000";"Não";"Sim";"7040108000157.0";"9325"
"Sim";"883.0";;"";"S270240000003";"";"";"";"NORDESTE";;"SAA DE DELMIRO GOUVEIA BARRAGEM LESTE";"";"10 REGIÃO DEG AL";"2014/02/18 00:00:00.000";"SAA";"270240";"";"Sim";"DELMIRO GOUVEIA";"2014";"";"";"";"";"Regional";"COMPANHIA DE SANEAMENTO DE ALAGOAS";"CASAL";;"";"AL";"UNIDADE SERTAO DELMIRO GOUVEIA";"12294708000181.0";"2014/02/18 15:41:58.000";"Sim";"Não";"12294708000181.0";"3205"
"Sim";"3494.0";;"";"S431645000001";"";"";"";"SUL";;"SALTO DO JACUÍ";"";"9ª CRS";"2014/03/27 00:00:00.000";"SAA";"431645";"";"Sim";"SALTO DO JACUI";"2014";"";"";"";"";"Regional";"COMPANHIA RIOGRANDENSE DE SANEAMENTO";"CORSAN";;"";"RS";"SUPERINTENDENCIA REGIONAL MISSOES SURMIS";"92802784036623.0";"2014/03/27 16:50:01.000";"Sim";"Sim";"92802784000190.0";"10692"
"Sim";"4190.0";;"";"S431660000001";"";"";"";"SUL";"0.0";"SANANDUVA";"";"6ª CRS";"2014/03/27 00:00:00.000";"SAA";"431660";"";"Sim";"SANANDUVA";"2014";"";"";"";"";"Regional";"COMPANHIA RIOGRANDENSE DE SANEAMENTO";"CORSAN";;"";"RS";"SUPERINTENDENCIA REGIONAL PLANALTO SURPLA";"92802784036380.0";"2014/03/27 17:20:07.000";"Sim";"Sim";"92802784000190.0";"12067"
"Sim";"36204.0";;"";"S431680000001";"";"";"";"SUL";;"SANTA CRUZ DO SUL";"";"13ª CRS";"2014/03/27 00:00:00.000";"SAA";"431680";"";"Sim";"SANTA CRUZ DO SUL";"2014";"";"";"";"";"Regional";"COMPANHIA RIOGRANDENSE DE SANEAMENTO";"CORSAN";;"";"RS";"SUPERINTENDENCIA REGIONAL CENTRAL SURCEN";"92802784036208.0";"2014/03/27 17:27:20.000";"Sim";"Sim";"92802784000190.0";"104992"
"Sim";"80143.0";;"";"S431690000001";"";"";"";"SUL";"0.0";"SANTA MARIA";"";"4ª CRS";"2014/03/27 00:00:00.000";"SAA";"431690";"";"Sim";"SANTA MARIA";"2014";"";"";"";"";"Regional";"COMPANHIA RIOGRANDENSE DE SANEAMENTO";"CORSAN";;"";"RS";"SUPERINTENDENCIA REGIONAL CENTRAL SURCEN";"92802784036208.0";"2014/03/27 17:32:51.000";"Sim";"Sim";"92802784000190.0";"238025"
"Sim";"22921.0";;"";"S431720000001";"";"";"";"SUL";"0.0";"SANTA ROSA";"";"14ª CRS";"2014/03/27 00:00:00.000";"SAA";"431720";"";"Sim";"SANTA ROSA";"2014";"";"";"";"";"Regional";"COMPANHIA RIOGRANDENSE DE SANEAMENTO";"CORSAN";;"";"RS";"SUPERINTENDENCIA REGIONAL MISSOES SURMIS";"92802784036623.0";"2014/03/27 17:38:42.000";"Sim";"Não";"92802784000190.0";"66929"
"Sim";"1862.0";;"";"S431700000001";"";"";"";"SUL";;"SANTANA DA BOA VISTA";"";"3ª CRS";"2014/03/27 00:00:00.000";"SAA";"431700";"";"Sim";"SANTANA DA BOA VISTA";"2014";"";"";"";"";"Regional";"COMPANHIA RIOGRANDENSE DE SANEAMENTO";"CORSAN";;"";"RS";"SUPERINTENDENCIA REGIONAL PAMPA SURPA";"92802784005744.0";"2014/03/27 17:48:20.000";"Sim";"Não";"92802784000190.0";"5195"
"Sim";"2507.0";;"";"S431150000001";"";"";"";"SUL";;"LAVRAS DO SUL";"";"7ª CRS";"2014/04/02 00:00:00.000";"SAA";"431150";"";"Sim";"LAVRAS DO SUL";"2014";"";"";"";"";"Regional";"COMPANHIA RIOGRANDENSE DE SANEAMENTO";"CORSAN";;"";"RS";"SUPERINTENDENCIA REGIONAL PAMPA SURPA";"92802784005744.0";"2014/04/02 08:34:56.000";"Sim";"Não";"92802784000190.0";"7270"
"Sim";"1364.0";;"";"S431170000001";"";"";"";"SUL";"0.0";"MACHADINHO";"";"6ª CRS";"2014/04/02 00:00:00.000";"SAA";"431170";"";"Sim";"MACHADINHO";"2014";"";"";"";"";"Regional";"COMPANHIA RIOGRANDENSE DE SANEAMENTO";"CORSAN";;"";"RS";"SUPERINTENDENCIA REGIONAL PLANALTO SURPLA";"92802784036380.0";"2014/04/02 09:14:09.000";"Sim";"Sim";"92802784000190.0";"3928"
"Sim";"286.0";;"";"S431198000001";"";"";"";"SUL";"0.0";"MARIANA PIMENTEL";"";"1ª CRS";"2014/04/02 00:00:00.000";"SAA";"431198";"";"Sim";"MARIANA PIMENTEL";"2014";"";"";"";"";"Regional";"COMPANHIA RIOGRANDENSE DE SANEAMENTO";"CORSAN";;"";"RS";"SUPERINTENDENCIA REGIONAL METROPOLITANA SURMET";"92802784036976.0";"2014/04/02 09:50:16.000";"Sim";"Não";"92802784000190.0";"772"
"Sim";"18164.0";;"";"S431240000001";"";"";"";"SUL";"0.0";"MONTENEGRO";"";"1ª CRS";"2014/04/02 00:00:00.000";"SAA";"431240";"";"Sim";"MONTENEGRO";"2014";"";"";"";"";"Regional";"COMPANHIA RIOGRANDENSE DE SANEAMENTO";"CORSAN";;"";"RS";"SUPERINTENDENCIA REGIONAL NORDESTE SURNE";"92802784036895.0";"2014/04/02 10:16:08.000";"Sim";"Não";"92802784000190.0";"53402"
"Sim";"890.0";;"";"S431245000001";"";"";"";"SUL";"0.0";"MORRO REDONDO";"";"3ª CRS";"2014/04/02 00:00:00.000";"SAA";"431245";"";"Sim";"MORRO REDONDO";"2014";"";"";"";"";"Regional";"COMPANHIA RIOGRANDENSE DE SANEAMENTO";"CORSAN";;"";"RS";"SUPERINTENDENCIA REGIONAL SUL SURSUL";"92802784036461.0";"2014/04/02 10:28:13.000";"Sim";"Não";"92802784000190.0";"2403"
"Não";"474.0";;"";"S431247000001";"";"";"";"SUL";"0.0";"MORRO REUTER";"";"1ª CRS";"2014/04/07 00:00:00.000";"SAA";"431247";"";"Sim";"MORRO REUTER";"2014";"";"";"";"";"Regional";"COMPANHIA RIOGRANDENSE DE SANEAMENTO";"CORSAN";;"";"RS";"SUPERINTENDENCIA REGIONAL SINOS SURSIN";"92802784031150.0";"2014/04/07 15:22:36.000";"Não";"Sim";"92802784000190.0";"1394"
"Sim";"1535.0";;"";"S431860000001";"";"";"";"SUL";;"SÃO JOSÉ DO OURO";"";"6ª CRS";"2014/04/07 00:00:00.000";"SAA";"431860";"";"Sim";"SAO JOSE DO OURO";"2014";"";"";"";"";"Regional";"COMPANHIA RIOGRANDENSE DE SANEAMENTO";"CORSAN";;"";"RS";"SUPERINTENDENCIA REGIONAL PLANALTO SURPLA";"92802784036380.0";"2014/04/07 15:35:07.000";"Sim";"Não";"92802784000190.0";"4559"
"Sim";"552.0";;"";"S230100000002";"";"";"";"NORDESTE";"94.0";"CAGECE TAPERA";"";"01 REGIONAL DE SAUDE FORTALEZA";"2014/04/07 00:00:00.000";"SAA";"230100";"";"Sim";"AQUIRAZ";"2014";"";"";"";"";"Regional";"COMPANHIA DE AGUA E ESGOTO DO CEARA";"CAGECE";;"";"CE";"UNIDADE DE NEGOCIO DA BACIA METROPOLITANA UNBME";"7040108000157.0";"2014/04/07 16:10:26.000";"Sim";"Não";"7040108000157.0";"2004"
"Sim";"552.0";;"";"S230100000003";"";"";"";"NORDESTE";"2.0";"CAGECE RIVIERA";"";"01 REGIONAL DE SAUDE FORTALEZA";"2014/04/07 00:00:00.000";"SAA";"230100";"";"Sim";"AQUIRAZ";"2014";"";"";"";"";"Regional";"COMPANHIA DE AGUA E ESGOTO DO CEARA";"CAGECE";;"";"CE";"UNIDADE DE NEGOCIO DA BACIA METROPOLITANA UNBME";"7040108000157.0";"2014/04/07 16:20:55.000";"Sim";"Não";"7040108000157.0";"2004"
"Não";"565.0";;"";"S431300000001";"";"";"";"SUL";"0.0";"NOVA BRÉSCIA";"";"16ª CRS";"2014/04/09 00:00:00.000";"SAA";"431300";"";"Sim";"NOVA BRESCIA";"2014";"";"";"";"";"Regional";"COMPANHIA RIOGRANDENSE DE SANEAMENTO";"CORSAN";;"";"RS";"SUPERINTENDENCIA REGIONAL NORDESTE SURNE";"92802784036895.0";"2014/04/09 08:14:10.000";"Não";"Sim";"92802784000190.0";"1712"
"Não";"533.0";;"";"S431335000001";"";"";"";"SUL";"70.0";"NOVA ROMA DO SUL";"";"5ª CRS";"2014/04/09 00:00:00.000";"SAA";"431335";"";"Sim";"NOVA ROMA DO SUL";"2014";"";"";"";"";"Regional";"COMPANHIA RIOGRANDENSE DE SANEAMENTO";"CORSAN";;"";"RS";"SUPERINTENDENCIA REGIONAL NORDESTE SURNE";"92802784036895.0";"2014/04/09 09:38:21.000";"Não";"Sim";"92802784000190.0";"1711"
"Sim";"5267.0";;"";"S431850000001";"";"";"";"SUL";"0.0";"SÃO JOSÉ DO NORTE";"";"3ª CRS";"2014/04/24 00:00:00.000";"SAA";"431850";"";"Sim";"SAO JOSE DO NORTE";"2014";"";"";"";"";"Regional";"COMPANHIA RIOGRANDENSE DE SANEAMENTO";"CORSAN";;"";"RS";"SUPERINTENDENCIA REGIONAL SUL SURSUL";"92802784036461.0";"2014/04/24 14:29:30.000";"Não";"Sim";"92802784000190.0";"15274"
"Sim";"2121.0";;"";"S410960000001";"";"";"";"SUL";"0.0";"GUARATUBA UT1151";"";"01 RS - PARANAGUA";"2014/03/19 00:00:00.000";"SAA";"410960";"";"Sim";"GUARATUBA";"2014";"";"";"";"";"Regional";"COMPANHIA DE SANEAMENTO DO PARANA";"SANEPAR";;"";"PR";"UR LITORAL";"76484013000145.0";"2014/04/29 11:57:45.000";"Sim";"Não";"76484013000145.0";"6766"
"Sim";"1823.0";;"";"S411050000001";"";"";"";"SUL";;"IPIRANGA UT1231";"";"03 RS - PONTA GROSSA";"2014/03/19 00:00:00.000";"SAA";"411050";"";"Sim";"IPIRANGA";"2014";"";"";"";"";"Regional";"COMPANHIA DE SANEAMENTO DO PARANA";"SANEPAR";;"";"PR";"UR PONTA GROSSA";"76484013000145.0";"2014/04/29 14:12:23.000";"Não";"Sim";"76484013000145.0";"6198"
"Não";"258.0";;"";"S411140000002";"";"";"";"SUL";;"PALMITAL UT4281";"";"03 RS - PONTA GROSSA";"2014/03/19 00:00:00.000";"SAA";"411140";"";"Sim";"IVAI";"2014";"";"";"";"";"Regional";"COMPANHIA DE SANEAMENTO DO PARANA";"SANEPAR";;"";"PR";"UR PONTA GROSSA";"76484013000145.0";"2014/04/29 14:25:04.000";"Não";"Sim";"76484013000145.0";"880"
"Sim";"169.0";;"";"S411140000003";"";"";"";"SUL";;"BOM JARDIM DO SUL UT5671";"";"03 RS - PONTA GROSSA";"2014/03/19 00:00:00.000";"SAA";"411140";"";"Sim";"IVAI";"2014";"";"";"";"";"Regional";"COMPANHIA DE SANEAMENTO DO PARANA";"SANEPAR";;"";"PR";"UR PONTA GROSSA";"76484013000145.0";"2014/04/29 14:34:01.000";"Não";"Sim";"76484013000145.0";"576"
"Não";"165.0";;"";"S411770000002";"";"";"";"SUL";;"SANTA BARBARA DE CIMA UT6091";"";"03 RS - PONTA GROSSA";"2014/03/19 00:00:00.000";"SAA";"411770";"";"Sim";"PALMEIRA";"2014";"";"";"";"";"Regional";"COMPANHIA DE SANEAMENTO DO PARANA";"SANEPAR";;"";"PR";"UR PONTA GROSSA";"76484013000145.0";"2014/04/29 14:49:57.000";"Não";"Sim";"76484013000145.0";"538"
"Não";"1244.0";;"";"S430970000001";"";"";"";"SUL";;"HUMAITÁ";"";"17ª CRS";"2014/05/05 00:00:00.000";"SAA";"430970";"";"Sim";"HUMAITA";"2014";"";"";"";"";"Regional";"COMPANHIA RIOGRANDENSE DE SANEAMENTO";"CORSAN";;"";"RS";"SUPERINTENDENCIA REGIONAL MISSOES SURMIS";"92802784036623.0";"2014/05/05 13:14:47.000";"Não";"Sim";"92802784000190.0";"3558"
"Sim";"5458.0";;"";"S411940000001";"";"";"";"SUL";"0.0";"PIRAI DO SUL UT0141";"";"03 RS - PONTA GROSSA";"2014/03/19 00:00:00.000";"SAA";"411940";"";"Sim";"PIRAI DO SUL";"2014";"";"";"";"";"Regional";"COMPANHIA DE SANEAMENTO DO PARANA";"SANEPAR";;"";"PR";"UR TELEMACO BORBA";"76484013000145.0";"2014/05/05 14:26:43.000";"Sim";"Não";"76484013000145.0";"17629"
"Sim";"92578.0";;"";"S411990000001";"";"";"";"SUL";;"PONTA GROSSA UT2071";"";"03 RS - PONTA GROSSA";"2014/03/19 00:00:00.000";"SAA";"411990";"";"Sim";"PONTA GROSSA";"2014";"";"";"";"";"Regional";"COMPANHIA DE SANEAMENTO DO PARANA";"SANEPAR";;"";"PR";"UR PONTA GROSSA";"76484013000145.0";"2014/05/05 14:35:50.000";"Sim";"Sim";"76484013000145.0";"302730"
"Não";"122.0";;"";"S411990000002";"";"";"";"SUL";;"UVAIA UT4531";"";"03 RS - PONTA GROSSA";"2014/03/19 00:00:00.000";"SAA";"411990";"";"Sim";"PONTA GROSSA";"2014";"";"";"";"";"Regional";"COMPANHIA DE SANEAMENTO DO PARANA";"SANEPAR";;"";"PR";"UR PONTA GROSSA";"76484013000145.0";"2014/05/05 14:42:47.000";"Não";"Sim";"76484013000145.0";"399"
"Não";"1423.0";;"";"S431040000001";"";"";"";"SUL";;"INDEPENDÊNCIA";"";"14ª CRS";"2014/05/05 00:00:00.000";"SAA";"431040";"";"Sim";"INDEPENDENCIA";"2014";"";"";"";"";"Regional";"COMPANHIA RIOGRANDENSE DE SANEAMENTO";"CORSAN";;"";"RS";"SUPERINTENDENCIA REGIONAL MISSOES SURMIS";"92802784036623.0";"2014/05/05 14:43:50.000";"Não";"Sim";"92802784000190.0";"4155"
"Não";"154.0";;"";"S412630000002";"";"";"";"SUL";;"REIANOPOLIS UT4771";"";"03 RS - PONTA GROSSA";"2014/03/19 00:00:00.000";"SAA";"412630";"";"Sim";"SENGES";"2014";"";"";"";"";"Regional";"COMPANHIA DE SANEAMENTO DO PARANA";"SANEPAR";;"";"PR";"UR TELEMACO BORBA";"76484013000145.0";"2014/05/05 15:11:46.000";"Não";"Sim";"76484013000145.0";"504"
"Não";"1032.0";;"";"S431043000001";"";"";"";"SUL";"0.0";"IPÊ";"";"5ª CRS";"2014/05/05 00:00:00.000";"SAA";"431043";"";"Sim";"IPE";"2014";"";"";"";"";"Regional";"COMPANHIA RIOGRANDENSE DE SANEAMENTO";"CORSAN";;"";"RS";"SUPERINTENDENCIA REGIONAL NORDESTE SURNE";"92802784036895.0";"2014/05/05 15:12:11.000";"Não";"Sim";"92802784000190.0";"3106"
"Não";"316.0";;"";"S431075000001";"";"";"";"SUL";"0.0";"IVORÁ";"";"4ª CRS";"2014/05/05 00:00:00.000";"SAA";"431075";"";"Sim";"IVORA";"2014";"";"";"";"";"Regional";"COMPANHIA RIOGRANDENSE DE SANEAMENTO";"CORSAN";;"";"RS";"SUPERINTENDENCIA REGIONAL CENTRAL SURCEN";"92802784036208.0";"2014/05/05 16:32:18.000";"Não";"Sim";"92802784000190.0";"989"
"Não";"729.0";;"";"S411160000001";"";"";"";"SUL";;"IVATUBA UT1331";"";"15 RS - MARINGA";"2014/03/19 00:00:00.000";"SAA";"411160";"";"Sim";"IVATUBA";"2014";"";"";"";"";"Regional";"COMPANHIA DE SANEAMENTO DO PARANA";"SANEPAR";;"";"PR";"UR MARINGA";"76484013000145.0";"2014/05/28 11:09:41.000";"Não";"Sim";"76484013000145.0";"2180"
"Sim";"1805.0";;"";"S421850000003";"";"";"";"SUL";"0.0";"AGENCIA DE TREZE TILIAS";"";"7ª REGIONAÇ DE SAÚDE- JOAÇABA";"2014/04/07 00:00:00.000";"SAA";"421850";"";"Sim";"TREZE TILIAS";"2014";"";"";"";"";"Regional";"COMPANHIA CATARINENSE DE AGUAS E SANEAMENTO";"CASAN";;"";"SC";"SUPERINTENDENCIA REGIONAL DE NEGOCIOS OESTE";"82508433000974.0";"2014/06/10 10:16:06.000";"Sim";"Sim";"82508433000117.0";"5487"
"Sim";"2650.0";;"";"S521900000001";"";"";"";"CENTRO-OESTE";;"SISTEMA SANCLERLANDIA";"";"REGIONAL OESTE II";"2014/03/10 00:00:00.000";"SAA";"521900";"";"Sim";"SANCLERLANDIA";"2014";"";"";"";"";"Regional";"SANEAMENTO DE GOIAS SA";"SANEAGO";;"";"GO";"GRS SAO LUIS DE MONTES BELOS";"1616929000102.0";"2014/06/10 10:43:34.000";"Sim";"Não";"1616929000102.0";"7447"
"Sim";"791.0";;"";"S520570000001";"";"";"";"CENTRO-OESTE";;"SISTEMA CORREGO DO OURO";"";"REGIONAL OESTE II";"2014/03/10 00:00:00.000";"SAA";"520570";"";"Sim";"CORREGO DO OURO";"2014";"";"";"";"";"Regional";"SANEAMENTO DE GOIAS SA";"SANEAGO";;"";"GO";"GRS SAO LUIS DE MONTES BELOS";"1616929000102.0";"2014/06/10 10:43:10.000";"Sim";"Não";"1616929000102.0";"2191"
"Sim";"5812.0";;"";"S270690000001";"";"";"";"NORDESTE";"0.0";"SAA DE PILAR CASAL";"";"01 REGIÃO MCZ AL";"2014/07/02 00:00:00.000";"SAA";"270690";"";"Sim";"PILAR";"2014";"";"";"";"";"Regional";"COMPANHIA DE SANEAMENTO DE ALAGOAS";"CASAL";;"";"AL";"UNIDADE LESTE RIO LARGO";"12294708000181.0";"2014/07/02 19:49:27.000";"Sim";"Não";"12294708000181.0";"21911"
"Não";"10739.0";;"";"S521930000001";"";"";"";"CENTRO-OESTE";;"SANTA HELENA DE GOIAS";"";"REGIONAL SUDOESTE I";"2014/02/28 00:00:00.000";"SAA";"521930";"";"Sim";"SANTA HELENA DE GOIAS";"2014";"";"";"";"";"Regional";"SANEAMENTO DE GOIAS SA";"SANEAGO";;"";"GO";"GRS SANTA HELENA DE GOIAS";"1616929000102.0";"2014/07/09 09:34:31.000";"Sim";"Não";"1616929000102.0";"32861"
"Não";"45.0";;"";"S522140000005";"";"";"";"CENTRO-OESTE";;"CEDRO";"";"REGIONAL CENTRAL";"2014/01/02 00:00:00.000";"SAA";"522140";"";"Sim";"TRINDADE";"2014";"";"";"";"";"Regional";"SANEAMENTO DE GOIAS SA";"SANEAGO";;"";"GO";"PGPO GOIANIA";"1616929000102.0";"2014/07/09 09:36:13.000";"Não";"Sim";"1616929000102.0";"146"
"Sim";"832.0";;"";"S231070000002";"";"";"";"NORDESTE";"41.0";"CAGECE SEBASTIAO DE ABREU";"";"02 REGIONAL DE SAUDE CAUCAIA";"2014/07/09 00:00:00.000";"SAA";"231070";"";"Sim";"PENTECOSTE";"2014";"";"";"";"";"Regional";"COMPANHIA DE AGUA E ESGOTO DO CEARA";"CAGECE";;"";"CE";"UNIDADE DE NEGOCIO DA BACIA DO CURU E LITORAL UNBCL";"7040108000157.0";"2014/07/09 09:51:27.000";"Sim";"Não";"7040108000157.0";"2987"
"Não";"1015.0";;"";"S270430000010";"";"";"";"NORDESTE";;"SAA MACEIO OSMAN LOUREIRO";"";"01 REGIÃO MCZ AL";"2014/07/09 00:00:00.000";"SAA";"270430";"";"Sim";"MACEIO";"2014";"";"";"";"";"Regional";"COMPANHIA DE SANEAMENTO DE ALAGOAS";"CASAL";;"";"AL";"UNIDADE METROPOLITANA MACEIO";"12294708000181.0";"2014/07/09 10:37:25.000";"Não";"Sim";"12294708000181.0";"3441"
"Sim";"200.0";;"";"S280340000001";"";"";"";"NORDESTE";;"ETA JAPOATA";"";"PROPRIA";"2014/07/09 00:00:00.000";"SAA";"280340";"";"Sim";"JAPOATA";"2014";"";"";"";"";"Regional";"COMPANHIA DE SANEAMENTO DE SERGIPE";"DESO";;"";"SE";"DESO JAPOATA";"13018171000190.0";"2014/07/09 13:17:50.000";"Não";"Sim";"13018171000190.0";"712"
"Sim";"1329.0";;"";"S432050000001";"";"";"";"SUL";;"SERTÃO";"";"6ª CRS";"2014/07/09 00:00:00.000";"SAA";"432050";"";"Sim";"SERTAO";"2014";"";"";"";"";"Regional";"COMPANHIA RIOGRANDENSE DE SANEAMENTO";"CORSAN";;"";"RS";"SUPERINTENDENCIA REGIONAL PLANALTO SURPLA";"92802784036380.0";"2014/07/09 15:18:45.000";"Sim";"Sim";"92802784000190.0";"3854"
"Sim";"139.0";;"";"S230310000004";"";"";"";"NORDESTE";"18.0";"SISAR ARARIUS";"";"11 REGIONAL DE SAUDE SOBRAL";"2014/07/23 00:00:00.000";"SAA";"230310";"";"Sim";"CARIRE";"2014";"";"";"";"";"Regional";"SISTEMA INTEGRADO DE SANEAMENTO RURAL";"SISAR";;"";"CE";"SISTEMA INTEGRADO DE SANEAMENTO RURAL DA BACIA DO ACARAU E COREAU BAC";"1090080000186.0";"2014/07/23 08:12:53.000";"Sim";"Sim";"5033853000143.0";"499"
"Sim";"145.0";;"";"S230310000006";"";"";"";"NORDESTE";"20.0";"SISAR ALTO FELIZ";"";"11 REGIONAL DE SAUDE SOBRAL";"2014/07/23 00:00:00.000";"SAA";"230310";"";"Sim";"CARIRE";"2014";"";"";"";"";"Regional";"SISTEMA INTEGRADO DE SANEAMENTO RURAL";"SISAR";;"";"CE";"SISTEMA INTEGRADO DE SANEAMENTO RURAL DA BACIA DO ACARAU E COREAU BAC";"1090080000186.0";"2014/07/23 08:30:57.000";"Não";"Sim";"5033853000143.0";"521"
"Sim";"72.0";;"";"S230310000007";"";"";"";"NORDESTE";"3.0";"SISAR AROEIRA";"";"11 REGIONAL DE SAUDE SOBRAL";"2014/07/23 00:00:00.000";"SAA";"230310";"";"Sim";"CARIRE";"2014";"";"";"";"";"Regional";"SISTEMA INTEGRADO DE SANEAMENTO RURAL";"SISAR";;"";"CE";"SISTEMA INTEGRADO DE SANEAMENTO RURAL DA BACIA DO ACARAU E COREAU BAC";"1090080000186.0";"2014/07/23 08:36:58.000";"Não";"Sim";"5033853000143.0";"258"
"Sim";"37.0";;"";"S230110000008";"";"";"";"NORDESTE";"0.0";"SISAR LAGOA DO JUA";"";"07 REGIONAL DE SAUDE ARACATI";"2014/07/29 00:00:00.000";"SAA";"230110";"";"Sim";"ARACATI";"2014";"";"";"";"";"Regional";"SISTEMA INTEGRADO DE SANEAMENTO RURAL";"SISAR";;"";"CE";"SISTEMA INTEGRADO DE SANEAMENTO RURAL DA BACIA DO BAIXO E MEDIO JAGUARIBE BBJ";"5033853000143.0";"2014/07/29 16:27:33.000";"Sim";"Não";"5033853000143.0";"129"
"Não";"516.0";;"";"S354140000002";"";"";"";"SUDESTE";"0.0";"FLORESTA DO SUL 125";"";"GVS XXI - PRESIDENTE PRUDENTE";"2014/04/14 00:00:00.000";"SAA";"354140";"";"Sim";"PRESIDENTE PRUDENTE";"2014";"";"";"";"";"Regional";"COMPANHIA DE SANEAMENTO BASICO DO ESTADO DE SAO PAULO";"SABESP";;"";"SP";"PRESIDENTE PRUDENTE SABESP";"43776517022400.0";"2014/07/31 10:18:14.000";"Não";"Sim";"43776517000180.0";"1569"
"Não";"240.0";;"";"S352230000003";"";"";"";"SUDESTE";;"CONCEIÇÃO";"";"GVS XXXI - SOROCABA";"2014/07/31 00:00:00.000";"SAA";"352230";"";"Sim";"ITAPETININGA";"2014";"";"";"";"";"Regional";"COMPANHIA DE SANEAMENTO BASICO DO ESTADO DE SAO PAULO";"SABESP";;"";"SP";"ITAPETININGA SABESP";"43776517055839.0";"2014/07/31 12:46:41.000";"Não";"Sim";"43776517000180.0";"799"
"Não";"542.0";;"";"S521523000003";"";"";"";"CENTRO-OESTE";;"AMERICA DO SUL";"";"REGIONAL ENTORNO SUL";"2014/03/11 00:00:00.000";"SAA";"521523";"";"Sim";"NOVO GAMA";"2014";"";"";"";"";"Regional";"SANEAMENTO DE GOIAS SA";"SANEAGO";;"";"GO";"GRS LUZIANIA";"1616929000102.0";"2014/07/31 14:24:13.000";"Não";"Sim";"1616929000102.0";"1940"
"Não";"248.0";;"";"S354140000005";"";"";"";"SUDESTE";"0.0";"ENEIDA 119";"";"GVS XXI - PRESIDENTE PRUDENTE";"2014/07/14 00:00:00.000";"SAA";"354140";"";"Sim";"PRESIDENTE PRUDENTE";"2014";"";"";"";"";"Regional";"COMPANHIA DE SANEAMENTO BASICO DO ESTADO DE SAO PAULO";"SABESP";;"";"SP";"PRESIDENTE PRUDENTE SABESP";"43776517022400.0";"2014/07/31 14:28:59.000";"Não";"Sim";"43776517000180.0";"754"
"Sim";"644.0";;"";"S230170000002";"";"";"";"NORDESTE";"23.0";"SISTEMA INGAZEIRA";"";"19 REGIONAL DE SAUDE BREJO SANTO";"2014/07/31 00:00:00.000";"SAA";"230170";"";"Sim";"AURORA";"2014";"";"";"";"";"Regional";"COMPANHIA DE AGUA E ESGOTO DO CEARA";"CAGECE";;"";"CE";"UNIDADE DE NEGOCIO DA BACIA DO SALGADO UNBSA";"7040108000157.0";"2014/07/31 15:21:06.000";"Sim";"Não";"7040108000157.0";"2222"
"Sim";"200.0";;"";"S230445000002";"";"";"";"NORDESTE";"0.0";"SISAR DO DISTRITO DE GUAJIRU";"";"07 REGIONAL DE SAUDE ARACATI";"2014/01/10 00:00:00.000";"SAA";"230445";"";"Sim";"FORTIM";"2014";"";"";"";"";"Regional";"SISTEMA INTEGRADO DE SANEAMENTO RURAL";"SISAR";;"";"CE";"SISTEMA INTEGRADO DE SANEAMENTO RURAL DA BACIA DO BAIXO E MEDIO JAGUARIBE BBJ";"5033853000143.0";"2014/08/04 09:50:44.000";"Não";"Sim";"5033853000143.0";"712"
"Sim";"1714.0";;"";"S230660000002";"";"";"";"NORDESTE";"456.0";"SISAR LAGOA DO MATO";"";"05 REGIONAL DE SAUDE CANINDE";"2014/08/05 00:00:00.000";"SAA";"230660";"";"Sim";"ITATIRA";"2014";"";"";"";"";"Regional";"SISTEMA INTEGRADO DE SANEAMENTO RURAL";"SISAR";;"";"CE";"SISTEMA INTEGRADO DE SANEAMENTO RURAL DA BACIA DO BANABUIU BBA";"4715088000189.0";"2014/08/05 09:16:55.000";"Sim";"Não";"5033853000143.0";"6753"
"Sim";"102384.0";;"";"S351620000001";"";"";"";"SUDESTE";"3955.0";"FRANCA";"";"GVS XVIII - FRANCA";"2014/05/09 00:00:00.000";"SAA";"351620";"";"Sim";"FRANCA";"2014";"";"";"";"";"Regional";"COMPANHIA DE SANEAMENTO BASICO DO ESTADO DE SAO PAULO";"SABESP";;"";"SP";"FRANCA SABESP";"43776517060670.0";"2014/08/05 09:27:02.000";"Sim";"Não";"43776517000180.0";"332748"
"Não";"245.0";;"";"S230660000003";"";"";"";"NORDESTE";"46.0";"SISAR BANDEIRA";"";"05 REGIONAL DE SAUDE CANINDE";"2014/08/05 00:00:00.000";"SAA";"230660";"";"Sim";"ITATIRA";"2014";"";"";"";"";"Regional";"SISTEMA INTEGRADO DE SANEAMENTO RURAL";"SISAR";;"";"CE";"SISTEMA INTEGRADO DE SANEAMENTO RURAL DA BACIA DO BANABUIU BBA";"4715088000189.0";"2014/08/05 09:58:25.000";"Não";"Sim";"5033853000143.0";"965"
"Não";"6233.0";;"";"S150140000007";"";"";"";"NORTE";;"COSANPA BENGUI";"";"1° CRS";"2014/04/14 00:00:00.000";"SAA";"150140";"";"Sim";"BELEM";"2014";"";"";"";"";"Regional";"COMPANHIA DE SANEAMENTO DO PARA";"COSANPA";;"";"PA";"COSANPA REGIONAL METROPOLITANA DE BELEM";"4945341000190.0";"2014/08/05 11:30:02.000";"Não";"Sim";"4945341000190.0";"23498"
"Não";"3741.0";;"";"S150140000012";"";"";"";"NORTE";;"COSANPA CORDEIRO DE FARIAS";"";"1° CRS";"2014/04/14 00:00:00.000";"SAA";"150140";"";"Sim";"BELEM";"2014";"";"";"";"";"Regional";"COMPANHIA DE SANEAMENTO DO PARA";"COSANPA";;"";"PA";"COSANPA REGIONAL METROPOLITANA DE BELEM";"4945341000190.0";"2014/08/05 12:17:08.000";"Não";"Sim";"4945341000190.0";"14104"
"Não";"1043.0";;"";"S150140000015";"";"";"";"NORTE";;"COSANPA PRATINHA";"";"1° CRS";"2014/04/14 00:00:00.000";"SAA";"150140";"";"Sim";"BELEM";"2014";"";"";"";"";"Regional";"COMPANHIA DE SANEAMENTO DO PARA";"COSANPA";;"";"PA";"COSANPA REGIONAL METROPOLITANA DE BELEM";"4945341000190.0";"2014/08/05 14:15:42.000";"Não";"Sim";"4945341000190.0";"3932"
"Não";"1472.0";;"";"S150140000017";"";"";"";"NORTE";;"COSANPA TENONE";"";"1° CRS";"2014/04/14 00:00:00.000";"SAA";"150140";"";"Sim";"BELEM";"2014";"";"";"";"";"Regional";"COMPANHIA DE SANEAMENTO DO PARA";"COSANPA";;"";"PA";"COSANPA REGIONAL METROPOLITANA DE BELEM";"4945341000190.0";"2014/08/05 14:26:55.000";"Não";"Sim";"4945341000190.0";"5549"
"Sim";"1341.0";;"";"S150080000002";"";"";"";"NORTE";;"COSANPA ANANINDEUA CENTRO";"";"1° CRS";"2014/04/14 00:00:00.000";"SAA";"150080";"";"Sim";"ANANINDEUA";"2014";"";"";"";"";"Regional";"COMPANHIA DE SANEAMENTO DO PARA";"COSANPA";;"";"PA";"COSANPA REGIONAL METROPOLITANA DE BELEM";"4945341000190.0";"2014/08/05 14:46:23.000";"Não";"Sim";"4945341000190.0";"5029"
"Não";"167.0";;"";"S431123000001";"";"";"";"SUL";"0.0";"LAGOA BONITA DO SUL";"";"8ª CRS";"2014/05/06 00:00:00.000";"SAA";"431123";"";"Sim";"LAGOA BONITA DO SUL";"2014";"";"";"";"";"Regional";"COMPANHIA RIOGRANDENSE DE SANEAMENTO";"CORSAN";;"";"RS";"SUPERINTENDENCIA REGIONAL CENTRAL SURCEN";"92802784036208.0";"2014/05/06 13:05:49.000";"Não";"Sim";"92802784000190.0";"519"
"Não";"548.0";;"";"S432147000001";"";"";"";"SUL";"0.0";"TIRADENTES DO SUL";"";"2ª CRS";"2014/05/06 00:00:00.000";"SAA";"432147";"";"Sim";"TIRADENTES DO SUL";"2014";"";"";"";"";"Regional";"COMPANHIA RIOGRANDENSE DE SANEAMENTO";"CORSAN";;"";"RS";"SUPERINTENDENCIA REGIONAL MISSOES SURMIS";"92802784036623.0";"2014/05/06 14:02:35.000";"Não";"Sim";"92802784000190.0";"1617"
"Sim";"2438.0";;"";"S411390000003";"";"";"";"SUL";;"MALLET UT1551";"";"04 RS - IRATI";"2014/03/19 00:00:00.000";"SAA";"411390";"";"Sim";"MALLET";"2014";"";"";"";"";"Regional";"COMPANHIA DE SANEAMENTO DO PARANA";"SANEPAR";;"";"PR";"UR UNIAO DA VITORIA";"76484013000145.0";"2014/05/06 15:20:32.000";"Sim";"Não";"76484013000145.0";"7875"
"Não";"277.0";;"";"S410940000006";"";"";"";"SUL";;"GUARA UT7821";"";"05 RS - GUARAPUAVA";"2014/03/19 00:00:00.000";"SAA";"410940";"";"Sim";"GUARAPUAVA";"2014";"";"";"";"";"Regional";"COMPANHIA DE SANEAMENTO DO PARANA";"SANEPAR";;"";"PR";"UR GUARAPUAVA";"76484013000145.0";"2014/05/07 14:06:18.000";"Não";"Sim";"76484013000145.0";"909"
"Não";"604.0";;"";"S432320000001";"";"";"";"SUL";;"VICTOR GRAEFF";"";"6ª CRS";"2014/05/07 00:00:00.000";"SAA";"432320";"";"Sim";"VICTOR GRAEFF";"2014";"";"";"";"";"Regional";"COMPANHIA RIOGRANDENSE DE SANEAMENTO";"CORSAN";;"";"RS";"SUPERINTENDENCIA REGIONAL MISSOES SURMIS";"92802784036623.0";"2014/05/07 14:08:30.000";"Não";"Sim";"92802784000190.0";"1733"
"Não";"714.0";;"";"S411325000001";"";"";"";"SUL";;"LARANJAL UT3631";"";"05 RS - GUARAPUAVA";"2014/03/19 00:00:00.000";"SAA";"411325";"";"Sim";"LARANJAL";"2014";"";"";"";"";"Regional";"COMPANHIA DE SANEAMENTO DO PARANA";"SANEPAR";;"";"PR";"UR GUARAPUAVA";"76484013000145.0";"2014/05/07 14:29:55.000";"Não";"Sim";"76484013000145.0";"2592"
"Sim";"3039.0";;"";"S411780000001";"";"";"";"SUL";;"PALMITAL UT1891";"";"05 RS - GUARAPUAVA";"2014/03/19 00:00:00.000";"SAA";"411780";"";"Sim";"PALMITAL";"2014";"";"";"";"";"Regional";"COMPANHIA DE SANEAMENTO DO PARANA";"SANEPAR";;"";"PR";"UR GUARAPUAVA";"76484013000145.0";"2014/05/07 15:12:24.000";"Sim";"Não";"76484013000145.0";"10029"
"Sim";"1201.0";;"";"S411420000001";"";"";"";"SUL";;"MANDAGUARI UT0191";"";"15 RS - MARINGA";"2014/03/19 00:00:00.000";"SAA";"411420";"";"Sim";"MANDAGUARI";"2014";"";"";"";"";"Regional";"COMPANHIA DE SANEAMENTO DO PARANA";"SANEPAR";;"";"PR";"UR MARINGA";"76484013000145.0";"2014/05/28 13:41:11.000";"Sim";"Sim";"76484013000145.0";"3651"
"Sim";"13245.0";;"";"S411520000001";"";"";"";"SUL";;"MARINGA UT1671";"";"15 RS - MARINGA";"2014/03/19 00:00:00.000";"SAA";"411520";"";"Sim";"MARINGA";"2014";"";"";"";"";"Regional";"COMPANHIA DE SANEAMENTO DO PARANA";"SANEPAR";;"";"PR";"UR MARINGA";"76484013000145.0";"2014/05/28 14:14:12.000";"Sim";"Sim";"76484013000145.0";"40265"
"Não";"561.0";;"";"S411520000003";"";"";"";"SUL";;"FLORIANO UT6121";"";"15 RS - MARINGA";"2014/03/19 00:00:00.000";"SAA";"411520";"";"Sim";"MARINGA";"2014";"";"";"";"";"Regional";"COMPANHIA DE SANEAMENTO DO PARANA";"SANEPAR";;"";"PR";"UR MARINGA";"76484013000145.0";"2014/05/28 14:36:39.000";"Não";"Sim";"76484013000145.0";"1705"
"Não";"3000.0";;"";"S412340000001";"";"";"";"SUL";"536.0";"SANTA FE UT2401";"";"15 RS - MARINGA";"2014/03/19 00:00:00.000";"SAA";"412340";"";"Sim";"SANTA FE";"2014";"";"";"";"";"Regional";"COMPANHIA DE SANEAMENTO DO PARANA";"SANEPAR";;"";"PR";"UR MARINGA";"76484013000145.0";"2014/05/28 15:33:49.000";"Não";"Sim";"76484013000145.0";"9420"
"Não";"550.0";;"";"S412360000001";"";"";"";"SUL";;"SANTA INEZ UT2421";"";"15 RS - MARINGA";"2014/03/19 00:00:00.000";"SAA";"412360";"";"Sim";"SANTA INES";"2014";"";"";"";"";"Regional";"COMPANHIA DE SANEAMENTO DO PARANA";"SANEPAR";;"";"PR";"UR ARAPONGAS";"76484013000145.0";"2014/05/28 15:38:56.000";"Não";"Sim";"76484013000145.0";"1700"
"Não";"674.0";;"";"S412830000001";"";"";"";"SUL";;"UNIFLOR UT2841";"";"15 RS - MARINGA";"2014/03/19 00:00:00.000";"SAA";"412830";"";"Sim";"UNIFLOR";"2014";"";"";"";"";"Regional";"COMPANHIA DE SANEAMENTO DO PARANA";"SANEPAR";;"";"PR";"UR MARINGA";"76484013000145.0";"2014/05/28 15:47:29.000";"Não";"Sim";"76484013000145.0";"2150"
"Sim";"685.0";;"";"S520455000001";"";"";"";"CENTRO-OESTE";"0.0";"CALDAZINHA";"";"REGIONAL CENTRO SUL";"2014/01/06 00:00:00.000";"SAA";"520455";"";"Sim";"CALDAZINHA";"2014";"";"";"";"";"Regional";"SANEAMENTO DE GOIAS SA";"SANEAGO";;"";"GO";"PGPO GOIANIA";"1616929000102.0";"2014/05/30 11:48:39.000";"Sim";"Não";"1616929000102.0";"2069"
"Sim";"738.0";;"";"S521385000001";"";"";"";"CENTRO-OESTE";"0.0";"MORRO AGUDO DE GOIAS";"";"REGIONAL SÃO PATRICIO";"2014/03/19 00:00:00.000";"SAA";"521385";"";"Sim";"MORRO AGUDO DE GOIAS";"2014";"";"";"";"";"Regional";"SANEAMENTO DE GOIAS SA";"SANEAGO";;"";"GO";"GRS CERES";"1616929000102.0";"2014/06/06 11:06:59.000";"Sim";"Sim";"1616929000102.0";"2096"
"Sim";"4188.0";;"";"S521090000001";"";"";"";"CENTRO-OESTE";;"ITAPACI";"";"REGIONAL SÃO PATRICIO";"2014/06/06 00:00:00.000";"SAA";"521090";"";"Sim";"ITAPACI";"2014";"";"";"";"";"Regional";"SANEAMENTO DE GOIAS SA";"SANEAGO";;"";"GO";"GRS CERES";"1616929000102.0";"2014/06/06 11:04:35.000";"Sim";"Não";"1616929000102.0";"12983"
"Sim";"18565.0";;"";"S520860000001";"";"";"";"CENTRO-OESTE";;"SANEAGO - GOIANESIA";"";"REGIONAL SÃO PATRICIO II";"2014/06/06 00:00:00.000";"SAA";"520860";"";"Sim";"GOIANESIA";"2014";"";"";"";"";"Regional";"SANEAMENTO DE GOIAS SA";"SANEAGO";;"";"GO";"GRS CERES";"1616929000102.0";"2014/06/06 11:11:26.000";"Sim";"Não";"1616929000102.0";"60893"
"Sim";"2401.0";;"";"S520320000001";"";"";"";"CENTRO-OESTE";"0.0";"BARRO ALTO";"";"REGIONAL SÃO PATRICIO II";"2014/03/17 00:00:00.000";"SAA";"520320";"";"Sim";"BARRO ALTO";"2014";"";"";"";"";"Regional";"SANEAMENTO DE GOIAS SA";"SANEAGO";;"";"GO";"GRS CERES";"1616929000102.0";"2014/06/06 11:03:04.000";"Sim";"Sim";"1616929000102.0";"8235"
"Sim";"4059.0";;"";"S522170000001";"";"";"";"CENTRO-OESTE";"0.0";"URUANA";"";"REGIONAL SÃO PATRICIO";"2014/03/18 00:00:00.000";"SAA";"522170";"";"Sim";"URUANA";"2014";"";"";"";"";"Regional";"SANEAMENTO DE GOIAS SA";"SANEAGO";;"";"GO";"GRS CERES";"1616929000102.0";"2014/06/06 11:32:25.000";"Sim";"Não";"1616929000102.0";"11771"
"Não";"120.0";;"";"S353140000003";"";"";"";"SUDESTE";;"SISTEMA DE ABASTECIMENTO DE AGUA DE ENGENHEIRO BALDUINO";"";"GVS XXIX  - SÃO JOSÉ DO RIO PRETO";"2014/06/10 00:00:00.000";"SAA";"353140";"";"Sim";"MONTE APRAZIVEL";"2014";"";"";"";"";"Regional";"COMPANHIA DE SANEAMENTO BASICO DO ESTADO DE SAO PAULO";"SABESP";;"";"SP";"MONTE APRAZIVEL SABESP";"43776517052490.0";"2014/06/10 08:49:38.000";"Não";"Sim";"43776517000180.0";"358"
"Não";"427.0";;"";"S420530000002";"";"";"";"SUL";;"FAXINAL DOS GUEDES UNIDADE BARRA GRANDE";"";"5ª REGIONAL DE SAÚDE- XANXERÊ";"2014/06/10 00:00:00.000";"SAA";"420530";"";"Sim";"FAXINAL DOS GUEDES";"2014";"";"";"";"";"Regional";"COMPANHIA CATARINENSE DE AGUAS E SANEAMENTO";"CASAN";;"";"SC";"SUPERINTENDENCIA REGIONAL DE NEGOCIOS OESTE";"82508433000974.0";"2014/06/10 11:26:04.000";"Sim";"Não";"82508433000117.0";"1422"
"Não";"19875.0";;"";"S410040000001";"";"";"";"SUL";"0.0";"ALMIRANTE TAMANDARE UT 0341";"";"02 RS - CURITIBA";"2014/03/19 00:00:00.000";"SAA";"410040";"";"Sim";"ALMIRANTE TAMANDARE";"2014";"";"";"";"";"Regional";"COMPANHIA DE SANEAMENTO DO PARANA";"SANEPAR";;"";"PR";"US PRODUCAO DE CURITIBA USPD";"76484013000145.0";"2014/06/24 09:01:57.000";"Não";"Sim";"76484013000145.0";"67376"
"Sim";"6825.0";;"";"S520130000001";"";"";"";"CENTRO-OESTE";;"SISTEMA ANICUNS";"";"REGIONAL CENTRAL";"2014/03/10 00:00:00.000";"SAA";"520130";"";"Sim";"ANICUNS";"2014";"";"";"";"";"Regional";"SANEAMENTO DE GOIAS SA";"SANEAGO";;"";"GO";"GRS SAO LUIS DE MONTES BELOS";"1616929000102.0";"2014/06/24 09:51:24.000";"Sim";"Não";"1616929000102.0";"20134"
"Não";"228.0";;"";"S412862000002";"";"";"";"SUL";;"PORTO FIGUEIRA UT5001";"";"12 RS - UMUARAMA";"2014/03/19 00:00:00.000";"SAA";"412862";"";"Sim";"ALTO PARAISO";"2014";"";"";"";"";"Regional";"COMPANHIA DE SANEAMENTO DO PARANA";"SANEPAR";;"";"PR";"UR UMUARAMA";"76484013000145.0";"2014/06/24 11:08:11.000";"Não";"Sim";"76484013000145.0";"668"
"Não";"923.0";;"";"S410347000001";"";"";"";"SUL";;"CAFEZAL DO SUL UT3331";"";"12 RS - UMUARAMA";"2014/03/19 00:00:00.000";"SAA";"410347";"";"Sim";"CAFEZAL DO SUL";"2014";"";"";"";"";"Regional";"COMPANHIA DE SANEAMENTO DO PARANA";"SANEPAR";;"";"PR";"UR UMUARAMA";"76484013000145.0";"2014/06/24 13:08:50.000";"Não";"Sim";"76484013000145.0";"2714"
"Sim";"1059.0";;"";"S520660000001";"";"";"";"CENTRO-OESTE";"0.0";"SAA CUMARI";"";"REGIONAL ESTRADA DE FERRO";"2014/01/21 00:00:00.000";"SAA";"520660";"";"Sim";"CUMARI";"2014";"";"";"";"";"Regional";"SANEAMENTO DE GOIAS SA";"SANEAGO";;"";"GO";"GRS OUVIDOR";"1616929000102.0";"2014/06/25 10:58:00.000";"Sim";"Não";"1616929000102.0";"3008"
"Sim";"702.0";;"";"S412760000002";"";"";"";"SUL";"2000.0";"TIJUCAS DO SUL UT4591";"";"02 RS - CURITIBA";"2014/03/19 00:00:00.000";"SAA";"412760";"";"Sim";"TIJUCAS DO SUL";"2014";"";"";"";"";"Regional";"COMPANHIA DE SANEAMENTO DO PARANA";"SANEPAR";;"";"PR";"US PRODUCAO DE CURITIBA USPD";"76484013000145.0";"2014/07/15 10:04:19.000";"Não";"Sim";"76484013000145.0";"2246"
"Sim";"198.0";;"";"S412760000003";"";"";"";"SUL";;"TIJUCAS DO SUL UT4781";"";"02 RS - CURITIBA";"2014/03/19 00:00:00.000";"SAA";"412760";"";"Sim";"TIJUCAS DO SUL";"2014";"";"";"";"";"Regional";"COMPANHIA DE SANEAMENTO DO PARANA";"SANEPAR";;"";"PR";"US PRODUCAO DE CURITIBA USPD";"76484013000145.0";"2014/07/15 10:10:54.000";"Sim";"Não";"76484013000145.0";"634"
"Não";"170.0";;"";"S412788000002";"";"";"";"SUL";;"MARQUEZ DE ABRANTES UT7291";"";"02 RS - CURITIBA";"2014/03/19 00:00:00.000";"SAA";"412788";"";"Sim";"TUNAS DO PARANA";"2014";"";"";"";"";"Regional";"COMPANHIA DE SANEAMENTO DO PARANA";"SANEPAR";;"";"PR";"US PRODUCAO DE CURITIBA USPD";"76484013000145.0";"2014/07/15 11:07:10.000";"Não";"Sim";"76484013000145.0";"592"
"Não";"1764.0";;"";"S431010000001";"";"";"";"SUL";"0.0";"IGREJINHA";"";"1ª CRS";"2014/07/15 00:00:00.000";"SAA";"431010";"";"Sim";"IGREJINHA";"2014";"";"";"";"";"Regional";"COMPANHIA RIOGRANDENSE DE SANEAMENTO";"CORSAN";;"";"RS";"SUPERINTENDENCIA REGIONAL SINOS SURSIN";"92802784031150.0";"2014/07/15 11:17:39.000";"Não";"Sim";"92802784000190.0";"5257"
"Sim";"800.0";;"";"S280680000001";"";"";"";"NORDESTE";"0.0";"ETA SAO DOMINGOS";"";"ITABAIANA";"2014/07/15 00:00:00.000";"SAA";"280680";"";"Sim";"SAO DOMINGOS";"2014";"";"";"";"";"Regional";"COMPANHIA DE SANEAMENTO DE SERGIPE";"DESO";;"";"SE";"INTEGRADO AGRESTE";"13018171000190.0";"2014/07/15 11:35:07.000";"Sim";"Não";"13018171000190.0";"2632"
"Não";"1672.0";;"";"S260620000003";"";"";"";"NORDESTE";;"ETA SISTEMA TEJUCUPAPO";"";"XII REGIONAL DE SAUDE";"2014/07/14 00:00:00.000";"SAA";"260620";"";"Sim";"GOIANA";"2014";"";"";"";"";"Regional";"COMPANHIA PERNAMBUCANA DE SANEAMENTO";"COMPESA";;"";"PE";"GERENCIA REGIONAL DA MATA NORTE";"9769035000164.0";"2014/07/15 12:08:25.000";"Não";"Sim";"9769035000164.0";"5885"
"Sim";"30000.0";;"";"S410370000001";"";"";"";"SUL";"3481.0";"CAMBE UT0621";"";"17 RS - LONDRINA";"2014/03/19 00:00:00.000";"SAA";"410370";"";"Sim";"CAMBE";"2014";"";"";"";"";"Regional";"COMPANHIA DE SANEAMENTO DO PARANA";"SANEPAR";;"";"PR";"GIDLD LONDRINA";"76484013000145.0";"2014/07/15 12:12:26.000";"Sim";"Sim";"76484013000145.0";"95400"
"Não";"287.0";;"";"S410920000002";"";"";"";"SUL";;"BENTOPOLIS UT5321";"";"17 RS - LONDRINA";"2014/03/19 00:00:00.000";"SAA";"410920";"";"Sim";"GUARACI";"2014";"";"";"";"";"Regional";"COMPANHIA DE SANEAMENTO DO PARANA";"SANEPAR";;"";"PR";"UR ARAPONGAS";"76484013000145.0";"2014/07/15 13:15:46.000";"Não";"Sim";"76484013000145.0";"870"
"Sim";"113800.0";;"";"S411370000001";"";"";"";"SUL";;"LONDRINA UT1531";"";"17 RS - LONDRINA";"2014/03/19 00:00:00.000";"SAA";"411370";"";"Sim";"LONDRINA";"2014";"";"";"";"";"Regional";"COMPANHIA DE SANEAMENTO DO PARANA";"SANEPAR";;"";"PR";"GIDLD LONDRINA";"76484013000145.0";"2014/07/15 13:19:37.000";"Sim";"Sim";"76484013000145.0";"348228"
"Não";"1706.0";;"";"S355290000001";"";"";"";"SUDESTE";"0.0";"TACIBA143";"";"GVS XXI - PRESIDENTE PRUDENTE";"2014/04/14 00:00:00.000";"SAA";"355290";"";"Sim";"TACIBA";"2014";"";"";"";"";"Regional";"COMPANHIA DE SANEAMENTO BASICO DO ESTADO DE SAO PAULO";"SABESP";;"";"SP";"TACIBA SABESP";"43776517046414.0";"2014/07/15 14:49:52.000";"Não";"Sim";"43776517000180.0";"5408"
"Sim";"6845.0";;"";"S432300000001";"";"";"";"SUL";"0.0";"VIAMÃO";"";"1ª CRS";"2014/07/15 00:00:00.000";"SAA";"432300";"";"Sim";"VIAMAO";"2014";"";"";"";"";"Regional";"COMPANHIA RIOGRANDENSE DE SANEAMENTO";"CORSAN";;"";"RS";"SUPERINTENDENCIA REGIONAL METROPOLITANA SURMET";"92802784036976.0";"2014/07/15 15:18:31.000";"Sim";"Sim";"92802784000190.0";"21562"
"Não";"108.0";;"";"S351020000002";"";"";"";"SUDESTE";"0.0";"ANA BENTA";"";"GVS XXXI - SOROCABA";"2014/06/27 00:00:00.000";"SAA";"351020";"";"Sim";"CAPAO BONITO";"2014";"";"";"";"";"Regional";"COMPANHIA DE SANEAMENTO BASICO DO ESTADO DE SAO PAULO";"SABESP";;"";"SP";"CAPAO BONITO SABESP";"43776517068817.0";"2014/07/15 15:24:51.000";"Não";"Sim";"43776517000180.0";"365"
"Sim";"2687.0";;"";"S230837000001";"";"";"";"NORDESTE";"787.0";"CAGECE MIRAIMA";"";"06 REGIONAL DE SAUDE ITAPIPOCA";"2014/07/22 00:00:00.000";"SAA";"230837";"";"Sim";"MIRAIMA";"2014";"";"";"";"";"Regional";"COMPANHIA DE AGUA E ESGOTO DO CEARA";"CAGECE";;"";"CE";"UNIDADE DE NEGOCIO DA BACIA DO CURU E LITORAL UNBCL";"7040108000157.0";"2014/07/22 09:23:30.000";"Sim";"Não";"7040108000157.0";"10614"
"Sim";"881.0";;"";"S431950000001";"";"";"";"SUL";"0.0";"SÃO SEBASTIÃO DO CAÍ";"";"1ª CRS";"2014/04/08 00:00:00.000";"SAA";"430468";"";"Sim";"CAPELA DE SANTANA";"2014";"";"";"";"";"Regional";"COMPANHIA RIOGRANDENSE DE SANEAMENTO";"CORSAN";;"";"RS";"SUPERINTENDENCIA REGIONAL NORDESTE SURNE";"92802784036895.0";"2014/04/08 09:26:16.000";"Sim";"Sim";"92802784000190.0";"2617"
"Sim";"21418.0";;"";"S230640000001";"";"";"";"NORDESTE";"1622.0";"SISTEMA ITAPIPOCA SEDE";"";"06 REGIONAL DE SAUDE ITAPIPOCA";"2014/07/22 00:00:00.000";"SAA";"230640";"";"Sim";"ITAPIPOCA";"2014";"";"";"";"";"Regional";"COMPANHIA DE AGUA E ESGOTO DO CEARA";"CAGECE";;"";"CE";"UNIDADE DE NEGOCIO DA BACIA DO CURU E LITORAL UNBCL";"7040108000157.0";"2014/07/22 10:40:50.000";"Sim";"Não";"7040108000157.0";"82888"
"Sim";"545.0";;"";"S231130000002";"";"";"";"NORDESTE";"23.0";"SISTEMA JUATAMA";"";"08 REGIONAL DE SAUDE QUIXADA";"2014/07/22 00:00:00.000";"SAA";"231130";"";"Sim";"QUIXADA";"2014";"";"";"";"";"Regional";"COMPANHIA DE AGUA E ESGOTO DO CEARA";"CAGECE";;"";"CE";"UNIDADE DE NEGOCIO DA BACIA DE BANABUIU UNBBA";"7040108000157.0";"2014/07/22 14:32:33.000";"Sim";"Não";"7040108000157.0";"1978"
"Não";"196.0";;"";"S410970000004";"";"";"";"SUL";;"VASSOURAL UT7571";"";"19 RS - JACAREZINHO";"2014/03/19 00:00:00.000";"SAA";"410970";"";"Sim";"IBAITI";"2014";"";"";"";"";"Regional";"COMPANHIA DE SANEAMENTO DO PARANA";"SANEPAR";;"";"PR";"UR SANTO ANTONIO DA PLATINA";"76484013000145.0";"2014/07/22 14:41:09.000";"Não";"Sim";"76484013000145.0";"602"
"Sim";"6283.0";;"";"S411180000001";"";"";"";"SUL";"6000.0";"JACAREZINHO UT1351";"";"19 RS - JACAREZINHO";"2014/03/19 00:00:00.000";"SAA";"411180";"";"Sim";"JACAREZINHO";"2014";"";"";"";"";"Regional";"COMPANHIA DE SANEAMENTO DO PARANA";"SANEPAR";;"";"PR";"UR SANTO ANTONIO DA PLATINA";"76484013000145.0";"2014/07/22 15:02:49.000";"Sim";"Sim";"76484013000145.0";"20294"
"Sim";"4443.0";;"";"S231270000001";"";"";"";"NORDESTE";"250.0";"CAGECE SENADOR POMPEU";"";"08 REGIONAL DE SAUDE QUIXADA";"2014/07/22 00:00:00.000";"SAA";"231270";"";"Sim";"SENADOR POMPEU";"2014";"";"";"";"";"Regional";"COMPANHIA DE AGUA E ESGOTO DO CEARA";"CAGECE";;"";"CE";"UNIDADE DE NEGOCIO DA BACIA DE BANABUIU UNBBA";"7040108000157.0";"2014/07/22 15:25:34.000";"Sim";"Não";"7040108000157.0";"14751"
"Não";"556.0";;"";"S230570000002";"";"";"";"NORDESTE";"28.0";"SISTEMA FELIZARDO";"";"17 REGIONAL DE SAUDE ICO";"2014/07/31 00:00:00.000";"SAA";"230570";"";"Sim";"IPAUMIRIM";"2014";"";"";"";"";"Regional";"COMPANHIA DE AGUA E ESGOTO DO CEARA";"CAGECE";;"";"CE";"UNIDADE DE NEGOCIO DA BACIA DO SALGADO UNBSA";"7040108000157.0";"2014/07/31 08:52:06.000";"Não";"Sim";"7040108000157.0";"1885"
"Sim";"24045.0";;"";"S280290000004";"";"";"";"NORDESTE";"0.0";"ETA ITABAIANA";"";"ITABAIANA";"2014/08/06 00:00:00.000";"SAA";"280290";"";"Sim";"ITABAIANA";"2014";"";"";"";"";"Regional";"COMPANHIA DE SANEAMENTO DE SERGIPE";"DESO";;"";"SE";"INTEGRADO AGRESTE";"13018171000190.0";"2014/08/06 08:36:58.000";"Sim";"Não";"13018171000190.0";"80310"
"Sim";"4556.0";;"";"S250510000001";"";"";"";"NORDESTE";"0.0";"SAA DE CUITE";"";"04 GERENCIA REGIONAL DE SAUDE";"2014/08/06 00:00:00.000";"SAA";"250510";"";"Sim";"CUITE";"2014";"";"";"";"";"Regional";"COMPANHIA DE AGUA E ESGOTO DA PARAIBA";"CAGEPA";;"";"PB";"CAGEPA COMPANHIA DE AGUA E ESGOTO DA PARAIBA";"2168943000153.0";"2014/08/06 10:12:30.000";"Sim";"Não";"9123654000187.0";"15445"
"Não";"687.0";;"";"S354300000003";"";"";"";"SUDESTE";"0.0";"ETA DISTRITO CAMPINA DE FORA";"";"GVS XXXII - ITAPEVA";"2014/03/12 00:00:00.000";"SAA";"354300";"";"Sim";"RIBEIRAO BRANCO";"2014";"";"";"";"";"Regional";"COMPANHIA DE SANEAMENTO BASICO DO ESTADO DE SAO PAULO";"SABESP";;"";"SP";"RIBEIRAO BRANCO SABESP";"43776517017406.0";"2014/08/06 10:26:56.000";"Não";"Sim";"43776517000180.0";"2356"
"Não";"1555.0";;"";"S261160000010";"";"";"";"NORDESTE";;"POCO CORREGO DO TIRO III";"";"I REGIONAL DE SAUDE";"2014/05/12 00:00:00.000";"SAA";"261160";"";"Sim";"RECIFE";"2014";"";"";"";"";"Regional";"COMPANHIA PERNAMBUCANA DE SANEAMENTO";"COMPESA";;"";"PE";"GMN NORTE";"9769035000164.0";"2014/08/06 13:26:39.000";"Não";"Sim";"9769035000164.0";"5054"
"Não";"290.0";;"";"S353920000002";"";"";"";"SUDESTE";"0.0";"ITORORO DO PARANAPANEMA 126";"";"GVS XXI - PRESIDENTE PRUDENTE";"2014/08/06 00:00:00.000";"SAA";"353920";"";"Sim";"PIRAPOZINHO";"2014";"";"";"";"";"Regional";"COMPANHIA DE SANEAMENTO BASICO DO ESTADO DE SAO PAULO";"SABESP";;"";"SP";"PIRAPOZINHO SABESP";"43776517037423.0";"2014/08/06 13:52:13.000";"Não";"Sim";"43776517000180.0";"922"
"Não";"211.0";;"";"S230820000002";"";"";"";"NORDESTE";"32.0";"SISAR SAO FRANCISCO";"";"11 REGIONAL DE SAUDE SOBRAL";"2014/08/06 00:00:00.000";"SAA";"230820";"";"Sim";"MERUOCA";"2014";"";"";"";"";"Regional";"SISTEMA INTEGRADO DE SANEAMENTO RURAL";"SISAR";;"";"CE";"SISTEMA INTEGRADO DE SANEAMENTO RURAL DA BACIA DO ACARAU E COREAU BAC";"1090080000186.0";"2014/08/06 14:39:40.000";"Não";"Sim";"5033853000143.0";"827"
"Não";"1079.0";;"";"S290570000009";"";"";"";"NORDESTE";"0.0";"SLA PARAFUSO";"";"01 DIRES / SALVADOR / RMS / NUCLEO LESTE";"2014/02/10 00:00:00.000";"SAA";"290570";"";"Sim";"CAMACARI";"2014";"";"";"";"";"Regional";"EMPRESA BAIANA DE AGUAS E SANEAMENTO SA";"EMBASA";;"";"BA";"UMC CAMACARI";"13504675000110.0";"2014/05/08 09:06:07.000";"Não";"Sim";"13504675000110.0";"3539"
"Não";"151.0";;"";"S412870000002";"";"";"";"SUL";;"VITORINO UT2882";"";"07 RS - PATO BRANCO";"2014/03/19 00:00:00.000";"SAA";"412870";"";"Sim";"VITORINO";"2014";"";"";"";"";"Regional";"COMPANHIA DE SANEAMENTO DO PARANA";"SANEPAR";;"";"PR";"UR PATO BRANCO";"76484013000145.0";"2014/05/15 12:59:53.000";"Não";"Sim";"76484013000145.0";"474"
"Sim";"852.0";;"";"S250403000001";"";"";"";"NORDESTE";"0.0";"SAA DE CAPIM";"";"01 GERENCIA REGIONAL DE SAUDE";"2014/05/16 00:00:00.000";"SAA";"250403";"";"Sim";"CAPIM";"2014";"";"";"";"";"Regional";"COMPANHIA DE AGUA E ESGOTO DA PARAIBA";"CAGEPA";;"";"PB";"CAGEPA COMPANHIA DE AGUA E ESGOTO DA PARAIBA";"2168943000153.0";"2014/05/16 10:54:40.000";"Sim";"Não";"9123654000187.0";"3263"
"Não";"2395.0";;"";"S270400000002";"";"";"";"NORDESTE";;"SAA DE JUNQUEIRO";"";"05 REGIÃO SMC AL";"2014/05/20 00:00:00.000";"SAA";"270400";"";"Sim";"JUNQUEIRO";"2014";"";"";"";"";"Regional";"COMPANHIA DE SANEAMENTO DE ALAGOAS";"CASAL";;"";"AL";"UNIDADE AGRESTE ARAPIRACA";"12294708000181.0";"2014/05/20 09:17:11.000";"Sim";"Não";"12294708000181.0";"8957"
"Não";"1514.0";;"";"S270140000001";"";"";"";"NORDESTE";;"SAA DE CAMPO ALEGRE";"";"05 REGIÃO SMC AL";"2014/05/20 00:00:00.000";"SAA";"270140";"";"Sim";"CAMPO ALEGRE";"2014";"";"";"";"";"Regional";"COMPANHIA DE SANEAMENTO DE ALAGOAS";"CASAL";;"";"AL";"UNIDADE AGRESTE ARAPIRACA";"12294708000181.0";"2014/05/20 09:28:35.000";"Sim";"Não";"12294708000181.0";"7025"
"Sim";"1231.0";;"";"S270820000001";"";"";"";"NORDESTE";;"SAA DE SAO BRAS";"";"06 REGIÃO COR AL";"2014/05/20 00:00:00.000";"SAA";"270820";"";"Sim";"SAO BRAS";"2014";"";"";"";"";"Regional";"COMPANHIA DE SANEAMENTO DE ALAGOAS";"CASAL";;"";"AL";"UNIDADE AGRESTE ARAPIRACA";"12294708000181.0";"2014/05/20 10:57:37.000";"Sim";"Não";"12294708000181.0";"4518"
"Não";"3011.0";;"";"S270680000001";"";"";"";"NORDESTE";;"SAA DE PIACABUCU URBANO";"";"06 REGIÃO COR AL";"2014/05/20 00:00:00.000";"SAA";"270680";"";"Sim";"PIACABUCU";"2014";"";"";"";"";"Regional";"COMPANHIA DE SANEAMENTO DE ALAGOAS";"CASAL";;"";"AL";"UNIDADE AGRESTE ARAPIRACA";"12294708000181.0";"2014/05/20 11:35:23.000";"Sim";"Não";"12294708000181.0";"11111"
"Sim";"1000.0";;"";"S521540000002";"";"";"";"CENTRO-OESTE";"0.0";"OURO VERDE DE GOIAS";"";"REGIONAL CENTRAL";"2014/05/29 00:00:00.000";"SAA";"521540";"";"Sim";"OURO VERDE DE GOIAS";"2014";"";"";"";"";"Regional";"SANEAMENTO DE GOIAS SA";"SANEAGO";;"";"GO";"GRS ANAPOLIS";"1616929000102.0";"2014/05/29 13:40:25.000";"Sim";"Não";"1616929000102.0";"3020"
"Sim";"2250.0";;"";"S520870000003";"";"";"";"CENTRO-OESTE";"0.0";"SAMAMBAIA";"";"REGIONAL CENTRAL";"2014/03/28 00:00:00.000";"SAA";"520870";"";"Sim";"GOIANIA";"2014";"";"";"";"";"Regional";"SANEAMENTO DE GOIAS SA";"SANEAGO";;"";"GO";"PGPO GOIANIA";"1616929000102.0";"2014/05/29 14:04:35.000";"Sim";"Não";"1616929000102.0";"6908"
"Sim";"1250.0";;"";"S520650000001";"";"";"";"CENTRO-OESTE";"0.0";"ETA CROMINIA";"";"REGIONAL CENTRO SUL";"2014/03/17 00:00:00.000";"SAA";"520650";"";"Sim";"CROMINIA";"2014";"";"";"";"";"Regional";"SANEAMENTO DE GOIAS SA";"SANEAGO";;"";"GO";"GRS MORRINHOS";"1616929000102.0";"2014/05/30 11:44:44.000";"Sim";"Não";"1616929000102.0";"3525"
"Sim";"3735.0";;"";"S521530000001";"";"";"";"CENTRO-OESTE";"0.0";"ORIZONA";"";"REGIONAL CENTRO SUL";"2014/01/21 00:00:00.000";"SAA";"521530";"";"Sim";"ORIZONA";"2014";"";"";"";"";"Regional";"SANEAMENTO DE GOIAS SA";"SANEAGO";;"";"GO";"GRS OUVIDOR";"1616929000102.0";"2014/05/30 12:01:59.000";"Sim";"Não";"1616929000102.0";"10944"
"Não";"176.0";;"";"S520545000002";"";"";"";"CENTRO-OESTE";"0.0";"SISTEMA LINDA VISTA";"";"REGIONAL CENTRO SUL";"2014/01/20 00:00:00.000";"SAA";"520545";"";"Sim";"CEZARINA";"2014";"";"";"";"";"Regional";"SANEAMENTO DE GOIAS SA";"SANEAGO";;"";"GO";"GRS PALMEIRAS";"1616929000102.0";"2014/06/02 09:06:16.000";"Não";"Sim";"1616929000102.0";"554"
"Não";"30.0";;"";"S520330000003";"";"";"";"CENTRO-OESTE";;"ETA POVOADO DA CONCEICAO";"";"REGIONAL CENTRO SUL";"2014/01/06 00:00:00.000";"SAA";"520330";"";"Sim";"BELA VISTA DE GOIAS";"2014";"";"";"";"";"Regional";"SANEAMENTO DE GOIAS SA";"SANEAGO";;"";"GO";"PGPO GOIANIA";"1616929000102.0";"2014/06/02 10:21:12.000";"Não";"Sim";"1616929000102.0";"90"
"Não";"699.0";;"";"S411695000001";"";"";"";"SUL";;"NOVA ESPERANCA DO SUDOESTE UT3651";"";"08 RS - FRANCISCO BELTRAO";"2014/03/19 00:00:00.000";"SAA";"411695";"";"Sim";"NOVA ESPERANCA DO SUDOESTE";"2014";"";"";"";"";"Regional";"COMPANHIA DE SANEAMENTO DO PARANA";"SANEPAR";;"";"PR";"UR FRANCISCO BELTRAO";"76484013000145.0";"2014/06/09 11:16:48.000";"Não";"Sim";"76484013000145.0";"2230"
"Não";"195.0";;"";"S411980000002";"";"";"";"SUL";;"CENTRO NOVO UT7711";"";"08 RS - FRANCISCO BELTRAO";"2014/03/19 00:00:00.000";"SAA";"411980";"";"Sim";"PLANALTO";"2014";"";"";"";"";"Regional";"COMPANHIA DE SANEAMENTO DO PARANA";"SANEPAR";;"";"PR";"UR FRANCISCO BELTRAO";"76484013000145.0";"2014/06/09 11:53:48.000";"Não";"Sim";"76484013000145.0";"614"
"Não";"171.0";;"";"S411900000002";"";"";"";"SUL";;"CONCIOLANDIA UT7481";"";"08 RS - FRANCISCO BELTRAO";"2014/03/19 00:00:00.000";"SAA";"411900";"";"Sim";"PEROLA D'OESTE";"2014";"";"";"";"";"Regional";"COMPANHIA DE SANEAMENTO DO PARANA";"SANEPAR";;"";"PR";"UR FRANCISCO BELTRAO";"76484013000145.0";"2014/06/09 12:22:53.000";"Não";"Sim";"76484013000145.0";"530"
"Sim";"843.0";;"";"S412280000001";"";"";"";"SUL";;"SALGADO FILHO UT2341";"";"08 RS - FRANCISCO BELTRAO";"2014/03/19 00:00:00.000";"SAA";"412280";"";"Sim";"SALGADO FILHO";"2014";"";"";"";"";"Regional";"COMPANHIA DE SANEAMENTO DO PARANA";"SANEPAR";;"";"PR";"UR FRANCISCO BELTRAO";"76484013000145.0";"2014/06/09 12:37:20.000";"Sim";"Sim";"76484013000145.0";"2672"
"Não";"826.0";;"";"S410105000001";"";"";"";"SUL";;"ANAHY UT 3251";"";"10 RS - CASCAVEL";"2014/03/19 00:00:00.000";"SAA";"410105";"";"Sim";"ANAHY";"2014";"";"";"";"";"Regional";"COMPANHIA DE SANEAMENTO DO PARANA";"SANEPAR";;"";"PR";"UR CASCAVEL";"76484013000145.0";"2014/06/09 13:43:16.000";"Não";"Sim";"76484013000145.0";"2528"
"Não";"3839.0";;"";"S410460000001";"";"";"";"SUL";"0.0";"CAPITAO LEONIDAS MARQUES UT0691";"";"10 RS - CASCAVEL";"2014/03/19 00:00:00.000";"SAA";"410460";"";"Sim";"CAPITAO LEONIDAS MARQUES";"2014";"";"";"";"";"Regional";"COMPANHIA DE SANEAMENTO DO PARANA";"SANEPAR";;"";"PR";"UR CASCAVEL";"76484013000145.0";"2014/06/09 15:16:30.000";"Não";"Sim";"76484013000145.0";"12016"
"Sim";"4860.0";;"";"S230435000001";"";"";"";"NORDESTE";"233.0";"CAGECE FORQUILHA";"";"11 REGIONAL DE SAUDE SOBRAL";"2014/06/20 00:00:00.000";"SAA";"230435";"";"Sim";"FORQUILHA";"2014";"";"";"";"";"Regional";"COMPANHIA DE AGUA E ESGOTO DO CEARA";"CAGECE";;"";"CE";"UNIDADE DE NEGOCIO DA BACIA DO ACARAU E COREAU UNBAC";"7040108000157.0";"2014/06/20 09:59:50.000";"Não";"Sim";"7040108000157.0";"17156"
"Sim";"1726.0";;"";"S230465000001";"";"";"";"NORDESTE";"94.0";"CAGECE GRACA";"";"11 REGIONAL DE SAUDE SOBRAL";"2014/06/20 00:00:00.000";"SAA";"230465";"";"Sim";"GRACA";"2014";"";"";"";"";"Regional";"COMPANHIA DE AGUA E ESGOTO DO CEARA";"CAGECE";;"";"CE";"UNIDADE DE NEGOCIO DA BACIA DA SERRA DA IBIAPABA UNBSI";"7040108002281.0";"2014/06/20 10:56:18.000";"Sim";"Sim";"7040108000157.0";"6076"
"Sim";"1204.0";;"";"S421000000001";"";"";"";"SUL";;"SISTEMA ISOLADO DE ABASTECIMENTO DE AGUA DE LUIZ ALVES";"";"17ª REGIONAL DE SAÚDE- ITAJAÍ";"2014/01/27 00:00:00.000";"SAA";"421000";"";"Sim";"LUIZ ALVES";"2014";"";"";"";"";"Regional";"COMPANHIA CATARINENSE DE AGUAS E SANEAMENTO";"CASAN";;"";"SC";"SUPERINTENDENCIA REGIONAL METROPOLITANA DA GRANDE FLORIANOPOLIS";"82508433000460.0";"2014/07/03 08:36:19.000";"Sim";"Sim";"82508433000117.0";"4057"
"Sim";"692.0";;"";"S421270000001";"";"";"";"SUL";;"CASAN RIO DE DENTRO";"";"12ª REGIONAL DE SAÚDE- RIO DO SUL";"2014/07/03 00:00:00.000";"SAA";"421270";"";"Sim";"PETROLANDIA";"2014";"";"";"";"";"Regional";"COMPANHIA CATARINENSE DE AGUAS E SANEAMENTO";"CASAN";;"";"SC";"SUPERINTENDENCIA REGIONAL DE NEGOCIOS NORTE VALE DO ITAJAI";"82508433007715.0";"2014/07/03 09:52:33.000";"Sim";"Não";"82508433000117.0";"2221"
"Sim";"12548.0";;"";"S521850000001";"";"";"";"CENTRO-OESTE";"0.0";"QUIRINOPOLIS";"";"REGIONAL SUDOESTE I";"2014/04/03 00:00:00.000";"SAA";"521850";"";"Sim";"QUIRINOPOLIS";"2014";"";"";"";"";"Regional";"SANEAMENTO DE GOIAS SA";"SANEAGO";;"";"GO";"GRS SANTA HELENA DE GOIAS";"1616929000102.0";"2014/07/03 10:57:20.000";"Sim";"Não";"1616929000102.0";"37895"
"Sim";"291.0";;"";"S521880000001";"";"";"";"CENTRO-OESTE";;"OUROANA";"";"REGIONAL SUDOESTE I";"2014/03/20 00:00:00.000";"SAA";"521880";"";"Sim";"RIO VERDE";"2014";"";"";"";"";"Regional";"SANEAMENTO DE GOIAS SA";"SANEAGO";;"";"GO";"GRS RIO VERDE";"1616929000102.0";"2014/07/03 11:06:54.000";"Sim";"Não";"1616929000102.0";"922"
"Sim";"5370.0";;"";"S520013000001";"";"";"";"CENTRO-OESTE";"0.0";"ETA DE ACREUNA";"";"REGIONAL SUDOESTE I";"2014/04/03 00:00:00.000";"SAA";"520013";"";"Sim";"ACREUNA";"2014";"";"";"";"";"Regional";"SANEAMENTO DE GOIAS SA";"SANEAGO";;"";"GO";"GRS SANTA HELENA DE GOIAS";"1616929000102.0";"2014/07/03 11:10:48.000";"Sim";"Sim";"1616929000102.0";"16754"
"Não";"800.0";;"";"S520145000001";"";"";"";"CENTRO-OESTE";"0.0";"APARECIDA DO RIO DOCE";"";"REGIONAL SUDOESTE I";"2014/03/20 00:00:00.000";"SAA";"520145";"";"Sim";"APARECIDA DO RIO DOCE";"2014";"";"";"";"";"Regional";"SANEAMENTO DE GOIAS SA";"SANEAGO";;"";"GO";"GRS RIO VERDE";"1616929000102.0";"2014/07/03 11:12:17.000";"Não";"Sim";"1616929000102.0";"2368"
"Não";"253.0";;"";"S521880000002";"";"";"";"CENTRO-OESTE";"0.0";"RIVERLANDIA";"";"REGIONAL SUDOESTE I";"2014/03/20 00:00:00.000";"SAA";"521880";"";"Sim";"RIO VERDE";"2014";"";"";"";"";"Regional";"SANEAMENTO DE GOIAS SA";"SANEAGO";;"";"GO";"GRS RIO VERDE";"1616929000102.0";"2014/07/03 11:20:19.000";"Não";"Sim";"1616929000102.0";"802"
"Sim";"422.0";;"";"S520013000003";"";"";"";"CENTRO-OESTE";;"CASA DE CLORACAO NOVO HORIZONTE";"";"REGIONAL SUDOESTE I";"2014/04/03 00:00:00.000";"SAA";"520013";"";"Sim";"ACREUNA";"2014";"";"";"";"";"Regional";"SANEAMENTO DE GOIAS SA";"SANEAGO";;"";"GO";"GRS SANTA HELENA DE GOIAS";"1616929000102.0";"2014/07/03 11:36:17.000";"Não";"Sim";"1616929000102.0";"1317"
"Não";"1063.0";;"";"S522155000001";"";"";"";"CENTRO-OESTE";"0.0";"TURVELANDIA";"";"REGIONAL SUDOESTE I";"2014/04/07 00:00:00.000";"SAA";"522155";"";"Sim";"TURVELANDIA";"2014";"";"";"";"";"Regional";"SANEAMENTO DE GOIAS SA";"SANEAGO";;"";"GO";"GRS SANTA HELENA DE GOIAS";"1616929000102.0";"2014/07/03 11:35:15.000";"Não";"Sim";"1616929000102.0";"3391"
"Não";"150.0";;"";"S521880000003";"";"";"";"CENTRO-OESTE";;"GIRASSOL";"";"REGIONAL SUDOESTE I";"2014/03/20 00:00:00.000";"SAA";"521880";"";"Sim";"RIO VERDE";"2014";"";"";"";"";"Regional";"SANEAMENTO DE GOIAS SA";"SANEAGO";;"";"GO";"GRS RIO VERDE";"1616929000102.0";"2014/07/03 11:41:20.000";"Não";"Sim";"1616929000102.0";"476"
"Não";"550.0";;"";"S520013000004";"";"";"";"CENTRO-OESTE";;"ARANTINA";"";"REGIONAL SUDOESTE I";"2014/04/28 00:00:00.000";"SAA";"520013";"";"Sim";"ACREUNA";"2014";"";"";"";"";"Regional";"SANEAMENTO DE GOIAS SA";"SANEAGO";;"";"GO";"GRS SANTA HELENA DE GOIAS";"1616929000102.0";"2014/07/03 13:41:49.000";"Não";"Sim";"1616929000102.0";"1716"
"Sim";"1945.0";;"";"S290770000001";"";"";"";"NORDESTE";"0.0";"SAA DE CHORROCHO";"";"10 DIRES / PAULO AFONSO / NUCLEO NORTE";"2014/03/12 00:00:00.000";"SAA";"290770";"";"Sim";"CHORROCHO";"2014";"";"";"";"";"Regional";"EMPRESA BAIANA DE AGUAS E SANEAMENTO SA";"EMBASA";;"";"BA";"UNP PAULO AFONSO";"13504675000110.0";"2014/07/03 14:03:35.000";"Sim";"Não";"13504675000110.0";"7605"
"Não";"1000.0";;"";"S354830000001";"";"";"";"SUDESTE";"0.0";"SANTO EXPEDITO (142)";"";"GVS XXI - PRESIDENTE PRUDENTE";"2014/07/07 00:00:00.000";"SAA";"354830";"";"Sim";"SANTO EXPEDITO";"2014";"";"";"";"";"Regional";"COMPANHIA DE SANEAMENTO BASICO DO ESTADO DE SAO PAULO";"SABESP";;"";"SP";"SANTO EXPEDITO SABESP";"43776517020539.0";"2014/07/07 09:10:40.000";"Não";"Sim";"43776517000180.0";"2900"
"Não";"1234.0";;"";"S353220000001";"";"";"";"SUDESTE";"0.0";"NARANDIBA";"";"GVS XXI - PRESIDENTE PRUDENTE";"2014/07/07 00:00:00.000";"SAA";"353220";"";"Sim";"NARANDIBA";"2014";"";"";"";"";"Regional";"COMPANHIA DE SANEAMENTO BASICO DO ESTADO DE SAO PAULO";"SABESP";;"";"SP";"NARANDIBA SABESP";"43776517024798.0";"2014/07/07 09:35:45.000";"Não";"Sim";"43776517000180.0";"3961"
"Não";"386.0";;"";"S410185000001";"";"";"";"SUL";;"ARIRANHA DO IVAI UT3291";"";"22 RS - IVAIPORA";"2014/03/19 00:00:00.000";"SAA";"410185";"";"Sim";"ARIRANHA DO IVAI";"2014";"";"";"";"";"Regional";"COMPANHIA DE SANEAMENTO DO PARANA";"SANEPAR";;"";"PR";"UR APUCARANA";"76484013000145.0";"2014/07/07 10:50:04.000";"Não";"Sim";"76484013000145.0";"1177"
"Não";"151.0";;"";"S411342000002";"";"";"";"SUL";;"PORTO UBA UT5701";"";"22 RS - IVAIPORA";"2014/03/19 00:00:00.000";"SAA";"411342";"";"Sim";"LIDIANOPOLIS";"2014";"";"";"";"";"Regional";"COMPANHIA DE SANEAMENTO DO PARANA";"SANEPAR";;"";"PR";"UR APUCARANA";"76484013000145.0";"2014/07/07 12:24:17.000";"Não";"Sim";"76484013000145.0";"445"
"Sim";"1200.0";;"";"S411375000001";"";"";"";"SUL";;"LUNARDELLI UT2911";"";"22 RS - IVAIPORA";"2014/03/19 00:00:00.000";"SAA";"411375";"";"Sim";"LUNARDELLI";"2014";"";"";"";"";"Regional";"COMPANHIA DE SANEAMENTO DO PARANA";"SANEPAR";;"";"PR";"UR APUCARANA";"76484013000145.0";"2014/07/07 12:29:50.000";"Sim";"Sim";"76484013000145.0";"3564"
"Não";"681.0";;"";"S411727000001";"";"";"";"SUL";;"NOVA TEBAS UT3181";"";"22 RS - IVAIPORA";"2014/03/19 00:00:00.000";"SAA";"411727";"";"Sim";"NOVA TEBAS";"2014";"";"";"";"";"Regional";"COMPANHIA DE SANEAMENTO DO PARANA";"SANEPAR";;"";"PR";"UR GUARAPUAVA";"76484013000145.0";"2014/07/07 12:46:12.000";"Não";"Sim";"76484013000145.0";"2138"
"Não";"171.0";;"";"S411727000002";"";"";"";"SUL";;"POEMA UT7841";"";"22 RS - IVAIPORA";"2014/03/19 00:00:00.000";"SAA";"411727";"";"Sim";"NOVA TEBAS";"2014";"";"";"";"";"Regional";"COMPANHIA DE SANEAMENTO DO PARANA";"SANEPAR";;"";"PR";"UR GUARAPUAVA";"76484013000145.0";"2014/07/07 12:51:21.000";"Não";"Sim";"76484013000145.0";"537"
"Sim";"909.0";;"";"S412265000001";"";"";"";"SUL";;"ROSARIO DO IVAI UT3141";"";"22 RS - IVAIPORA";"2014/03/19 00:00:00.000";"SAA";"412265";"";"Sim";"ROSARIO DO IVAI";"2014";"";"";"";"";"Regional";"COMPANHIA DE SANEAMENTO DO PARANA";"SANEPAR";;"";"PR";"UR APUCARANA";"76484013000145.0";"2014/07/07 13:07:56.000";"Sim";"Não";"76484013000145.0";"2827"
"Não";"280.0";;"";"S412500000003";"";"";"";"SUL";;"LUAR UT6161";"";"22 RS - IVAIPORA";"2014/03/19 00:00:00.000";"SAA";"412500";"";"Sim";"SAO JOAO DO IVAI";"2014";"";"";"";"";"Regional";"COMPANHIA DE SANEAMENTO DO PARANA";"SANEPAR";;"";"PR";"UR APUCARANA";"76484013000145.0";"2014/07/07 13:39:29.000";"Não";"Sim";"76484013000145.0";"820"
"Não";"1000.0";;"";"S354450000001";"";"";"";"SUDESTE";"219.0";"UTA RUBINEIA";"";"GVS XXX - JALES";"2014/02/17 00:00:00.000";"SAA";"354450";"";"Sim";"RUBINEIA";"2014";"";"";"";"";"Regional";"COMPANHIA DE SANEAMENTO BASICO DO ESTADO DE SAO PAULO";"SABESP";;"";"SP";"RUBINEIA SABESP";"10235666000182.0";"2014/07/07 13:16:58.000";"Não";"Sim";"43776517000180.0";"2870"
"Sim";"142908.0";;"";"S410690000002";"";"";"";"SUL";;"CURITIBA UT0012";"";"02 RS - CURITIBA";"2014/03/19 00:00:00.000";"SAA";"410690";"";"Sim";"CURITIBA";"2014";"";"";"";"";"Regional";"COMPANHIA DE SANEAMENTO DO PARANA";"SANEPAR";;"";"PR";"US PRODUCAO DE CURITIBA USPD";"76484013000145.0";"2014/07/07 14:45:50.000";"Sim";"Não";"76484013000145.0";"433011"
"Sim";"181908.0";;"";"S410690000004";"";"";"";"SUL";"0.0";"CURITIBA UT0014";"";"02 RS - CURITIBA";"2014/03/19 00:00:00.000";"SAA";"410690";"";"Sim";"CURITIBA";"2014";"";"";"";"";"Regional";"COMPANHIA DE SANEAMENTO DO PARANA";"SANEPAR";;"";"PR";"US PRODUCAO DE CURITIBA USPD";"76484013000145.0";"2014/07/07 14:57:18.000";"Sim";"Não";"76484013000145.0";"551181"
"Não";"3459.0";;"";"S290920000001";"";"";"";"NORDESTE";"0.0";"SAA DE CORONEL JOAO SA";"";"11 DIRES / CICERO DANTAS / NUCLEO NORDESTE";"2014/03/12 00:00:00.000";"SAA";"290920";"";"Sim";"CORONEL JOAO SA";"2014";"";"";"";"";"Regional";"EMPRESA BAIANA DE AGUAS E SANEAMENTO SA";"EMBASA";;"";"BA";"UNP PAULO AFONSO";"13504675000110.0";"2014/07/07 15:33:18.000";"Não";"Sim";"13504675000110.0";"12037"
"Sim";;;"";"S354840000001";"";"";"";"SUDESTE";;"SANTOPOLIS DO AGUAPEI (24)";"";"GVS XI - ARAÇATUBA";"2014/07/11 00:00:00.000";"SAA";"351650";"";"Sim";"GABRIEL MONTEIRO";"2014";"";"";"";"";"Regional";"COMPANHIA DE SANEAMENTO BASICO DO ESTADO DE SAO PAULO";"SABESP";;"";"SP";"SANTOPOLIS DO AGUAPEI";"43776517058269.0";"2014/07/11 08:23:44.000";"Sim";"Não";"43776517000180.0";"0"
"Sim";;;"";"S354840000001";"";"";"";"SUDESTE";;"SANTOPOLIS DO AGUAPEI (24)";"";"GVS XI - ARAÇATUBA";"2014/07/11 00:00:00.000";"SAA";"353770";"";"Sim";"PIACATU";"2014";"";"";"";"";"Regional";"COMPANHIA DE SANEAMENTO BASICO DO ESTADO DE SAO PAULO";"SABESP";;"";"SP";"SANTOPOLIS DO AGUAPEI";"43776517058269.0";"2014/07/11 08:23:44.000";"Sim";"Não";"43776517000180.0";"0"
"Sim";"1400.0";;"";"S354840000001";"";"";"";"SUDESTE";"0.0";"SANTOPOLIS DO AGUAPEI (24)";"";"GVS XI - ARAÇATUBA";"2014/07/11 00:00:00.000";"SAA";"354840";"";"Sim";"SANTOPOLIS DO AGUAPEI";"2014";"";"";"";"";"Regional";"COMPANHIA DE SANEAMENTO BASICO DO ESTADO DE SAO PAULO";"SABESP";;"";"SP";"SANTOPOLIS DO AGUAPEI";"43776517058269.0";"2014/07/11 08:23:44.000";"Sim";"Não";"43776517000180.0";"4438"
"Sim";"26948.0";;"";"S420540000008";"";"";"";"SUL";"0.0";"SISTEMA COSTA LESTE";"";"18ª REGIONAL DE SAÚDE- GRANDE FLORIANÓPOLIS";"2014/03/18 00:00:00.000";"SAA";"420540";"";"Sim";"FLORIANOPOLIS";"2014";"";"";"";"";"Regional";"COMPANHIA CATARINENSE DE AGUAS E SANEAMENTO";"CASAN";;"";"SC";"SUPERINTENDENCIA REGIONAL METROPOLITANA DA GRANDE FLORIANOPOLIS";"82508433000460.0";"2014/07/11 08:35:23.000";"Sim";"Sim";"82508433000117.0";"76532"
"Sim";"2865.0";;"";"S230670000001";"";"";"";"NORDESTE";"135.0";"CAGECE JAGUARETAMA";"";"09 REGIONAL DE SAUDE RUSSAS";"2014/07/11 00:00:00.000";"SAA";"230670";"";"Sim";"JAGUARETAMA";"2014";"";"";"";"";"Regional";"COMPANHIA DE AGUA E ESGOTO DO CEARA";"CAGECE";;"";"CE";"UNIDADE DE NEGOCIO DA BACIA DE BANABUIU UNBBA";"7040108000157.0";"2014/07/11 09:13:33.000";"Sim";"Não";"7040108000157.0";"9884"
"Sim";"5278.0";;"";"S290820000001";"";"";"";"NORDESTE";"0.0";"SIAA DE FEIRA DE SANTANA";"";"31 DIRES / CRUZ DAS ALMAS / NUCLEO LESTE";"2014/05/06 00:00:00.000";"SAA";"290820";"";"Sim";"CONCEICAO DA FEIRA";"2014";"";"";"";"";"Regional";"EMPRESA BAIANA DE AGUAS E SANEAMENTO SA";"EMBASA";;"";"BA";"UNF FEIRA DE SANTANA";"13504675000110.0";"2014/07/11 08:50:37.000";"Sim";"Não";"13504675000110.0";"18895"
"Sim";"1503.0";;"";"S290820000001";"";"";"";"NORDESTE";"0.0";"SIAA DE FEIRA DE SANTANA";"";"02 DIRES / FEIRA DE SANTANA / NUCLEO CENTRO-LESTE";"2014/05/06 00:00:00.000";"SAA";"292750";"";"Sim";"SANTA BARBARA";"2014";"";"";"";"";"Regional";"EMPRESA BAIANA DE AGUAS E SANEAMENTO SA";"EMBASA";;"";"BA";"UNF FEIRA DE SANTANA";"13504675000110.0";"2014/07/11 08:50:37.000";"Sim";"Não";"13504675000110.0";"5291"
"Sim";"594.0";;"";"S290820000001";"";"";"";"NORDESTE";"0.0";"SIAA DE FEIRA DE SANTANA";"";"02 DIRES / FEIRA DE SANTANA / NUCLEO CENTRO-LESTE";"2014/05/06 00:00:00.000";"SAA";"292830";"";"Sim";"SANTANOPOLIS";"2014";"";"";"";"";"Regional";"EMPRESA BAIANA DE AGUAS E SANEAMENTO SA";"EMBASA";;"";"BA";"UNF FEIRA DE SANTANA";"13504675000110.0";"2014/07/11 08:50:37.000";"Sim";"Não";"13504675000110.0";"2097"
"Sim";"1469.0";;"";"S290820000001";"";"";"";"NORDESTE";"0.0";"SIAA DE FEIRA DE SANTANA";"";"02 DIRES / FEIRA DE SANTANA / NUCLEO CENTRO-LESTE";"2014/05/06 00:00:00.000";"SAA";"292930";"";"Sim";"SAO GONCALO DOS CAMPOS";"2014";"";"";"";"";"Regional";"EMPRESA BAIANA DE AGUAS E SANEAMENTO SA";"EMBASA";;"";"BA";"UNF FEIRA DE SANTANA";"13504675000110.0";"2014/07/11 08:50:37.000";"Sim";"Não";"13504675000110.0";"5421"
"Sim";"1974.0";;"";"S290820000001";"";"";"";"NORDESTE";"0.0";"SIAA DE FEIRA DE SANTANA";"";"02 DIRES / FEIRA DE SANTANA / NUCLEO CENTRO-LESTE";"2014/05/06 00:00:00.000";"SAA";"293110";"";"Sim";"TANQUINHO";"2014";"";"";"";"";"Regional";"EMPRESA BAIANA DE AGUAS E SANEAMENTO SA";"EMBASA";;"";"BA";"UNF FEIRA DE SANTANA";"13504675000110.0";"2014/07/11 08:50:37.000";"Sim";"Não";"13504675000110.0";"7106"
"Sim";"180.0";;"";"S290820000001";"";"";"";"NORDESTE";"0.0";"SIAA DE FEIRA DE SANTANA";"";"02 DIRES / FEIRA DE SANTANA / NUCLEO CENTRO-LESTE";"2014/05/06 00:00:00.000";"SAA";"290640";"";"Sim";"CANDEAL";"2014";"";"";"";"";"Regional";"EMPRESA BAIANA DE AGUAS E SANEAMENTO SA";"EMBASA";;"";"BA";"UNF FEIRA DE SANTANA";"13504675000110.0";"2014/07/11 08:50:37.000";"Sim";"Não";"13504675000110.0";"626"
"Sim";"1469.0";;"";"S290820000001";"";"";"";"NORDESTE";"0.0";"SIAA DE FEIRA DE SANTANA";"";"31 DIRES / CRUZ DAS ALMAS / NUCLEO LESTE";"2014/05/06 00:00:00.000";"SAA";"290490";"";"Sim";"CACHOEIRA";"2014";"";"";"";"";"Regional";"EMPRESA BAIANA DE AGUAS E SANEAMENTO SA";"EMBASA";;"";"BA";"UNF FEIRA DE SANTANA";"13504675000110.0";"2014/07/11 08:50:37.000";"Sim";"Não";"13504675000110.0";"4965"
"Sim";"151534.0";;"";"S290820000001";"";"";"";"NORDESTE";"0.0";"SIAA DE FEIRA DE SANTANA";"";"02 DIRES / FEIRA DE SANTANA / NUCLEO CENTRO-LESTE";"2014/05/06 00:00:00.000";"SAA";"291080";"";"Sim";"FEIRA DE SANTANA";"2014";"";"";"";"";"Regional";"EMPRESA BAIANA DE AGUAS E SANEAMENTO SA";"EMBASA";;"";"BA";"UNF FEIRA DE SANTANA";"13504675000110.0";"2014/07/11 08:50:37.000";"Sim";"Não";"13504675000110.0";"516731"
"Não";"1056.0";;"";"S420540000009";"";"";"";"SUL";"0.0";"SISTEMA RIO VERMELHO";"";"18ª REGIONAL DE SAÚDE- GRANDE FLORIANÓPOLIS";"2014/03/18 00:00:00.000";"SAA";"420540";"";"Sim";"FLORIANOPOLIS";"2014";"";"";"";"";"Regional";"COMPANHIA CATARINENSE DE AGUAS E SANEAMENTO";"CASAN";;"";"SC";"SUPERINTENDENCIA REGIONAL METROPOLITANA DA GRANDE FLORIANOPOLIS";"82508433000460.0";"2014/07/11 09:20:34.000";"Não";"Sim";"82508433000117.0";"2999"
"Sim";"300.0";;"";"S280330000002";"";"";"";"NORDESTE";"300.0";"ETA DE BADAJOS";"";"NOSSA SENHORA DO SOCORRO";"2014/07/11 00:00:00.000";"SAA";"280330";"";"Sim";"JAPARATUBA";"2014";"";"";"";"";"Regional";"COMPANHIA DE SANEAMENTO DE SERGIPE";"DESO";;"";"SE";"DESO JAPARATUBA";"13018171000190.0";"2014/07/11 10:20:48.000";"Sim";"Não";"13018171000190.0";"1068"
"Não";"165.0";;"";"S521220000001";"";"";"";"CENTRO-OESTE";;"JUSSARA";"";"REGIONAL RIO VERMELHO";"2014/05/14 00:00:00.000";"SAA";"521220";"";"Sim";"JUSSARA";"2014";"";"";"";"";"Regional";"SANEAMENTO DE GOIAS SA";"SANEAGO";;"";"GO";"GRS IPORA";"1616929000102.0";"2014/07/11 10:31:44.000";"Não";"Sim";"1616929000102.0";"488"
"Não";"64.0";;"";"S410425000005";"";"";"";"SUL";"0.0";"RETIRO UT7261";"";"02 RS - CURITIBA";"2014/03/19 00:00:00.000";"SAA";"410425";"";"Sim";"CAMPO MAGRO";"2014";"";"";"";"";"Regional";"COMPANHIA DE SANEAMENTO DO PARANA";"SANEPAR";;"";"PR";"US PRODUCAO DE CURITIBA USPD";"76484013000145.0";"2014/07/11 11:21:11.000";"Não";"Sim";"76484013000145.0";"214"
"Sim";"60.0";;"";"S280330000007";"";"";"";"NORDESTE";"60.0";"ETA COTOLOCO";"";"NOSSA SENHORA DO SOCORRO";"2014/07/11 00:00:00.000";"SAA";"280330";"";"Sim";"JAPARATUBA";"2014";"";"";"";"";"Regional";"COMPANHIA DE SANEAMENTO DE SERGIPE";"DESO";;"";"SE";"DESO JAPARATUBA";"13018171000190.0";"2014/07/11 11:41:54.000";"Sim";"Não";"13018171000190.0";"214"
"Não";"3363.0";;"";"S410620000001";"";"";"";"SUL";;"CANTENDA UT0831";"";"02 RS - CURITIBA";"2014/03/19 00:00:00.000";"SAA";"410620";"";"Sim";"CONTENDA";"2014";"";"";"";"";"Regional";"COMPANHIA DE SANEAMENTO DO PARANA";"SANEPAR";;"";"PR";"US PRODUCAO DE CURITIBA USPD";"76484013000145.0";"2014/07/11 12:00:11.000";"Não";"Sim";"76484013000145.0";"11401"
"Não";"140.0";;"";"S411320000001";"";"";"";"SUL";"0.0";"CANOEIRO UT8331";"";"02 RS - CURITIBA";"2014/03/19 00:00:00.000";"SAA";"411320";"";"Sim";"LAPA";"2014";"";"";"";"";"Regional";"COMPANHIA DE SANEAMENTO DO PARANA";"SANEPAR";;"";"PR";"US PRODUCAO DE CURITIBA USPD";"76484013000145.0";"2014/07/11 12:27:55.000";"Não";"Sim";"76484013000145.0";"445"
"Sim";"922.0";;"";"S411320000003";"";"";"";"SUL";"0.0";"MARIENTAL UT4351";"";"02 RS - CURITIBA";"2014/03/19 00:00:00.000";"SAA";"411320";"";"Sim";"LAPA";"2014";"";"";"";"";"Regional";"COMPANHIA DE SANEAMENTO DO PARANA";"SANEPAR";;"";"PR";"US PRODUCAO DE CURITIBA USPD";"76484013000145.0";"2014/07/11 12:40:21.000";"Sim";"Sim";"76484013000145.0";"2932"
"Não";"132.0";;"";"S411430000001";"";"";"";"SUL";;"ESPIGAO DAS ANTAS UT6991";"";"02 RS - CURITIBA";"2014/03/19 00:00:00.000";"SAA";"411430";"";"Sim";"MANDIRITUBA";"2014";"";"";"";"";"Regional";"COMPANHIA DE SANEAMENTO DO PARANA";"SANEPAR";;"";"PR";"US PRODUCAO DE CURITIBA USPD";"76484013000145.0";"2014/07/11 14:00:28.000";"Não";"Sim";"76484013000145.0";"436"
"Não";"0.0";;"";"S411370000011";"";"";"";"SUL";;"GUAIRACA UT6611";"";"17 RS - LONDRINA";"2014/03/19 00:00:00.000";"SAA";"411370";"";"Sim";"LONDRINA";"2014";"";"";"";"";"Regional";"COMPANHIA DE SANEAMENTO DO PARANA";"SANEPAR";;"";"PR";"GIDLD LONDRINA";"76484013000145.0";"2014/07/16 11:26:16.000";"Não";"Sim";"76484013000145.0";"0"
"Não";"90.0";;"";"S330430000004";"";"";"";"SUDESTE";"0.0";"POÇO BOA ESPERANÇA";"";"METROPOLITANA II";"2014/07/16 00:00:00.000";"SAA";"330430";"";"Sim";"RIO BONITO";"2014";"";"";"";"";"Regional";"COMPANHIA ESTADUAL DE AGUAS E ESGOTOS";"CEDAE";;"";"RJ";"GERENCIA LESTE";"33352394000104.0";"2014/07/16 11:57:24.000";"Não";"Sim";"33352394000104.0";"288"
"Não";"5594.0";;"";"S291370000001";"";"";"";"NORDESTE";"0.0";"SLAA DE INHAMBUPE";"";"03 DIRES / ALAGOINHAS / NUCLEO NORDESTE";"2014/02/20 00:00:00.000";"SAA";"291370";"";"Sim";"INHAMBUPE";"2014";"";"";"";"";"Regional";"EMPRESA BAIANA DE AGUAS E SANEAMENTO SA";"EMBASA";;"";"BA";"UNA ALAGOINHAS";"13504675000110.0";"2014/07/16 14:07:57.000";"Não";"Sim";"13504675000110.0";"19971"
"Não";"3206.0";;"";"S290190000001";"";"";"";"NORDESTE";"0.0";"SLAA DE ITAMIRA";"";"03 DIRES / ALAGOINHAS / NUCLEO NORDESTE";"2014/02/20 00:00:00.000";"SAA";"290190";"";"Sim";"APORA";"2014";"";"";"";"";"Regional";"EMPRESA BAIANA DE AGUAS E SANEAMENTO SA";"EMBASA";;"";"BA";"UNA ALAGOINHAS";"13504675000110.0";"2014/07/16 14:25:11.000";"Não";"Sim";"13504675000110.0";"10965"
"Sim";"3624.0";;"";"S230015000001";"";"";"";"NORDESTE";"276.0";"SISTEMA ACARAPE DO MEIO";"";"03 REGIONAL DE SAUDE MARACANAU";"2014/07/16 00:00:00.000";"SAA";"230015";"";"Sim";"ACARAPE";"2014";"";"";"";"";"Regional";"COMPANHIA DE AGUA E ESGOTO DO CEARA";"CAGECE";;"";"CE";"UNIDADE DE NEGOCIO DA BACIA METROPOLITANA UNBME";"7040108000157.0";"2014/07/16 14:41:46.000";"Sim";"Não";"7040108000157.0";"13264"
"Sim";"7143.0";;"";"S230015000001";"";"";"";"NORDESTE";"499.0";"SISTEMA ACARAPE DO MEIO";"";"03 REGIONAL DE SAUDE MARACANAU";"2014/07/16 00:00:00.000";"SAA";"231160";"";"Sim";"REDENCAO";"2014";"";"";"";"";"Regional";"COMPANHIA DE AGUA E ESGOTO DO CEARA";"CAGECE";;"";"CE";"UNIDADE DE NEGOCIO DA BACIA METROPOLITANA UNBME";"7040108000157.0";"2014/07/16 14:41:46.000";"Sim";"Não";"7040108000157.0";"25429"
"Não";"994.0";;"";"S410940000001";"";"";"";"SUL";;"PALMEIRINHA UT5061";"";"05 RS - GUARAPUAVA";"2014/03/19 00:00:00.000";"SAA";"410940";"";"Sim";"GUARAPUAVA";"2014";"";"";"";"";"Regional";"COMPANHIA DE SANEAMENTO DO PARANA";"SANEPAR";;"";"PR";"UR GUARAPUAVA";"76484013000145.0";"2014/05/07 13:06:12.000";"Não";"Sim";"76484013000145.0";"3260"
"Não";"134.0";;"";"S410940000005";"";"";"";"SUL";;"ENTRE RIOS UT4891";"";"05 RS - GUARAPUAVA";"2014/03/19 00:00:00.000";"SAA";"410940";"";"Sim";"GUARAPUAVA";"2014";"";"";"";"";"Regional";"COMPANHIA DE SANEAMENTO DO PARANA";"SANEPAR";;"";"PR";"UR GUARAPUAVA";"76484013000145.0";"2014/05/07 14:01:59.000";"Não";"Sim";"76484013000145.0";"440"
"Sim";"48525.0";;"";"S410940000007";"";"";"";"SUL";;"GUARAPUAVA UT1131";"";"05 RS - GUARAPUAVA";"2014/03/19 00:00:00.000";"SAA";"410940";"";"Sim";"GUARAPUAVA";"2014";"";"";"";"";"Regional";"COMPANHIA DE SANEAMENTO DO PARANA";"SANEPAR";;"";"PR";"UR GUARAPUAVA";"76484013000145.0";"2014/05/07 14:18:39.000";"Sim";"Não";"76484013000145.0";"159162"
"Não";"125.0";;"";"S410940000008";"";"";"";"SUL";;"VILA OPERARIA J CURY UT8601";"";"05 RS - GUARAPUAVA";"2014/03/19 00:00:00.000";"SAA";"410940";"";"Sim";"GUARAPUAVA";"2014";"";"";"";"";"Regional";"COMPANHIA DE SANEAMENTO DO PARANA";"SANEPAR";;"";"PR";"UR GUARAPUAVA";"76484013000145.0";"2014/05/07 14:25:16.000";"Não";"Sim";"76484013000145.0";"410"
"Sim";"8822.0";;"";"S411330000001";"";"";"";"SUL";;"LARANJEIRAS DO SUL UT1491";"";"05 RS - GUARAPUAVA";"2014/03/19 00:00:00.000";"SAA";"411330";"";"Sim";"LARANJEIRAS DO SUL";"2014";"";"";"";"";"Regional";"COMPANHIA DE SANEAMENTO DO PARANA";"SANEPAR";;"";"PR";"UR GUARAPUAVA";"76484013000145.0";"2014/05/07 14:35:24.000";"Sim";"Sim";"76484013000145.0";"28142"
"Sim";"726.0";;"";"S411870000001";"";"";"";"SUL";;"PAULO FRONTIN UT1971";"";"06 RS - UNIAO DA VITORIA";"2014/03/19 00:00:00.000";"SAA";"411870";"";"Sim";"PAULO FRONTIN";"2014";"";"";"";"";"Regional";"COMPANHIA DE SANEAMENTO DO PARANA";"SANEPAR";;"";"PR";"UR UNIAO DA VITORIA";"76484013000145.0";"2014/05/12 10:34:38.000";"Sim";"Não";"76484013000145.0";"2301"
"Não";"120.0";;"";"S411870000002";"";"";"";"SUL";;"SAO ROQUE UT4881";"";"06 RS - UNIAO DA VITORIA";"2014/03/19 00:00:00.000";"SAA";"411870";"";"Sim";"PAULO FRONTIN";"2014";"";"";"";"";"Regional";"COMPANHIA DE SANEAMENTO DO PARANA";"SANEPAR";;"";"PR";"UR UNIAO DA VITORIA";"76484013000145.0";"2014/05/12 10:52:07.000";"Não";"Sim";"76484013000145.0";"380"
"Não";"694.0";;"";"S412030000001";"";"";"";"SUL";;"PORTO VITORIA UT2111";"";"06 RS - UNIAO DA VITORIA";"2014/03/19 00:00:00.000";"SAA";"412030";"";"Sim";"PORTO VITORIA";"2014";"";"";"";"";"Regional";"COMPANHIA DE SANEAMENTO DO PARANA";"SANEPAR";;"";"PR";"UR UNIAO DA VITORIA";"76484013000145.0";"2014/05/12 11:05:57.000";"Não";"Sim";"76484013000145.0";"2297"
"Não";"2282.0";;"";"S270020000001";"";"";"";"NORDESTE";"0.0";"SAA DE ANADIA";"";"05 REGIÃO SMC AL";"2014/05/12 00:00:00.000";"SAA";"270020";"";"Sim";"ANADIA";"2014";"";"";"";"";"Regional";"COMPANHIA DE SANEAMENTO DE ALAGOAS";"CASAL";;"";"AL";"UNIDADE SERRANA P DOS INDIOS";"12294708000181.0";"2014/05/12 11:07:06.000";"Sim";"Não";"12294708000181.0";"8512"
"Sim";"4587.0";;"";"S410540000001";"";"";"";"SUL";;"CHOPINZINHO UT0751";"";"07 RS - PATO BRANCO";"2014/03/19 00:00:00.000";"SAA";"410540";"";"Sim";"CHOPINZINHO";"2014";"";"";"";"";"Regional";"COMPANHIA DE SANEAMENTO DO PARANA";"SANEPAR";;"";"PR";"UR PATO BRANCO";"76484013000145.0";"2014/05/12 11:29:07.000";"Sim";"Não";"76484013000145.0";"14541"
"Sim";"4961.0";;"";"S410570000001";"";"";"";"SUL";;"CLEVELANDIA UT0781";"";"07 RS - PATO BRANCO";"2014/03/19 00:00:00.000";"SAA";"410570";"";"Sim";"CLEVELANDIA";"2014";"";"";"";"";"Regional";"COMPANHIA DE SANEAMENTO DO PARANA";"SANEPAR";;"";"PR";"UR PATO BRANCO";"76484013000145.0";"2014/05/12 11:33:58.000";"Sim";"Sim";"76484013000145.0";"15925"
"Não";"777.0";;"";"S410645000001";"";"";"";"SUL";;"CORONEL DOMINGOS SOARES UT3811";"";"07 RS - PATO BRANCO";"2014/03/19 00:00:00.000";"SAA";"410645";"";"Sim";"CORONEL DOMINGOS SOARES";"2014";"";"";"";"";"Regional";"COMPANHIA DE SANEAMENTO DO PARANA";"SANEPAR";;"";"PR";"UR PATO BRANCO";"76484013000145.0";"2014/05/12 11:56:55.000";"Não";"Sim";"76484013000145.0";"2720"
"Sim";"5445.0";;"";"S410650000001";"";"";"";"SUL";;"CORONEL VIVIDA UT0851";"";"07 RS - PATO BRANCO";"2014/03/19 00:00:00.000";"SAA";"410650";"";"Sim";"CORONEL VIVIDA";"2014";"";"";"";"";"Regional";"COMPANHIA DE SANEAMENTO DO PARANA";"SANEPAR";;"";"PR";"UR PATO BRANCO";"76484013000145.0";"2014/05/12 12:17:15.000";"Sim";"Não";"76484013000145.0";"17043"
"Não";"653.0";;"";"S410965000001";"";"";"";"SUL";;"HONORIO SERPA UT3421";"";"07 RS - PATO BRANCO";"2014/03/19 00:00:00.000";"SAA";"410965";"";"Sim";"HONORIO SERPA";"2014";"";"";"";"";"Regional";"COMPANHIA DE SANEAMENTO DO PARANA";"SANEPAR";;"";"PR";"UR PATO BRANCO";"76484013000145.0";"2014/05/12 12:28:25.000";"Não";"Sim";"76484013000145.0";"2201"
"Sim";"37734.0";;"";"S351350000004";"";"";"";"SUDESTE";;"ETA3";"";"GVS XXV - SANTOS";"2014/03/18 00:00:00.000";"SAA";"351350";"";"Sim";"CUBATAO";"2014";"";"";"";"";"Regional";"COMPANHIA DE SANEAMENTO BASICO DO ESTADO DE SAO PAULO";"SABESP";;"";"SP";"CUBATAO SABESP";"43776517020881.0";"2014/05/09 09:44:12.000";"Sim";"Não";"43776517000180.0";"122636"
"Sim";"20.0";;"";"S351350000004";"";"";"";"SUDESTE";;"ETA3";"";"GVS XXV - SANTOS";"2014/03/18 00:00:00.000";"SAA";"354850";"";"Sim";"SANTOS";"2014";"";"";"";"";"Regional";"COMPANHIA DE SANEAMENTO BASICO DO ESTADO DE SAO PAULO";"SABESP";;"";"SP";"CUBATAO SABESP";"43776517020881.0";"2014/05/09 09:44:12.000";"Sim";"Não";"43776517000180.0";"58"
"Sim";"20.0";;"";"S351350000004";"";"";"";"SUDESTE";;"ETA3";"";"GVS XXV - SANTOS";"2014/03/18 00:00:00.000";"SAA";"355100";"";"Sim";"SAO VICENTE";"2014";"";"";"";"";"Regional";"COMPANHIA DE SANEAMENTO BASICO DO ESTADO DE SAO PAULO";"SABESP";;"";"SP";"CUBATAO SABESP";"43776517020881.0";"2014/05/09 09:44:12.000";"Sim";"Não";"43776517000180.0";"65"
"Sim";"20.0";;"";"S351350000004";"";"";"";"SUDESTE";;"ETA3";"";"GVS XXV - SANTOS";"2014/03/18 00:00:00.000";"SAA";"354100";"";"Sim";"PRAIA GRANDE";"2014";"";"";"";"";"Regional";"COMPANHIA DE SANEAMENTO BASICO DO ESTADO DE SAO PAULO";"SABESP";;"";"SP";"CUBATAO SABESP";"43776517020881.0";"2014/05/09 09:44:12.000";"Sim";"Não";"43776517000180.0";"63"
"Sim";"1660.0";;"";"S431650000001";"";"";"";"SUL";;"SALVADOR DO SUL";"";"1ª CRS";"2014/05/14 00:00:00.000";"SAA";"431650";"";"Sim";"SALVADOR DO SUL";"2014";"";"";"";"";"Regional";"COMPANHIA RIOGRANDENSE DE SANEAMENTO";"CORSAN";;"";"RS";"SUPERINTENDENCIA REGIONAL NORDESTE SURNE";"92802784036895.0";"2014/05/14 11:14:22.000";"Sim";"Não";"92802784000190.0";"5063"
"Não";"2577.0";;"";"S412260000001";"";"";"";"SUL";;"RONDON UT2321";"";"13 RS - CIANORTE";"2014/03/19 00:00:00.000";"SAA";"412260";"";"Sim";"RONDON";"2014";"";"";"";"";"Regional";"COMPANHIA DE SANEAMENTO DO PARANA";"SANEPAR";;"";"PR";"UR UMUARAMA";"76484013000145.0";"2014/05/15 14:26:47.000";"Não";"Sim";"76484013000145.0";"8246"